fecha,latitud,longitud,T2M,T2M_MAX,T2M_MIN,PRECTOTCORR,RH2M,WS10M,ALLSKY_SFC_SW_DWN,sm_surface,sm_rootzone,sm_surface_wetness,sm_rootzone_wetness,soil_temp_layer1_celsius,observaciones_smap
2020-01-01,7.119,-73.122,18.98,25.31,13.92,17.8,77.7,1.74,16.09,0.2092947158962487,0.1473568398505449,0.4881977923214435,0.3436980843544006,19.61197433471682,8
2020-01-02,7.119,-73.122,18.51,26.06,11.65,1.36,74.1,1.92,22.14,0.18893139436841,0.1418089997023343,0.4406838938593864,0.3307951241731643,18.845517730712917,8
2020-01-03,7.119,-73.122,18.66,26.28,11.33,0.0,69.87,2.06,22.11,0.1769526600837707,0.1373762357980012,0.4127665758132934,0.3204614967107773,18.476171112060573,8
2020-01-04,7.119,-73.122,18.83,25.78,12.36,0.3,70.89,2.09,22.37,0.1640664283186197,0.1340012848377227,0.3827276937663555,0.3125916309654712,19.129548645019558,8
2020-01-05,7.119,-73.122,18.79,24.68,13.47,0.34,80.17,1.73,20.17,0.1580028664320706,0.1317928470671176,0.3685765489935875,0.3073990121483803,19.28074035644533,8
2020-01-06,7.119,-73.122,18.76,25.04,13.28,0.56,79.16,1.89,20.72,0.1550704818218946,0.1300525721162557,0.3616903983056545,0.3034173771739005,18.766378021240257,8
2020-01-07,7.119,-73.122,19.14,26.57,13.54,0.13,72.1,1.77,21.92,0.1519648991525172,0.1286009605973958,0.3545018918812275,0.2999848574399948,18.616227722167995,8
2020-01-08,7.119,-73.122,18.76,26.27,12.2,0.02,70.97,1.93,21.46,0.1484044604003429,0.12701216340065,0.346207246184349,0.2962632104754447,18.67621765136721,8
2020-01-09,7.119,-73.122,19.08,26.9,13.44,0.0,65.62,2.47,23.4,0.1465021893382072,0.1255884561687707,0.3417317867279053,0.2929550521075725,18.43555984497073,8
2020-01-10,7.119,-73.122,18.71,26.78,11.83,0.0,66.98,2.95,23.68,0.1468221843242644,0.1245783837512135,0.3424873836338519,0.2905901111662387,18.09219894409182,8
2020-01-11,7.119,-73.122,19.7,26.97,13.78,0.0,70.34,1.84,22.68,0.1391549874097108,0.1227406179532408,0.3245791755616665,0.2863074578344822,18.02236709594729,8
2020-01-12,7.119,-73.122,20.34,27.39,13.5,0.0,68.54,2.15,23.43,0.1359268836677074,0.1213119300082325,0.3170613013207912,0.2829662188887596,18.65015945434573,8
2020-01-13,7.119,-73.122,21.06,27.65,14.79,0.0,67.44,2.32,23.62,0.138387020677328,0.1201987210661172,0.3228208236396312,0.2803846076130867,18.90155181884768,8
2020-01-14,7.119,-73.122,21.19,27.23,16.69,0.0,69.52,1.69,22.43,0.1357351392507552,0.1189311686903237,0.3166163899004459,0.2774190902709961,19.408506011962917,8
2020-01-15,7.119,-73.122,21.46,27.6,16.44,0.0,69.29,1.38,19.88,0.1450227592140436,0.1186195211485027,0.3382998034358024,0.2766797877848148,19.72808990478518,8
2020-01-16,7.119,-73.122,21.75,27.76,17.01,0.0,70.97,1.19,21.92,0.1391576621681451,0.1174867218360304,0.3246095962822437,0.2740588076412677,20.15847930908205,8
2020-01-17,7.119,-73.122,22.1,29.43,15.9,0.0,66.41,1.85,22.41,0.1370245590806006,0.1164903845638036,0.3196125216782093,0.2716931849718093,20.2189765930176,8
2020-01-18,7.119,-73.122,22.49,28.81,16.68,0.0,68.72,1.61,21.41,0.1424469556659459,0.1160833789035677,0.3322759084403514,0.2707529403269291,20.516294097900413,8
2020-01-19,7.119,-73.122,22.35,28.57,18.08,0.0,68.89,1.67,17.87,0.1378726195544004,0.115215248428285,0.3216031678020953,0.2687557004392147,20.60769424438479,8
2020-01-20,7.119,-73.122,20.8,24.58,18.32,6.54,78.23,1.49,14.15,0.1488088853657245,0.1153327897191047,0.3471104428172111,0.2690130770206451,20.548116302490257,8
2020-01-21,7.119,-73.122,20.22,25.49,17.73,14.3,83.35,1.42,17.06,0.2019831892102956,0.122858234681189,0.4711440615355968,0.2865893840789794,19.833016967773464,8
2020-01-22,7.119,-73.122,18.11,19.8,16.92,11.03,93.05,1.71,11.99,0.2413305733352899,0.1535413013771176,0.5629100799560547,0.358158890157938,19.035760498046898,8
2020-01-23,7.119,-73.122,19.05,24.24,15.18,0.1,83.38,1.61,15.55,0.2003483474254608,0.1583303194493055,0.4673334993422031,0.3693477250635623,18.732270812988304,8
2020-01-24,7.119,-73.122,19.42,24.06,16.65,6.08,87.33,1.48,14.67,0.1917449105530977,0.1476611103862523,0.4472601972520351,0.3444168642163276,19.44448623657229,8
2020-01-25,7.119,-73.122,19.53,24.08,16.52,3.55,87.63,1.42,18.65,0.1905709449201821,0.1425605881959199,0.4445257671177387,0.3325249440968036,19.51325759887698,8
2020-01-26,7.119,-73.122,19.8,25.06,15.36,17.41,84.7,1.79,17.63,0.1895031780004501,0.1397225987166165,0.4420810006558895,0.3259162083268165,19.50733718872073,8
2020-01-27,7.119,-73.122,19.03,21.74,17.35,8.94,91.48,1.5,19.85,0.1887815203517674,0.1376345567405223,0.4403560720384121,0.3210331685841083,19.36420974731448,8
2020-01-28,7.119,-73.122,19.73,23.69,17.07,0.14,86.61,1.89,19.12,0.1857880912721156,0.1363557446748018,0.4333815798163414,0.3180635124444961,19.297967529296898,8
2020-01-29,7.119,-73.122,19.9,25.05,16.28,5.01,85.36,1.68,19.91,0.18353883177042,0.1358517315238714,0.4280938021838665,0.3168703764677048,18.94474563598635,8
2020-01-30,7.119,-73.122,20.56,26.19,15.73,1.9,75.97,1.6,19.29,0.1882508564740418,0.1359188593924045,0.4391239657998085,0.3170525915920734,19.46814117431643,8
2020-01-31,7.119,-73.122,20.59,27.18,14.75,0.0,72.18,1.57,19.57,0.1808246038854121,0.1343595515936612,0.4217946864664554,0.313407864421606,19.036511993408222,8
2020-02-01,7.119,-73.122,21.05,26.96,17.1,7.83,74.76,1.29,21.49,0.1768966149538755,0.1330318711698055,0.4126582220196724,0.3103070408105849,19.207856750488304,8
2020-02-02,7.119,-73.122,20.44,26.7,16.43,6.7,75.18,1.57,16.66,0.1708677895367145,0.1315787695348262,0.3985488191246986,0.3069257475435734,19.77210006713869,8
2020-02-03,7.119,-73.122,20.36,28.29,14.36,0.21,69.46,1.83,22.13,0.1751486249268054,0.1313017290085553,0.4085846208035946,0.3062902614474296,19.46761856079104,8
2020-02-04,7.119,-73.122,19.44,27.69,12.84,0.0,66.09,2.22,24.45,0.1608652248978614,0.1290399003773927,0.3752248585224151,0.3009880222380161,19.490762329101585,8
2020-02-05,7.119,-73.122,19.1,27.35,12.23,0.0,62.3,2.43,25.36,0.1510390974581241,0.1268773321062326,0.352310612797737,0.2959488183259964,19.772691345214863,8
2020-02-06,7.119,-73.122,19.0,27.7,11.02,0.0,62.25,2.32,25.12,0.1404807660728692,0.1246179314330219,0.3276258520781993,0.2906803078949451,18.549321746826195,8
2020-02-07,7.119,-73.122,19.75,27.66,11.56,0.0,65.63,2.25,24.74,0.1362569164484739,0.122823555022478,0.3178134486079215,0.2864803336560726,18.874692535400413,8
2020-02-08,7.119,-73.122,20.81,27.21,16.66,0.03,69.53,1.94,22.61,0.1390572525560855,0.1219985466450452,0.3243552930653095,0.2845868915319443,19.702378845214863,8
2020-02-09,7.119,-73.122,20.29,27.55,13.8,0.4,67.38,1.98,23.64,0.1339034307748079,0.121007403358817,0.312334481626749,0.2822741791605949,19.417398071289085,8
2020-02-10,7.119,-73.122,21.05,28.94,14.42,0.93,64.21,2.42,24.78,0.1337946914136409,0.1200412604957818,0.3120532482862472,0.279996957629919,18.37766418457033,8
2020-02-11,7.119,-73.122,21.4,29.22,13.95,0.44,63.64,2.45,24.03,0.1358417328447103,0.1188222924247383,0.3168890215456486,0.277185246348381,19.7547431945801,8
2020-02-12,7.119,-73.122,22.22,29.51,15.79,0.0,62.74,1.97,22.58,0.1318379286676645,0.1175083639100193,0.3075499758124351,0.2741405069828033,20.445886230468776,8
2020-02-13,7.119,-73.122,22.19,28.3,17.46,0.0,68.5,1.54,23.97,0.1362795438617467,0.1170644564554094,0.3178960122168064,0.2730602584779262,20.326142883300804,8
2020-02-14,7.119,-73.122,21.79,28.34,17.62,0.01,70.42,1.56,21.21,0.1419394519180059,0.116621752269566,0.3310820981860161,0.2720486633479595,20.18523178100589,8
2020-02-15,7.119,-73.122,22.17,29.09,16.86,0.0,59.96,2.64,21.73,0.181526843458414,0.1197367487475275,0.4234557300806045,0.2792970165610313,20.40829238891604,8
2020-02-16,7.119,-73.122,21.75,28.53,16.11,0.0,61.0,2.54,22.97,0.1803009491413831,0.1205395516008138,0.4206032566726208,0.2811815068125725,20.38381729125979,8
2020-02-17,7.119,-73.122,22.72,30.69,17.14,0.0,57.45,2.63,24.33,0.1772399302572011,0.1200773725286125,0.4134733453392982,0.2800887376070022,20.239926910400413,8
2020-02-18,7.119,-73.122,22.82,31.13,15.97,0.0,63.13,1.92,25.4,0.1661563515663146,0.1184692559763788,0.3875666260719299,0.2763534300029278,20.1742988586426,8
2020-02-19,7.119,-73.122,23.1,30.83,17.47,0.0,65.33,1.73,24.31,0.1527511533349752,0.1169355157762765,0.3562893494963646,0.2727622017264366,20.740010833740257,8
2020-02-20,7.119,-73.122,22.0,28.98,16.09,0.0,69.18,1.85,22.02,0.1367841865867376,0.1149053331464528,0.319062415510416,0.2680352590978145,20.57137069702151,8
2020-02-21,7.119,-73.122,20.67,24.58,17.97,1.73,78.21,1.01,20.78,0.1483247689902782,0.1149675715714692,0.3459960110485553,0.2681638300418854,20.117299652099632,8
2020-02-22,7.119,-73.122,20.09,24.41,17.5,1.07,82.64,1.05,17.74,0.1651203725486993,0.1158179901540279,0.3851789832115173,0.270157303661108,19.18469772338869,8
2020-02-23,7.119,-73.122,20.53,25.68,17.33,3.45,81.77,1.47,16.53,0.2062616851180791,0.1238765930756926,0.4811011739075184,0.2889765836298466,19.347726440429717,8
2020-02-24,7.119,-73.122,21.38,28.06,16.71,0.64,77.54,1.57,17.22,0.1866081040352582,0.1242928961291908,0.4353099763393402,0.289933979511261,19.408784484863304,8
2020-02-25,7.119,-73.122,21.27,27.6,16.74,0.11,76.82,1.72,20.58,0.1704163830727338,0.1218506721779703,0.3975419215857982,0.2842196561396121,20.064424133300804,8
2020-02-26,7.119,-73.122,20.65,26.03,17.55,0.05,78.93,1.57,19.82,0.1662256121635436,0.1204130500555038,0.3877544552087783,0.2808741331100464,20.03128967285159,8
2020-02-27,7.119,-73.122,20.63,27.04,15.93,2.45,79.01,1.74,19.25,0.1827820744365453,0.1215420914813875,0.4263558238744735,0.2834963984787464,19.610131835937523,8
2020-02-28,7.119,-73.122,20.97,27.23,15.49,0.91,74.06,1.9,19.62,0.1851124744862317,0.1234482023864984,0.4318177439272403,0.2879700027406215,19.558698272705104,8
2020-02-29,7.119,-73.122,22.2,28.0,17.52,0.0,68.82,1.63,21.26,0.1622250843793153,0.1210462329909205,0.3784164041280746,0.2823634184896946,19.80985794067385,8
2020-03-01,7.119,-73.122,21.27,26.76,17.15,110.8,76.68,1.64,23.11,0.1501763705164193,0.1194775784388184,0.3503218851983547,0.2787205278873443,19.95304641723635,8
2020-03-02,7.119,-73.122,21.09,26.24,17.02,93.43,79.27,1.69,23.23,0.1554291248321533,0.1187346894294023,0.362529456615448,0.2769537903368473,20.092038726806663,8
2020-03-03,7.119,-73.122,20.93,26.82,16.54,0.03,76.19,1.96,22.86,0.1560611259192228,0.1180075276643037,0.3640496879816055,0.2752790339291096,20.617375946044945,8
2020-03-04,7.119,-73.122,20.64,28.13,13.99,0.0,67.86,1.91,23.78,0.1432425677776336,0.1160059962421655,0.3341302499175071,0.2705915868282318,20.40840301513674,8
2020-03-05,7.119,-73.122,20.0,28.25,11.71,0.0,62.21,2.17,25.11,0.1341116540133952,0.1140334978699683,0.3128544837236404,0.2659795433282852,20.54408798217776,8
2020-03-06,7.119,-73.122,20.9,28.05,14.01,0.0,63.71,2.06,26.22,0.1344144325703382,0.1130247153341769,0.3135701604187488,0.2636455036699772,20.66288909912112,8
2020-03-07,7.119,-73.122,21.67,27.63,17.81,1.11,73.62,1.59,20.94,0.1326397266238927,0.1120529761537909,0.3094144724309444,0.2614188939332962,20.678643798828148,8
2020-03-08,7.119,-73.122,20.61,24.65,17.3,28.65,82.18,1.42,17.43,0.1463140808045863,0.1123202703893184,0.3412844277918338,0.2620065249502659,20.2360778808594,8
2020-03-09,7.119,-73.122,20.61,26.06,17.0,7.67,79.91,1.46,19.04,0.2166507150977849,0.1281137634068727,0.5053894855082035,0.2988038696348667,19.47777328491213,8
2020-03-10,7.119,-73.122,21.07,26.5,17.14,1.47,77.18,1.68,18.35,0.1904397215694188,0.1304479297250509,0.4442447163164615,0.304274283349514,19.800256347656276,8
2020-03-11,7.119,-73.122,20.71,25.69,17.84,15.17,79.54,1.71,13.57,0.1948273181915283,0.1289758421480655,0.4544601887464523,0.3008726984262466,19.59073410034182,8
2020-03-12,7.119,-73.122,20.62,25.3,16.7,9.68,84.23,1.8,15.46,0.2067759111523627,0.1305790860205888,0.4823707491159438,0.3045758083462714,19.67207107543948,8
2020-03-13,7.119,-73.122,20.61,25.12,17.46,10.62,84.77,1.52,13.5,0.1982328165322542,0.1312289834022521,0.4624133855104446,0.3061205819249153,19.401975250244167,8
2020-03-14,7.119,-73.122,19.68,23.78,17.13,9.29,87.61,1.46,16.71,0.2068930231034755,0.1329870391637086,0.4825963526964187,0.3102248609066009,19.543420410156276,8
2020-03-15,7.119,-73.122,19.38,23.69,16.03,0.65,84.84,1.77,20.99,0.199840772897005,0.1345155276358127,0.4661062806844711,0.3137855120003223,19.28621063232424,8
2020-03-16,7.119,-73.122,20.09,25.7,14.69,0.0,78.15,1.84,22.33,0.1788276098668575,0.1313846372067927,0.4171440824866295,0.3064858131110668,19.50271759033205,8
2020-03-17,7.119,-73.122,20.34,26.19,15.63,0.0,75.14,1.91,22.6,0.1652820892632007,0.1286535169929265,0.3855504989624023,0.3000883683562279,19.70593795776369,8
2020-03-18,7.119,-73.122,20.02,25.77,14.91,0.0,75.88,1.69,22.0,0.1579094640910625,0.126521898433566,0.3683311231434345,0.2951128557324409,19.09149322509768,8
2020-03-19,7.119,-73.122,20.58,26.18,16.41,0.01,73.89,2.0,22.8,0.1484640482813119,0.1244111564010381,0.3463090471923351,0.2902194038033485,19.33849105834964,8
2020-03-20,7.119,-73.122,19.5,24.15,16.6,0.44,80.58,1.8,13.81,0.1417989172041416,0.1226187860593199,0.330788355320692,0.2859920635819434,18.82520446777346,8
2020-03-21,7.119,-73.122,19.0,23.67,14.82,0.05,78.09,1.85,19.59,0.1502434499561786,0.1229508183896541,0.35042679682374,0.286801803857088,18.55671844482424,8
2020-03-22,7.119,-73.122,19.94,25.62,15.28,0.0,73.58,1.7,22.86,0.1471740547567605,0.1220740741118788,0.343320120126009,0.2847574241459369,18.56302413940432,8
2020-03-23,7.119,-73.122,20.1,24.59,16.94,0.0,74.63,1.17,22.71,0.1426184233278035,0.120577061548829,0.3326693698763847,0.2812767326831817,18.95381317138674,8
2020-03-24,7.119,-73.122,20.22,25.07,17.21,0.0,77.25,1.42,18.04,0.1470577046275138,0.1199789829552173,0.343043178319931,0.2799009792506695,19.49427947998049,8
2020-03-25,7.119,-73.122,20.74,26.1,17.19,5.37,78.54,1.49,19.57,0.1593712009489536,0.1202361369505524,0.3717576190829277,0.2804636284708976,19.490838623046898,8
2020-03-26,7.119,-73.122,21.07,26.51,16.7,2.52,77.59,1.69,21.46,0.1948945745825767,0.1236763913184403,0.4546126611530781,0.2884995117783546,19.68806610107424,8
2020-03-27,7.119,-73.122,20.91,26.91,15.57,0.0,76.11,1.77,21.11,0.1939947251230477,0.1270899698138236,0.4525063522160052,0.2964178994297981,19.94219360351565,8
2020-03-28,7.119,-73.122,21.19,28.01,14.91,0.0,71.08,1.74,23.09,0.1708021648228168,0.1243533939123153,0.3984222076833247,0.2900545485317706,19.45603332519533,8
2020-03-29,7.119,-73.122,21.44,28.21,16.48,0.8,72.2,1.89,23.21,0.1800491344183683,0.1239792732521891,0.4199859574437141,0.2892099842429161,19.408303833007835,8
2020-03-30,7.119,-73.122,21.57,28.44,17.65,2.86,74.98,1.69,21.1,0.2052893508225678,0.1306491345167159,0.4788659922778606,0.3047547414898872,20.062524414062526,8
2020-03-31,7.119,-73.122,20.8,26.88,16.88,4.27,78.23,1.68,14.47,0.2064481917768716,0.1321380771696567,0.4815523512661457,0.3082733675837517,20.331609344482445,8
2020-04-01,7.119,-73.122,19.64,22.99,16.94,3.44,83.58,1.36,12.66,0.2352084964513778,0.1446618009358644,0.5486471280455589,0.3374489732086658,19.68738708496096,8
2020-04-02,7.119,-73.122,21.09,26.32,16.91,0.02,79.69,1.61,15.89,0.1990971621125936,0.1474360227584838,0.4644230008125305,0.3439291268587112,19.337823486328148,8
2020-04-03,7.119,-73.122,21.27,26.25,17.59,4.26,81.46,1.33,18.14,0.1828798595815896,0.1404493600130081,0.4265719875693321,0.3275831714272498,20.11209640502932,8
2020-04-04,7.119,-73.122,21.48,26.14,18.05,3.86,82.53,1.22,15.91,0.2048011682927608,0.1394254732877015,0.4777357764542102,0.3252292834222316,20.108819580078148,8
2020-04-05,7.119,-73.122,21.7,27.41,18.88,3.15,79.93,1.02,18.17,0.1942311935126781,0.1383937783539294,0.4530651383101939,0.3228166624903678,20.62088165283205,8
2020-04-06,7.119,-73.122,20.9,25.54,18.4,3.82,81.73,1.13,10.28,0.212107902392745,0.1394981779158114,0.4947176240384578,0.3253945671021938,20.54757080078128,8
2020-04-07,7.119,-73.122,21.95,28.4,17.65,0.01,70.83,1.19,17.64,0.2024733461439609,0.1431568432599305,0.4723104871809482,0.333934836089611,20.32717666625979,8
2020-04-08,7.119,-73.122,22.47,28.86,18.19,0.01,71.48,1.22,19.14,0.1933420486748218,0.140111207962036,0.4510154649615288,0.3268232345581054,20.53503570556643,8
2020-04-09,7.119,-73.122,21.05,25.74,17.49,0.01,72.77,0.96,16.82,0.185925493016839,0.1374007984995841,0.4336851425468921,0.3204917646944523,20.48855361938479,8
2020-04-10,7.119,-73.122,21.4,27.55,17.82,8.4,75.0,1.16,18.77,0.179766783490777,0.1349508985877036,0.4193649590015411,0.3147735185921191,20.346864318847683,8
2020-04-11,7.119,-73.122,21.31,26.65,17.57,23.55,79.47,1.28,16.89,0.2196044493466615,0.1407620217651128,0.5122545398771763,0.3283489271998405,20.06421813964846,8
2020-04-12,7.119,-73.122,20.59,27.8,14.93,2.13,67.85,2.86,19.63,0.1956670936197042,0.1410863157361745,0.4564170911908149,0.329124916344881,19.57231292724612,8
2020-04-13,7.119,-73.122,20.52,27.78,14.15,0.99,66.92,2.06,21.59,0.1740361656993627,0.1357888914644717,0.4059730432927608,0.3167432136833668,19.64127120971682,8
2020-04-14,7.119,-73.122,19.91,25.56,14.01,1.51,75.5,1.85,18.47,0.1716465447098016,0.1329238526523113,0.4003830216825008,0.310071263462305,19.912328338623077,8
2020-04-15,7.119,-73.122,20.29,25.64,16.49,2.51,78.24,1.68,18.07,0.1709789466112851,0.1316730771213769,0.3988138325512409,0.3071732968091964,19.24647674560549,8
2020-04-16,7.119,-73.122,20.41,27.01,15.73,0.69,73.4,1.76,20.32,0.169083135202527,0.1304549761116504,0.394446488469839,0.3043252229690552,19.00354919433596,8
2020-04-17,7.119,-73.122,20.81,27.59,14.79,0.0,70.61,1.61,17.33,0.1610095836222171,0.1288138572126626,0.3755921609699725,0.3004659041762352,18.95888290405276,8
2020-04-18,7.119,-73.122,20.02,24.46,17.3,0.23,80.31,1.2,11.75,0.1643285062164068,0.1276387814432382,0.3833527974784374,0.2977427914738655,19.410699462890648,8
2020-04-19,7.119,-73.122,18.87,21.42,17.28,0.71,90.24,1.69,17.91,0.2043559495359658,0.1338603179901837,0.4766558855772018,0.3122210167348385,19.826959228515648,8
2020-04-20,7.119,-73.122,20.83,26.73,16.37,0.35,76.66,1.71,21.98,0.184872418642044,0.1335042472928762,0.4312359020113944,0.3114137016236782,19.77457199096682,8
2020-04-21,7.119,-73.122,20.15,25.01,16.48,2.96,81.93,1.75,9.72,0.1759958378970622,0.1313375700265169,0.4105154201388359,0.3063875809311867,19.865884399414085,8
2020-04-22,7.119,-73.122,19.9,23.94,16.87,1.7,83.31,1.41,20.43,0.1843280941247939,0.1311706826090812,0.4299928694963455,0.3060207143425941,19.60813293457034,8
2020-04-23,7.119,-73.122,21.05,26.93,16.9,0.01,78.14,1.18,17.56,0.1807569954544305,0.1308458670973777,0.4216384887695312,0.3052435703575611,19.52250823974612,8
2020-04-24,7.119,-73.122,21.67,29.01,15.99,0.0,72.81,1.6,20.17,0.1649511717259883,0.1291022468358278,0.3847701363265514,0.3011454157531261,19.942407226562523,8
2020-04-25,7.119,-73.122,21.58,29.3,15.3,0.01,70.39,1.85,21.91,0.1544891875237226,0.1272546797990798,0.3603383302688598,0.2968331016600131,19.993577575683616,8
2020-04-26,7.119,-73.122,20.91,26.76,16.54,0.01,73.09,1.5,22.45,0.1496502477675675,0.1257353490218519,0.3490667901933193,0.2933067269623279,19.967885589599632,8
2020-04-27,7.119,-73.122,21.32,28.85,15.76,1.4,65.93,1.45,22.34,0.1564997844398021,0.1253408277407288,0.3650468699634075,0.2923452071845531,20.252065277099632,8
2020-04-28,7.119,-73.122,21.87,28.38,17.19,1.26,72.21,1.46,19.28,0.1554381679743528,0.124397768639028,0.3625881262123585,0.2901789546012878,20.252217864990257,8
2020-04-29,7.119,-73.122,21.61,27.62,17.9,0.0,75.95,1.44,16.58,0.161208976060152,0.1239009490236639,0.3760450445115565,0.2890209220349788,20.115110015869163,8
2020-04-30,7.119,-73.122,21.28,26.99,18.12,3.63,78.07,1.12,17.2,0.1719910502433776,0.124643058516085,0.4011940620839596,0.2907699011266231,20.26758728027346,8
2020-05-01,7.119,-73.122,21.55,27.79,17.52,3.58,75.66,1.42,15.84,0.1847725119441747,0.1261411160230636,0.4309998378157615,0.2942353673279285,20.202073669433616,8
2020-05-02,7.119,-73.122,22.56,30.02,17.39,0.15,70.24,1.41,19.3,0.1783044729381799,0.1258779019117354,0.4159009233117103,0.2936363294720649,20.38667068481448,8
2020-05-03,7.119,-73.122,23.45,30.71,17.68,0.01,66.84,1.47,14.95,0.1690446063876151,0.124971555545926,0.3943305090069771,0.2915002554655075,20.57119903564456,8
2020-05-04,7.119,-73.122,22.36,28.02,17.56,0.37,69.76,1.42,18.66,0.1637618876993656,0.123953447677195,0.3820073641836643,0.2891231030225754,20.373956298828148,8
2020-05-05,7.119,-73.122,23.16,30.66,16.88,0.34,66.16,1.55,21.43,0.1889403369277715,0.1262283809483051,0.440719660371542,0.2944587357342243,20.65520248413089,8
2020-05-06,7.119,-73.122,22.57,29.78,16.22,0.09,67.33,1.52,18.58,0.1876992266625165,0.1266875062137842,0.4378248117864132,0.2955051772296428,20.397393798828148,8
2020-05-07,7.119,-73.122,23.11,30.34,18.33,0.02,65.41,0.97,16.67,0.1665647383779286,0.1242359578609466,0.3885156251490116,0.2897645011544227,20.666066741943386,8
2020-05-08,7.119,-73.122,23.32,30.71,16.82,0.0,62.18,1.27,19.26,0.1800361182540654,0.1253040544688701,0.4199769496917724,0.2922744825482368,20.153009033203148,8
2020-05-09,7.119,-73.122,23.92,30.49,19.47,0.14,61.01,1.27,21.62,0.1676327846944331,0.1240534158423542,0.3910366110503673,0.2893781922757625,20.796304321289085,8
2020-05-10,7.119,-73.122,24.06,32.16,16.85,0.06,61.4,1.66,22.93,0.1536884978413581,0.1219492685049771,0.3585252650082111,0.2844600453972816,20.64138565063479,8
2020-05-11,7.119,-73.122,23.53,31.24,17.05,0.17,65.81,1.67,18.68,0.1530720889568328,0.1207435522228478,0.3570439666509628,0.2816562987864017,21.11731491088869,8
2020-05-12,7.119,-73.122,22.36,29.25,17.26,5.1,72.71,1.64,16.6,0.1373157892376184,0.1186240669339894,0.3203275166451931,0.2767148874700069,20.58252868652346,8
2020-05-13,7.119,-73.122,20.75,25.75,17.66,2.69,82.52,1.7,15.73,0.1869139038026332,0.1217586677521466,0.4360008090734482,0.2840221710503101,20.19070587158205,8
2020-05-14,7.119,-73.122,20.02,23.26,17.6,0.0,85.57,1.51,19.89,0.1917677987366914,0.1265284363180398,0.447345033288002,0.2951448448002338,20.28626022338869,8
2020-05-15,7.119,-73.122,21.62,28.05,17.38,0.13,72.34,1.5,16.45,0.1962365359067916,0.1262249983847141,0.4577732682228088,0.2944282591342926,20.365087127685573,8
2020-05-16,7.119,-73.122,22.96,30.08,17.85,0.26,68.67,1.26,22.56,0.1949830278754234,0.1295625995844602,0.4547920562326908,0.3022308610379696,20.6379333496094,8
2020-05-17,7.119,-73.122,22.33,28.65,17.58,9.61,69.95,1.26,19.05,0.1772558148950337,0.1271482817828655,0.4134653285145759,0.2965967729687691,20.340879058837917,8
2020-05-18,7.119,-73.122,21.94,29.56,15.81,4.3,71.47,1.45,20.9,0.1722793225198984,0.1251063607633113,0.4018654972314834,0.2917981259524821,20.33849105834964,8
2020-05-19,7.119,-73.122,21.54,26.86,17.6,0.18,72.21,1.26,14.1,0.1917917616665363,0.1281623430550098,0.4473685957491398,0.2989767976105213,19.869100189209007,8
2020-05-20,7.119,-73.122,23.23,30.84,16.73,0.01,61.87,1.32,23.03,0.1776367630809545,0.1261075260117649,0.4143665097653866,0.2941602319478988,20.411676025390648,8
2020-05-21,7.119,-73.122,23.01,30.89,17.33,2.67,65.43,1.54,22.45,0.1653935573995113,0.1239038202911615,0.3858373388648032,0.2890150994062423,20.833795166015648,8
2020-05-22,7.119,-73.122,22.54,28.76,18.19,1.88,71.09,1.07,19.62,0.1744424514472484,0.1239315681159496,0.4069344960153103,0.2891041077673435,20.43123016357424,8
2020-05-23,7.119,-73.122,23.37,30.77,18.6,0.5,65.63,1.26,21.53,0.1827931702136992,0.1251123631373047,0.4264140762388706,0.2918300181627273,20.42778930664065,8
2020-05-24,7.119,-73.122,23.21,30.67,18.19,0.04,64.52,1.5,22.42,0.1697322335094213,0.1237897090613841,0.3959145657718181,0.2887505441904068,20.790071105957058,8
2020-05-25,7.119,-73.122,22.2,28.77,17.16,0.0,67.89,1.57,19.64,0.1768752615898847,0.1238526236265897,0.4125737659633159,0.2888987995684147,20.649270629882835,8
2020-05-26,7.119,-73.122,21.93,27.32,17.81,13.58,69.33,1.34,14.3,0.1828157901763915,0.1243482790887355,0.4264633134007454,0.2900638990104198,20.720689392089863,8
2020-05-27,7.119,-73.122,20.97,25.87,18.04,7.64,76.26,1.29,19.11,0.2263188194483518,0.136058323085308,0.5279428064823151,0.3173431009054184,20.411832427978545,8
2020-05-28,7.119,-73.122,19.91,25.0,17.09,2.71,78.96,1.24,12.02,0.2373691126704215,0.1511154510080814,0.5536874383687973,0.3524984493851661,19.39230117797854,8
2020-05-29,7.119,-73.122,20.0,24.96,17.18,6.11,80.68,1.37,18.58,0.2014345657080411,0.1505610942840576,0.4698555022478103,0.3511702194809913,19.20014343261721,8
2020-05-30,7.119,-73.122,19.0,22.34,16.87,2.5,85.01,1.26,15.15,0.2367090769112109,0.1563471872359514,0.5521429479122162,0.3647051341831684,19.148324584960964,8
2020-05-31,7.119,-73.122,19.44,24.5,16.43,2.51,82.82,1.31,15.52,0.2123077176511287,0.1563541945070027,0.4952500015497207,0.3647021576762199,19.212670898437523,8
2020-06-01,7.119,-73.122,19.69,25.47,15.75,0.8,79.79,1.08,19.07,0.2072430122643708,0.1499958410859107,0.4833774231374264,0.3498525507748127,19.33461532592776,8
2020-06-02,7.119,-73.122,21.23,28.39,16.06,0.01,70.01,1.45,16.79,0.2106056232005357,0.1486896015703677,0.4912780039012432,0.3468377664685249,19.601987457275413,8
2020-06-03,7.119,-73.122,21.09,26.63,16.91,0.02,70.29,1.6,12.06,0.2188486140221357,0.1489010993391274,0.5105130709707737,0.3473005853593349,19.70341262817385,8
2020-06-04,7.119,-73.122,21.97,28.41,16.66,0.02,65.94,1.1,22.52,0.198636095970869,0.1462544966489076,0.463351771235466,0.3411408141255379,19.722837066650413,8
2020-06-05,7.119,-73.122,22.19,29.3,16.97,0.02,65.61,1.3,19.08,0.1810679305344819,0.1417292244732379,0.4223567955195904,0.3305928781628608,20.173097229003933,8
2020-06-06,7.119,-73.122,21.51,28.73,17.5,0.21,69.32,1.23,11.84,0.1870022341609,0.1396141797304153,0.4362553730607033,0.3256896957755089,20.16176376342776,8
2020-06-07,7.119,-73.122,21.57,26.83,16.78,1.48,67.8,1.27,22.31,0.1942401453852653,0.1393151227384805,0.4530649594962597,0.3249780908226967,19.57312927246096,8
2020-06-08,7.119,-73.122,21.29,27.5,16.79,3.52,70.16,1.4,21.06,0.2144548576325178,0.1414274089038371,0.5002562142908573,0.3299100659787655,19.89996490478518,8
2020-06-09,7.119,-73.122,20.8,26.82,15.91,4.51,73.31,1.81,19.99,0.2121975757181644,0.1449158415198325,0.4949657842516899,0.3380566611886024,20.040673828125023,8
2020-06-10,7.119,-73.122,19.0,22.03,16.77,2.03,81.82,1.07,13.81,0.2304090037941932,0.149025609716773,0.5374407432973385,0.3475899361073971,19.22600708007815,8
2020-06-11,7.119,-73.122,19.75,25.13,15.91,6.69,81.51,1.63,19.32,0.2051316704601049,0.1531656049191951,0.4785328023135662,0.357279721647501,19.14246139526369,8
2020-06-12,7.119,-73.122,19.05,22.75,16.57,0.87,84.66,1.48,17.93,0.1931647397577762,0.1466160062700509,0.4506109207868576,0.3419628515839576,19.307370758056663,8
2020-06-13,7.119,-73.122,21.34,28.59,15.98,0.03,70.22,1.39,20.13,0.1905434746295213,0.1429635044187307,0.4444732218980789,0.3335065357387066,19.56932601928713,8
2020-06-14,7.119,-73.122,20.87,28.11,16.41,2.34,75.08,1.28,18.7,0.1865862682461738,0.1401718612760304,0.4352249167859554,0.3269976116716861,19.670720672607445,8
2020-06-15,7.119,-73.122,20.42,26.18,15.88,5.96,74.08,1.53,16.11,0.2207343075424432,0.1436289548873901,0.5148698426783085,0.3350391164422035,19.555505371093776,8
2020-06-16,7.119,-73.122,20.8,26.42,15.76,0.73,70.91,1.64,19.13,0.2032466884702443,0.1507586929947137,0.4740928411483764,0.3516484759747982,19.31462631225588,8
2020-06-17,7.119,-73.122,21.84,29.48,15.21,2.16,67.46,1.54,13.05,0.2007646206766366,0.1453986763954162,0.4683017246425152,0.3391616977751254,19.3970771789551,8
2020-06-18,7.119,-73.122,21.56,28.23,16.04,2.98,73.37,1.25,17.24,0.2010825965553521,0.1440368629992007,0.4690062999725342,0.3359638899564743,19.279569244384792,8
2020-06-19,7.119,-73.122,21.43,27.82,17.02,0.13,72.41,1.4,22.23,0.1983115002512931,0.1420502793043851,0.4625753499567508,0.3313714824616908,19.46845779418948,8
2020-06-20,7.119,-73.122,21.51,28.86,16.59,0.5,68.03,1.15,16.81,0.2013313621282577,0.141774795949459,0.4696444422006607,0.3307321853935718,19.37343368530276,8
2020-06-21,7.119,-73.122,22.22,30.04,15.9,0.27,60.66,1.26,20.08,0.1869129482656717,0.138920048251748,0.4359808154404163,0.3240408450365066,19.84181747436526,8
2020-06-22,7.119,-73.122,21.8,28.8,15.91,0.56,60.4,1.65,16.15,0.1964696645736694,0.1380005590617656,0.4583368673920631,0.3219095543026923,19.86036834716799,8
2020-06-23,7.119,-73.122,21.0,29.42,15.1,3.28,62.69,2.08,19.02,0.2004614677280187,0.1391501389443874,0.4675923734903335,0.3245760202407836,19.594503021240257,8
2020-06-24,7.119,-73.122,21.04,29.65,13.19,0.64,57.17,2.18,20.13,0.1890543494373559,0.1371388882398605,0.4410083554685115,0.3198965527117252,19.36224517822268,8
2020-06-25,7.119,-73.122,21.28,30.7,14.51,0.05,61.25,2.18,21.17,0.1701559405773877,0.1340393908321857,0.3968997821211815,0.3126947842538357,19.144364929199245,8
2020-06-26,7.119,-73.122,21.46,29.19,15.93,0.95,64.4,1.41,17.04,0.1741872131824493,0.1327633950859308,0.406299564987421,0.3096718937158584,19.436399078369163,8
2020-06-27,7.119,-73.122,21.72,29.42,15.52,0.29,65.88,1.23,18.05,0.1707538627088069,0.1315341051667928,0.3983108811080456,0.3068184889853,19.86649856567385,8
2020-06-28,7.119,-73.122,20.79,27.22,17.33,1.66,72.92,1.17,14.59,0.1728999894112348,0.1308844648301601,0.4033446833491325,0.3053215481340885,19.6323066711426,8
2020-06-29,7.119,-73.122,21.62,28.83,16.03,0.6,65.93,1.3,21.44,0.1944534741342067,0.1324176006019115,0.4536194950342178,0.3088633716106414,18.974755859375023,8
2020-06-30,7.119,-73.122,21.48,29.93,14.25,0.39,59.93,1.81,21.0,0.191557740792632,0.1349004767835139,0.4468334391713142,0.3146562799811363,19.50694427490237,8
2020-07-01,7.119,-73.122,21.49,29.89,15.7,1.26,66.53,1.59,17.73,0.1833634916692971,0.1327159088104962,0.42771115899086,0.3095974288880825,19.56321105957033,8
2020-07-02,7.119,-73.122,21.03,28.37,15.97,1.12,68.83,1.13,15.18,0.1901966240257024,0.1323783211410045,0.443685233592987,0.3088067807257175,19.364766693115257,8
2020-07-03,7.119,-73.122,22.24,30.71,15.25,0.13,61.3,1.29,17.84,0.1853247564285993,0.1316404361277818,0.4322948344051838,0.30709283426404,19.34723052978518,8
2020-07-04,7.119,-73.122,21.21,28.06,16.22,0.08,66.32,1.11,16.41,0.1807579211890697,0.1311644501984119,0.4216258823871612,0.3059634901583195,19.32807693481448,8
2020-07-05,7.119,-73.122,21.63,29.89,15.08,0.1,61.85,1.57,15.42,0.1695502419024705,0.1297918688505887,0.3955273032188415,0.3027215152978897,18.770837402343773,8
2020-07-06,7.119,-73.122,20.54,28.54,14.21,0.51,61.69,1.49,16.23,0.1829826664179563,0.1299858205020427,0.4268339872360229,0.3031914494931698,18.993920898437523,8
2020-07-07,7.119,-73.122,19.85,26.95,15.14,21.92,74.81,1.39,19.92,0.1985857691615819,0.1317989937961101,0.463207896798849,0.3074273392558098,18.92689666748049,8
2020-07-08,7.119,-73.122,20.27,27.28,15.75,4.21,74.94,1.72,17.89,0.216411842033267,0.1374038197100162,0.5048089884221554,0.3205398954451084,19.025544738769558,8
2020-07-09,7.119,-73.122,20.59,27.89,14.06,2.77,70.85,1.48,21.6,0.1994732711464166,0.1444696821272373,0.4653332009911536,0.337013378739357,18.901704406738304,8
2020-07-10,7.119,-73.122,20.48,26.78,16.23,5.4,74.51,1.47,18.55,0.1827191710472106,0.138652080669999,0.426189724355936,0.3234399631619453,19.63408050537112,8
2020-07-11,7.119,-73.122,19.57,23.97,16.32,2.16,81.18,1.31,14.48,0.2078767213970422,0.1405702121555804,0.4848746061325073,0.3279229477047919,19.31589279174807,8
2020-07-12,7.119,-73.122,19.92,25.59,16.1,1.13,75.16,1.6,18.12,0.1917745694518088,0.1385347601026296,0.4473800584673881,0.3231594748795032,18.868787384033222,8
2020-07-13,7.119,-73.122,20.77,28.21,15.62,0.2,67.3,1.45,22.58,0.1947753950953483,0.1372036561369895,0.4543293416500091,0.3200647458434105,19.336816406250023,8
2020-07-14,7.119,-73.122,21.09,28.85,14.86,0.0,61.51,1.49,20.34,0.1846422925591468,0.1358734890818595,0.4307241328060627,0.316918034106493,19.28140029907229,8
2020-07-15,7.119,-73.122,20.8,27.68,14.34,0.06,63.99,1.64,21.28,0.174371339380741,0.1335032675415277,0.4067470207810401,0.3114019520580768,19.39481887817385,8
2020-07-16,7.119,-73.122,20.44,26.03,16.37,1.42,71.66,1.55,21.53,0.1672991570085286,0.1313361469656228,0.3902420848608016,0.3063718639314174,19.58421859741213,8
2020-07-17,7.119,-73.122,21.23,27.42,15.58,0.4,67.74,1.49,20.33,0.1796500384807586,0.131619606167078,0.4190504439175129,0.3070403933525085,19.688798522949245,8
2020-07-18,7.119,-73.122,21.14,27.18,16.74,3.27,69.58,1.31,20.68,0.1753332167863845,0.1303442660719156,0.4089870862662792,0.3040340878069401,19.714543914794945,8
2020-07-19,7.119,-73.122,21.64,28.67,16.75,0.05,68.18,1.32,20.44,0.1748135220259427,0.1296029929071664,0.4077933505177498,0.3023074828088283,19.8937812805176,8
2020-07-20,7.119,-73.122,20.98,28.74,15.14,0.0,66.73,1.43,17.35,0.1843275912106037,0.1303196717053651,0.4299582540988921,0.3039947338402271,19.36884460449221,8
2020-07-21,7.119,-73.122,20.58,27.59,15.14,0.03,70.3,1.48,15.46,0.202875068411231,0.1349222473800181,0.473215788602829,0.3147150985896587,19.26191864013674,8
2020-07-22,7.119,-73.122,20.21,26.31,15.55,1.06,72.57,1.51,16.75,0.1955067571252584,0.1360400933772325,0.4560227133333683,0.3173665441572665,18.801763153076195,8
2020-07-23,7.119,-73.122,21.51,29.83,14.65,1.0,65.18,1.33,17.51,0.1840259972959756,0.1341311559081077,0.4292512312531471,0.3128592148423195,18.690488433837917,8
2020-07-24,7.119,-73.122,20.64,28.42,15.56,1.69,71.35,1.67,14.17,0.2038794644176959,0.1359698437154292,0.4755792580544948,0.3171483166515826,18.72303161621096,8
2020-07-25,7.119,-73.122,20.34,27.57,15.54,0.52,72.04,1.57,16.82,0.2094071060419082,0.140583774074912,0.4884808361530304,0.3279053904116153,18.637639617919945,8
2020-07-26,7.119,-73.122,19.75,25.14,15.46,5.5,75.83,1.44,18.86,0.2040626592934131,0.1405654363334178,0.4760161712765693,0.3278867751359939,19.192193603515648,8
2020-07-27,7.119,-73.122,21.04,28.6,15.6,0.12,69.13,1.47,18.61,0.2196159958839416,0.1452180575579404,0.5122574865818024,0.3387490287423134,19.10686264038088,8
2020-07-28,7.119,-73.122,21.98,29.57,16.28,0.01,64.47,1.4,23.09,0.2022577449679374,0.1468593291938304,0.4717890322208404,0.342590682208538,19.43776092529299,8
2020-07-29,7.119,-73.122,21.65,29.84,15.44,1.62,67.82,1.73,21.93,0.1866790875792503,0.1413343753665685,0.4354301355779171,0.3296799920499324,19.86374435424807,8
2020-07-30,7.119,-73.122,21.57,25.92,18.13,0.51,76.44,1.32,19.89,0.1764393541961907,0.1378306914120912,0.4115277305245399,0.3214735575020313,19.865110015869163,8
2020-07-31,7.119,-73.122,21.79,27.83,18.02,0.0,72.08,1.44,21.26,0.1728217750787734,0.1356012150645255,0.4031355939805507,0.3163055852055549,19.728787994384792,8
2020-08-01,7.119,-73.122,20.53,25.3,16.89,16.05,74.91,1.4,19.96,0.1835036817938089,0.1351481284946203,0.4280607402324676,0.3152130879461765,19.93422470092776,8
2020-08-02,7.119,-73.122,21.88,27.85,17.06,0.11,62.65,1.65,20.86,0.1814696453511714,0.1342913787811994,0.423276524990797,0.3132326342165469,20.33273849487307,8
2020-08-03,7.119,-73.122,21.28,28.0,17.18,3.04,71.77,1.21,20.46,0.183462144806981,0.1337249483913183,0.4279510490596294,0.3119308203458786,20.156789398193386,8
2020-08-04,7.119,-73.122,21.28,27.85,16.31,3.27,70.37,1.16,20.23,0.1887976378202438,0.1332174055278301,0.4403649531304836,0.3107546530663967,19.421140289306667,8
2020-08-05,7.119,-73.122,21.03,27.64,15.5,0.58,68.85,1.45,17.81,0.202461939305067,0.1367851216346025,0.4722810387611389,0.3190769888460636,19.38434753417971,8
2020-08-06,7.119,-73.122,21.35,28.26,16.72,1.19,70.02,1.3,16.19,0.1951174791902303,0.1366731040179729,0.4551452472805977,0.3188010416924953,19.344628906250023,8
2020-08-07,7.119,-73.122,22.01,29.1,15.77,0.13,63.94,1.13,19.65,0.2081479057669639,0.1382229384034871,0.4854969568550586,0.3224020414054394,19.18373260498049,8
2020-08-08,7.119,-73.122,23.23,30.81,17.5,0.0,60.76,0.98,20.44,0.193084867671132,0.1380826719105243,0.4503993019461632,0.3221180886030197,19.790971374511745,8
2020-08-09,7.119,-73.122,22.69,30.23,16.84,0.0,63.48,1.01,16.38,0.1895474027842283,0.1360651068389415,0.4421322457492351,0.3174048736691475,20.15893707275393,8
2020-08-10,7.119,-73.122,22.19,28.71,16.84,0.0,66.77,1.55,19.3,0.1849291529506444,0.1348328199237584,0.4313394203782081,0.3145016804337501,19.810170745849632,8
2020-08-11,7.119,-73.122,21.47,27.34,17.57,9.12,73.16,1.23,19.06,0.1816259659826755,0.1331698335707187,0.4237046428024768,0.3106619231402874,19.612142181396507,8
2020-08-12,7.119,-73.122,22.38,30.27,16.71,1.19,67.22,1.52,19.91,0.1834333166480064,0.132774133235216,0.4278756640851497,0.309700433164835,19.609193420410183,8
2020-08-13,7.119,-73.122,22.44,28.88,17.32,0.39,65.09,1.16,19.89,0.1827095989137887,0.1323791109025478,0.4261597953736782,0.3088014274835586,19.99438629150393,8
2020-08-14,7.119,-73.122,22.34,30.1,16.05,0.36,63.65,1.27,16.61,0.1701708622276782,0.1309585887938737,0.3969092629849911,0.3054666295647621,19.615506744384792,8
2020-08-15,7.119,-73.122,20.65,25.3,17.58,2.08,76.07,1.34,18.99,0.1891222242265939,0.1318469885736703,0.4411561787128448,0.3075417988002299,19.34120712280276,8
2020-08-16,7.119,-73.122,21.69,29.7,16.9,0.9,67.68,1.11,18.4,0.2084824871271848,0.1361966095864772,0.4863451831042766,0.3176945000886916,19.31861648559573,8
2020-08-17,7.119,-73.122,21.15,28.07,16.52,1.08,70.34,1.41,12.6,0.2029558662325143,0.1383227966725826,0.4734058268368244,0.3226306475698947,19.503282165527366,8
2020-08-18,7.119,-73.122,21.26,28.43,16.81,0.59,73.85,1.36,15.86,0.1921576596796512,0.1366109978407621,0.4481974840164184,0.3186314664781093,20.00282821655276,8
2020-08-19,7.119,-73.122,20.92,26.94,17.0,2.14,77.81,1.59,13.59,0.1984026357531547,0.1361351646482944,0.4627981074154377,0.3175439983606338,19.903588867187526,8
2020-08-20,7.119,-73.122,21.12,28.69,16.17,5.07,76.5,1.27,16.84,0.2064973544329404,0.140372022986412,0.481694608926773,0.3274138681590556,19.06757888793948,8
2020-08-21,7.119,-73.122,20.5,26.45,16.23,21.18,79.34,1.19,16.96,0.2136781588196754,0.1417703907936811,0.4984232001006603,0.330704316496849,19.179185485839863,8
2020-08-22,7.119,-73.122,20.28,26.2,16.49,11.33,75.73,1.42,16.84,0.2317662350833415,0.15165651217103,0.5406447649002075,0.353745624423027,19.057637786865257,8
2020-08-23,7.119,-73.122,19.27,23.51,16.87,4.32,81.07,1.55,13.62,0.200999729335308,0.1506622750312089,0.468862697482109,0.3514473922550678,19.28800735473635,8
2020-08-24,7.119,-73.122,20.5,25.44,17.25,1.11,75.99,1.43,19.64,0.2157864645123481,0.1497680936008691,0.5033666044473648,0.3493545912206173,19.56501159667971,8
2020-08-25,7.119,-73.122,20.04,24.95,16.42,0.06,77.42,1.54,17.56,0.2112645544111728,0.1478891018778085,0.4928109832108021,0.3449817672371864,19.867997741699245,8
2020-08-26,7.119,-73.122,20.5,27.55,15.86,0.03,76.57,1.42,15.63,0.2174147497862577,0.1479251701384782,0.5071541145443916,0.3450419716536998,19.280706024169945,8
2020-08-27,7.119,-73.122,21.66,29.21,15.49,0.02,67.57,1.43,19.7,0.2001099940389394,0.1470697801560163,0.4667757749557495,0.3430588878691196,19.43702087402346,8
2020-08-28,7.119,-73.122,22.27,30.93,16.13,0.0,60.26,1.57,20.51,0.1871143393218517,0.1423021238297223,0.436458446085453,0.3319418095052242,19.648606872558616,8
2020-08-29,7.119,-73.122,20.65,28.14,15.43,0.15,65.28,1.63,22.33,0.1874612998217343,0.1403375715017318,0.4372945018112659,0.3273527510464191,19.015107727050804,8
2020-08-30,7.119,-73.122,19.41,24.17,15.87,0.6,72.92,1.94,18.58,0.1792713738977908,0.1376373898237943,0.4181552194058895,0.3210478350520134,18.770837402343773,8
2020-08-31,7.119,-73.122,19.77,24.28,16.46,0.03,75.3,1.34,18.25,0.1675510089844465,0.135066658258438,0.3908236995339393,0.3150169216096401,18.77084884643557,8
2020-09-01,7.119,-73.122,20.32,26.21,16.58,11.28,75.62,1.53,20.68,0.18635137937963,0.1349780466407537,0.4346652738749981,0.3148535415530204,19.64365539550784,8
2020-09-02,7.119,-73.122,18.51,22.29,16.16,8.48,88.51,1.62,15.65,0.2218943014740943,0.1472522094845771,0.5176367089152336,0.343470886349678,18.24941024780276,8
2020-09-03,7.119,-73.122,19.91,25.92,15.86,4.69,80.87,1.77,21.39,0.1997863929718732,0.1463043745607137,0.4659835919737816,0.3412722460925578,18.79480133056643,8
2020-09-04,7.119,-73.122,19.96,25.03,16.67,6.68,82.91,1.46,21.1,0.2113758027553558,0.1447386406362056,0.4930709339678287,0.3376182876527309,19.687123870849632,8
2020-09-05,7.119,-73.122,21.42,28.18,16.06,0.62,71.16,1.3,23.81,0.2121631857007741,0.1471315827220678,0.4949071817100047,0.3432218432426452,19.387044525146507,8
2020-09-06,7.119,-73.122,20.88,28.66,14.86,0.05,74.5,1.68,18.16,0.1963232494890689,0.1438876036554574,0.4579634889960288,0.3356060832738876,19.88306579589846,8
2020-09-07,7.119,-73.122,20.25,26.86,16.75,3.56,81.07,1.23,18.87,0.1981312949210404,0.1412724442780017,0.4621752947568893,0.3295194655656814,19.54688415527346,8
2020-09-08,7.119,-73.122,19.55,24.04,16.73,0.83,82.32,1.33,14.04,0.2142023090273141,0.1422092653810977,0.4996724463999271,0.3317330405116081,18.689450836181663,8
2020-09-09,7.119,-73.122,19.92,24.46,16.99,0.19,80.14,1.28,17.58,0.2042127288877963,0.1446263417601584,0.4763919338583946,0.3373315222561359,18.93178329467776,8
2020-09-10,7.119,-73.122,21.13,27.17,16.22,0.14,71.18,1.3,20.91,0.2017424385994672,0.1430377066135406,0.4706075973808765,0.3336908407509326,19.07447967529299,8
2020-09-11,7.119,-73.122,21.12,26.78,16.58,0.13,75.22,1.45,18.97,0.1941524595022201,0.1408847179263829,0.452895425260067,0.3286486938595772,19.031255340576195,8
2020-09-12,7.119,-73.122,20.62,25.98,17.63,0.21,78.89,1.46,14.8,0.2023124806582927,0.1405302807688712,0.4719284623861313,0.3277944289147854,19.694787597656276,8
2020-09-13,7.119,-73.122,20.99,25.97,17.16,1.46,73.15,1.41,20.19,0.1885706838220357,0.1385019328445195,0.4398936033248901,0.3230914771556854,19.039357757568386,8
2020-09-14,7.119,-73.122,21.83,30.42,14.81,0.23,66.93,1.57,21.55,0.2015894353389739,0.1390559244900941,0.4702578336000442,0.3243687227368355,19.65263519287112,8
2020-09-15,7.119,-73.122,21.66,27.97,16.81,0.18,65.94,1.32,18.29,0.1887924466282129,0.1379361040890216,0.4403725154697895,0.3217990472912788,19.46725997924807,8
2020-09-16,7.119,-73.122,20.57,26.68,15.96,2.07,74.97,1.75,20.95,0.1802003253251313,0.1355428360402583,0.4203440174460411,0.3161701373755932,19.64299545288088,8
2020-09-17,7.119,-73.122,20.05,26.02,16.52,0.14,77.29,1.64,18.25,0.1830633766949176,0.1346723102033138,0.4269986934959888,0.3141247853636741,19.36487731933596,8
2020-09-18,7.119,-73.122,20.11,26.09,16.24,4.21,78.9,1.94,17.18,0.2183889560401439,0.1404770668596029,0.5093982554972172,0.3276992514729499,19.6045967102051,8
2020-09-19,7.119,-73.122,20.21,25.88,16.25,2.93,81.27,1.56,20.34,0.2084196303039789,0.1423414405435323,0.4861681908369064,0.3320474177598952,19.784452056884792,8
2020-09-20,7.119,-73.122,20.89,27.03,17.54,1.64,78.55,1.32,15.71,0.2183076776564121,0.1476664803922176,0.5092254504561424,0.3444247990846634,19.65488204956057,8
2020-09-21,7.119,-73.122,20.81,26.57,16.57,0.45,71.09,1.61,20.22,0.204915590584278,0.1461319774389266,0.4779840670526027,0.3408821150660514,19.880723571777366,8
2020-09-22,7.119,-73.122,21.31,29.81,14.23,3.37,67.77,1.74,22.62,0.1944931335747241,0.142656747251749,0.4536793194711208,0.3327464796602726,19.575952148437523,8
2020-09-23,7.119,-73.122,20.52,25.81,17.1,0.54,75.6,1.03,20.2,0.1910212282091378,0.1395437140017747,0.4455801248550414,0.3255364373326301,19.864865875244163,8
2020-09-24,7.119,-73.122,20.91,28.55,15.68,0.89,67.61,1.28,18.84,0.1822113841772079,0.1374430619180202,0.4250424616038799,0.3206269890069961,19.31315383911135,8
2020-09-25,7.119,-73.122,20.68,27.33,15.53,0.01,67.52,1.44,21.64,0.1896040812134742,0.1370163764804601,0.4422598704695701,0.3196074925363064,19.652673339843776,8
2020-09-26,7.119,-73.122,20.86,28.0,15.66,0.03,68.99,1.36,17.89,0.1869468390941619,0.1360632739961146,0.4360937774181365,0.3173966370522976,19.15942535400393,8
2020-09-27,7.119,-73.122,19.72,25.15,16.24,0.02,71.75,1.39,18.24,0.1848806384950875,0.1350297089666128,0.4312496334314346,0.3149346560239791,19.19351730346682,8
2020-09-28,7.119,-73.122,20.71,28.03,14.48,0.0,66.46,1.51,22.08,0.1746493950486183,0.1332132071256637,0.4073715507984161,0.3107417449355125,19.427896118164085,8
2020-09-29,7.119,-73.122,21.05,26.98,17.33,3.1,73.98,1.17,21.83,0.1677622087299823,0.1316073164343833,0.3913502544164657,0.3069734126329422,19.456094360351585,8
2020-09-30,7.119,-73.122,20.73,28.68,15.77,0.47,69.97,1.65,18.69,0.1910197287797927,0.1334736626595258,0.445558276027441,0.3113557137548923,19.2125183105469,8
2020-10-01,7.119,-73.122,21.09,27.5,15.78,0.0,68.61,1.39,20.9,0.1811957713216543,0.1322991214692592,0.4226853661239147,0.3085998855531215,19.3472724914551,8
2020-10-02,7.119,-73.122,20.82,26.7,16.57,0.0,72.64,1.59,17.63,0.1744224671274423,0.1308848466724157,0.4068587385118007,0.3053025938570499,19.46241531372073,8
2020-10-03,7.119,-73.122,21.58,28.93,17.38,0.0,69.16,1.68,20.16,0.190993322059512,0.1323012430220842,0.4455472007393837,0.3086101226508617,19.126836395263695,8
2020-10-04,7.119,-73.122,20.79,27.22,16.91,0.0,70.86,1.8,17.78,0.2191615868359804,0.1380369551479816,0.5111884027719498,0.3219878487288952,19.38248214721682,8
2020-10-05,7.119,-73.122,21.39,28.31,16.81,0.0,70.04,1.3,21.33,0.2062452044337987,0.1417740304023027,0.4811147898435592,0.3307337015867233,19.011121368408222,8
2020-10-06,7.119,-73.122,19.74,23.88,17.06,0.0,76.72,1.32,15.38,0.2182049248367547,0.1448366381227969,0.50898527354002,0.3378574065864086,19.632810211181663,8
2020-10-07,7.119,-73.122,21.36,29.14,17.09,0.0,68.79,1.52,18.92,0.2094699665904044,0.1451135519891977,0.4885990470647812,0.3385021761059761,19.33039245605471,8
2020-10-08,7.119,-73.122,21.32,29.73,14.98,0.0,65.99,1.63,18.92,0.2055206149816512,0.1457287147641181,0.479373812675476,0.3399145305156708,19.0894599914551,8
2020-10-09,7.119,-73.122,22.11,29.78,15.63,0.0,66.97,1.07,21.19,0.193843325600028,0.1415048018097877,0.4521661326289177,0.3300580121576786,19.31931457519533,8
2020-10-10,7.119,-73.122,21.59,29.17,15.95,0.0,66.56,1.51,20.95,0.1806622184813022,0.1380993388593196,0.4214218817651272,0.3221325762569904,19.489202117919945,8
2020-10-11,7.119,-73.122,22.54,31.19,16.65,9.07,62.74,1.83,23.35,0.1788918916136025,0.1356903966516256,0.4172966331243514,0.3165440000593662,19.7116638183594,8
2020-10-12,7.119,-73.122,20.62,27.29,16.06,5.99,74.16,1.63,15.94,0.2093518823385238,0.1414620131254196,0.4883420541882515,0.3299419842660426,19.615232086181667,8
2020-10-13,7.119,-73.122,20.45,26.22,16.47,0.0,71.76,1.22,16.82,0.2028231546282767,0.1410734262317418,0.4730973988771438,0.3290840648114681,19.54628143310549,8
2020-10-14,7.119,-73.122,21.11,28.42,15.73,0.0,66.24,1.61,18.16,0.205345956608653,0.1407651081681251,0.4789806641638279,0.3283637315034866,19.42947540283205,8
2020-10-15,7.119,-73.122,21.98,29.24,16.37,0.0,66.52,1.44,21.28,0.1932931561022996,0.1391868479549884,0.4508621133863926,0.324683129787445,19.59240875244143,8
2020-10-16,7.119,-73.122,21.56,26.7,17.01,0.0,66.78,1.44,20.59,0.1838468629866838,0.1365950386971235,0.4288503751158714,0.3186097852885723,19.769258117675804,8
2020-10-17,7.119,-73.122,21.8,29.99,16.02,0.14,61.05,1.98,17.16,0.1782417260110377,0.134227642789483,0.4157894477248192,0.3131102547049522,19.592347717285183,8
2020-10-18,7.119,-73.122,21.46,29.24,16.98,0.04,66.1,1.68,20.1,0.2204052973538636,0.1425163391977548,0.514128427952528,0.3324741981923579,19.45196304321292,8
2020-10-19,7.119,-73.122,20.4,24.32,17.68,0.0,76.53,0.92,12.72,0.2288320884108542,0.1534552946686744,0.5338095761835575,0.357956662774086,19.209462738037136,8
2020-10-20,7.119,-73.122,20.37,24.96,17.4,0.0,77.73,1.61,19.39,0.2028081268072127,0.1497311796993017,0.4730503819882869,0.3492534272372722,19.27108535766604,8
2020-10-21,7.119,-73.122,21.43,27.84,15.8,0.0,64.5,1.76,18.31,0.2051224429160356,0.1454874612390994,0.4784894846379757,0.3393565937876701,19.66956481933596,8
2020-10-22,7.119,-73.122,21.95,28.88,17.14,0.0,67.06,1.44,15.78,0.1997076086699962,0.1426750533282756,0.4658702723681927,0.3328086771070957,19.76423797607424,8
2020-10-23,7.119,-73.122,22.11,29.68,17.88,0.0,67.33,1.33,18.59,0.1930184587836265,0.1405928917229175,0.4502606205642223,0.327940072864294,19.94420394897464,8
2020-10-24,7.119,-73.122,21.99,29.39,16.64,0.0,66.1,1.5,17.61,0.2000848650932311,0.1397452037781476,0.4667402543127537,0.3260320164263248,19.701531982421898,8
2020-10-25,7.119,-73.122,21.33,28.04,16.62,0.0,71.37,1.47,17.65,0.1927456259727477,0.138589734211564,0.4495707862079143,0.3232899717986583,19.39698181152346,8
2020-10-26,7.119,-73.122,21.76,28.51,16.46,0.0,69.43,1.65,17.84,0.1838143188506364,0.1367773860692978,0.4287554956972599,0.3190647736191749,19.59958419799807,8
2020-10-27,7.119,-73.122,20.56,23.88,17.88,0.0,76.9,1.31,14.88,0.1831217780709266,0.1355272270739078,0.4271817505359649,0.3161330968141556,19.813462829589863,8
2020-10-28,7.119,-73.122,19.5,25.07,16.08,31.65,83.72,1.51,17.51,0.2155401427298784,0.1409074459224939,0.5027511976659298,0.3286723233759402,19.065202331542995,8
2020-10-29,7.119,-73.122,18.89,22.17,16.55,6.66,90.59,1.32,16.19,0.201820746064186,0.1413077432662248,0.4708161763846874,0.3296554274857044,19.03872451782229,8
2020-10-30,7.119,-73.122,20.08,25.33,16.17,0.33,82.93,1.59,13.53,0.2178399730473756,0.1444116570055484,0.50813028216362,0.3368727639317512,19.0812812805176,8
2020-10-31,7.119,-73.122,19.32,22.06,17.11,0.0,84.36,1.24,15.51,0.2129374835640191,0.1458480097353458,0.4967159889638424,0.3402271158993244,18.73072204589846,8
2020-11-01,7.119,-73.122,19.32,23.4,15.99,0.0,82.54,1.55,15.88,0.2156449705362319,0.1461865156888961,0.5029908455908298,0.3409803733229637,18.424768066406276,8
2020-11-02,7.119,-73.122,19.9,23.96,17.16,0.0,82.31,1.76,18.61,0.1998020131140947,0.1448950804769992,0.4660527110099792,0.3379995264112949,18.95187911987307,8
2020-11-03,7.119,-73.122,20.45,25.24,16.93,0.0,82.13,1.71,17.81,0.2004601936787366,0.1421460397541522,0.4675778076052665,0.3315583653748035,19.24491653442385,8
2020-11-04,7.119,-73.122,19.93,24.17,17.21,0.0,81.6,1.41,16.85,0.2166967559605836,0.1437450479716062,0.5054378770291805,0.3352962285280227,19.298547363281276,8
2020-11-05,7.119,-73.122,19.42,23.2,16.75,0.0,81.29,1.59,14.17,0.2016443647444248,0.1446084845811128,0.470365148037672,0.3373106382787227,18.96997985839846,8
2020-11-06,7.119,-73.122,18.9,21.7,16.62,0.0,84.12,1.7,17.94,0.1965146325528621,0.1416838392615318,0.4584353640675545,0.3304713554680347,18.52192077636721,8
2020-11-07,7.119,-73.122,18.92,23.61,15.88,0.0,80.71,1.16,17.5,0.1982402689754962,0.1408817954361438,0.4624620378017425,0.3286467269062996,18.98382720947268,8
2020-11-08,7.119,-73.122,19.97,25.93,15.63,0.0,75.39,1.72,16.96,0.2307329513132572,0.1587610784918069,0.5382111445069313,0.3703675605356693,18.971109008789085,8
2020-11-09,7.119,-73.122,20.37,26.62,15.88,0.0,78.86,1.6,13.92,0.2116967551410198,0.1572917997837066,0.4937764108181,0.3669001944363117,18.95333633422854,8
2020-11-10,7.119,-73.122,19.48,25.26,16.35,40.61,85.97,1.72,17.32,0.209884263575077,0.1508256681263446,0.4895851053297519,0.3518441841006278,18.716199493408222,8
2020-11-11,7.119,-73.122,17.83,20.04,16.06,13.76,93.78,1.69,12.97,0.2163790185004472,0.1490861419588326,0.504732720553875,0.3477852940559387,18.40906295776369,8
2020-11-12,7.119,-73.122,19.32,24.13,16.0,0.55,84.96,1.38,16.68,0.2077392488718032,0.1495582144707441,0.4845867343246937,0.3488646112382412,18.561372375488304,8
2020-11-13,7.119,-73.122,18.52,22.01,16.0,0.0,88.71,1.65,15.16,0.2207573615014552,0.1493084710091352,0.5149601139128208,0.3482595421373843,19.05542907714846,8
2020-11-14,7.119,-73.122,19.89,24.63,16.45,0.0,81.43,1.76,13.81,0.2102816794067621,0.1483122371137141,0.4904970675706863,0.3459686003625393,19.240422821044945,8
2020-11-15,7.119,-73.122,18.52,22.03,16.33,0.0,83.36,1.93,18.66,0.2081002797931432,0.1459571104496717,0.4854038208723068,0.3404386639595032,19.561086273193386,8
2020-11-16,7.119,-73.122,18.86,22.84,15.13,0.0,77.29,1.02,15.64,0.2270934376865625,0.1488969102501868,0.5298208184540272,0.3473314978182316,19.352292633056667,8
2020-11-17,7.119,-73.122,18.44,22.07,16.53,0.0,86.62,1.62,10.25,0.2262854240834712,0.1564599648118019,0.5278154909610748,0.3649599552154541,18.570092773437526,8
2020-11-18,7.119,-73.122,19.46,24.39,15.98,0.0,80.55,1.54,17.48,0.2211657036095857,0.154698185622692,0.5158952437341213,0.3608354553580284,18.262281036376976,8
2020-11-19,7.119,-73.122,19.98,24.7,16.85,0.0,82.48,1.34,16.14,0.2206641416996717,0.1570105049759149,0.5147125907242298,0.3662478141486645,18.617028808593773,8
2020-11-20,7.119,-73.122,20.2,26.58,16.19,0.0,77.92,1.36,17.26,0.2007095087319612,0.1513057500123977,0.4681848734617233,0.3529259711503982,18.9835029602051,8
2020-11-21,7.119,-73.122,19.59,24.73,16.14,0.0,81.17,1.72,18.24,0.1974010653793811,0.1469862591475248,0.460464458912611,0.3428412526845932,19.06378326416018,8
2020-11-22,7.119,-73.122,20.43,25.35,16.85,0.0,80.81,1.25,18.36,0.1924458183348178,0.1439737156033515,0.4489012695848941,0.3358311988413334,19.525205230712917,8
2020-11-23,7.119,-73.122,20.42,25.51,16.32,0.0,79.87,1.4,16.23,0.1907558012753724,0.1421630773693322,0.444979328662157,0.3316225372254848,19.57034835815432,8
2020-11-24,7.119,-73.122,19.92,23.87,16.87,0.0,83.1,0.98,11.44,0.1874075960367917,0.1406156159937381,0.437166154384613,0.3279608935117721,19.67932662963869,8
2020-11-25,7.119,-73.122,19.88,25.23,17.18,0.0,82.12,1.61,17.48,0.177693722769618,0.1387273427098989,0.4144888073205948,0.3236039914190769,19.467488861084007,8
2020-11-26,7.119,-73.122,20.95,28.07,15.94,0.0,73.78,1.59,16.3,0.1758943740278482,0.1374107766896485,0.4102853313088417,0.3205026686191559,19.40244064331057,8
2020-11-27,7.119,-73.122,19.59,23.43,16.92,0.0,80.34,1.23,13.9,0.1857893038541078,0.1371245179325341,0.4333663322031498,0.3198788948357104,19.083608245849632,8
2020-11-28,7.119,-73.122,20.24,26.25,16.28,0.0,75.76,1.29,15.62,0.193960778415203,0.1378406025469302,0.4524484761059284,0.3215589411556721,18.78073654174807,8
2020-11-29,7.119,-73.122,20.79,27.73,16.69,0.0,75.27,1.32,19.05,0.2275722753256558,0.1500623878091573,0.530891127884388,0.3500488512217998,19.54633483886721,8
2020-11-30,7.119,-73.122,21.09,27.71,17.24,0.0,75.37,1.25,18.55,0.2039794549345969,0.1486469153314828,0.4758230186998844,0.346765425056219,19.828050231933616,8
2020-12-01,7.119,-73.122,20.22,25.42,17.34,0.0,80.73,1.36,15.16,0.1863688360899686,0.143627718091011,0.4347257353365421,0.3350370824337005,19.860044097900413,8
2020-12-02,7.119,-73.122,20.69,27.27,16.75,0.0,79.51,1.28,15.49,0.1939706131815909,0.1412987727671861,0.4524863548576832,0.3295949436724186,19.402722930908222,8
2020-12-03,7.119,-73.122,20.45,26.79,16.6,0.0,78.18,1.31,13.38,0.2112896777689456,0.1427518557757139,0.492849238216877,0.3330067507922649,18.90432891845705,8
2020-12-04,7.119,-73.122,20.95,28.88,14.45,0.0,70.7,1.82,20.68,0.198672180995345,0.1430173553526401,0.4634423069655895,0.333584114909172,19.03199920654299,8
2020-12-05,7.119,-73.122,21.32,28.05,16.57,0.0,73.17,1.68,20.28,0.1834354810416698,0.1391297113150358,0.4278859831392765,0.3245429210364818,19.209470367431663,8
2020-12-06,7.119,-73.122,19.92,23.73,17.3,0.0,83.0,1.0,19.75,0.1752382908016443,0.1365207992494106,0.4087695032358169,0.3184647262096405,19.25827560424807,8
2020-12-07,7.119,-73.122,21.33,28.7,16.39,0.0,73.72,1.44,16.44,0.1766815036535262,0.1351218093186616,0.4121576733887195,0.3152086921036243,18.810700988769558,8
2020-12-08,7.119,-73.122,20.67,26.54,16.88,0.0,77.38,1.14,15.74,0.1851932555437087,0.1350538283586501,0.4319852516055106,0.3150090649724006,19.17716751098635,8
2020-12-09,7.119,-73.122,20.77,28.19,15.84,0.0,72.19,1.6,16.51,0.1805612072348594,0.1341512575745582,0.4211766757071018,0.3129157163202762,19.351564025878933,8
2020-12-10,7.119,-73.122,20.73,27.2,16.2,0.0,76.23,1.59,18.77,0.1765890344977378,0.1329743862152099,0.4118919111788273,0.3101534582674503,18.82718811035159,8
2020-12-11,7.119,-73.122,21.01,27.6,15.56,0.0,71.49,1.55,19.69,0.1673001181334256,0.1313246432691812,0.3902189321815967,0.3063401095569134,19.42226943969729,8
2020-12-12,7.119,-73.122,20.95,27.45,16.61,0.0,69.13,1.61,20.32,0.167660953477025,0.1303403358906507,0.3910821713507175,0.3040555901825428,19.55751190185549,8
2020-12-13,7.119,-73.122,20.86,29.16,13.51,0.0,59.08,1.91,21.77,0.1610896103084087,0.1291329115629196,0.3757501691579819,0.3012336120009422,19.18002090454104,8
2020-12-14,7.119,-73.122,21.07,29.0,14.47,0.0,65.31,1.75,20.82,0.1521133165806531,0.1275854241102933,0.3548086695373058,0.2975871451199054,19.74032363891604,8
2020-12-15,7.119,-73.122,20.43,26.08,16.7,0.0,77.88,1.33,16.31,0.1524831932038068,0.1266930419951677,0.3556931316852569,0.295518759638071,19.39713058471682,8
2020-12-16,7.119,-73.122,21.0,27.57,17.42,0.0,76.69,1.18,18.36,0.1530099809169769,0.1260364763438701,0.35688316822052,0.2939947210252285,19.13434753417971,8
2020-12-17,7.119,-73.122,21.58,28.59,16.6,0.0,69.8,1.85,18.77,0.156032396480441,0.1252604536712169,0.3639626689255237,0.2921830415725707,19.37497863769533,8
2020-12-18,7.119,-73.122,21.34,27.68,16.8,0.0,72.07,1.3,18.93,0.1708442512899636,0.1257675001397728,0.3985030725598335,0.2933533489704132,19.241017913818386,8
2020-12-19,7.119,-73.122,20.77,27.5,16.05,1.58,72.14,1.52,19.29,0.1686442513018846,0.1256958916783332,0.3933715149760246,0.2932121753692627,19.201482391357448,8
2020-12-20,7.119,-73.122,20.64,28.21,14.56,1.01,73.98,1.71,20.54,0.1589462496340274,0.1241797786206006,0.3707791306078434,0.2896732129156589,19.214570617675808,8
2020-12-21,7.119,-73.122,21.68,28.64,17.2,0.72,72.71,1.56,20.69,0.1572617534548043,0.1231800708919763,0.3668093681335449,0.2873440720140934,19.37170944213869,8
2020-12-22,7.119,-73.122,20.44,25.91,16.67,3.56,77.73,1.36,19.42,0.1553451754152774,0.1224454827606677,0.3623592518270015,0.2855996564030647,19.496404266357445,8
2020-12-23,7.119,-73.122,19.37,23.34,16.31,2.61,81.89,1.21,19.2,0.1531887613236904,0.1218940820544957,0.3573514483869076,0.2843379862606525,19.532861328125023,8
2020-12-24,7.119,-73.122,20.75,27.43,15.8,0.69,76.05,1.62,18.16,0.1613710559904575,0.1219653440639376,0.3764157965779304,0.2845123820006847,19.30913696289065,8
2020-12-25,7.119,-73.122,20.76,27.04,16.73,0.53,74.32,1.8,18.8,0.2037770468741654,0.1267473353073,0.4753534831106663,0.2956678047776222,19.492864227294945,8
2020-12-26,7.119,-73.122,19.02,22.31,16.54,2.43,87.02,1.68,18.63,0.2191157080233096,0.1348721552640199,0.5111210867762566,0.3146332800388336,18.782033538818386,8
2020-12-27,7.119,-73.122,19.54,24.85,16.04,1.99,81.62,1.86,19.86,0.2018418926745653,0.1373987924307584,0.4707698188722133,0.3205081187188625,18.75396881103518,8
2020-12-28,7.119,-73.122,19.21,23.87,15.92,0.65,80.78,1.18,19.77,0.2056612353771924,0.1372611559927463,0.4797428734600544,0.3202205747365951,18.463758087158222,8
2020-12-29,7.119,-73.122,19.35,25.23,15.14,9.65,79.39,1.74,17.63,0.1970773767679929,0.1370366625487803,0.4597185626626014,0.3196419887244701,18.36713943481448,8
2020-12-30,7.119,-73.122,19.01,22.74,16.79,18.88,88.32,1.05,18.53,0.1800211071968078,0.1343145295977592,0.4199491702020168,0.3132963627576827,18.53313217163088,8
2020-12-31,7.119,-73.122,18.94,22.67,16.3,20.51,86.73,1.45,19.92,0.1740236096084117,0.1326935850083827,0.4059375524520874,0.3095109425485133,18.79813919067385,8
