rotacion,fecha_inicio,fecha_fin,duracion_dias,precipitacion_mm,ETo_mm,ETc_mm,balance_P_ETc_mm,cobertura_precipitacion_pct,sm_rootzone_media,percentil_humedad_medio,dias_humedad_menor_P10,porcentaje_dias_menor_P10,cambio_precipitacion_mm,cambio_ETc_mm,cambio_balance_mm,cambio_cobertura_pct,cambio_humedad_smap,cambio_percentil_humedad
Lycopersicon esculentum → Oryza sativa,2020-01-01,2020-08-27,240,752.6299999999999,917.516721449703,998.2882950076192,-245.65829500761936,75.39204894656764,0.1318274589371867,42.73436229116363,37,15.416666666666668,0.0,0.0,0.0,0.0,0.0,0.0
Lycopersicon esculentum → Oryza sativa,2020-01-15,2020-09-10,240,769.4199999999998,914.8403275805368,995.4174480797252,-225.9974480797252,77.29621391349926,0.1325750871794297,45.07355990281033,35,14.583333333333334,16.789999999999964,-2.8708469278940356,19.66084692789417,1.9041649669316172,0.0007476282422430036,2.3391976116467035
Lycopersicon esculentum → Oryza sativa,2020-02-01,2020-09-27,240,712.9300000000001,921.8024457723326,993.9784962145544,-281.0484962145545,71.72489170692391,0.1331062176497652,46.60283967627314,29,12.083333333333334,-39.69999999999982,-4.309798793064829,-35.39020120693516,-3.6671572396437284,0.001278758712578515,3.8684773851095144
Lycopersicon esculentum → Oryza sativa,2020-02-15,2020-10-11,240,709.02,916.018398653119,991.3726713911552,-282.3526713911551,71.51901807067765,0.1339071704035934,48.873890130381824,23,9.583333333333334,-43.6099999999999,-6.915623616464018,-36.69437638353577,-3.873030875889995,0.002079711466406703,6.1395278392181964
Lycopersicon esculentum → Oryza sativa,2020-03-01,2020-10-26,240,704.78,908.6370230569526,986.4404797289394,-281.66047972893926,71.44678411754393,0.1352611768331067,52.611757862986,13,5.416666666666667,-47.84999999999991,-11.847815278679832,-36.00218472131991,-3.9452648290237136,0.0034337178959200076,9.877395571822376
Lycopersicon esculentum → Oryza sativa,2020-03-15,2020-11-09,240,455.5,897.0894246571488,974.820865212474,-519.3208652124741,46.72653368993269,0.1366037262875275,55.98872724763908,5,2.083333333333333,-297.1299999999999,-23.46742979514522,-273.6625702048548,-28.665515256634954,0.004776267350340813,13.254364956475456
Lycopersicon esculentum → Oryza sativa,2020-04-01,2020-11-26,240,493.45,879.8536889427803,957.586976933832,-464.13697693383216,51.53056713239915,0.1381682559110534,60.308110168113394,2,0.8333333333333334,-259.1799999999999,-40.701318073787206,-218.4786819262128,-23.861481814168492,0.006340796973866691,17.573747876949767
Lycopersicon esculentum → Oryza sativa,2020-04-15,2020-12-10,240,438.29,877.1041705504863,950.7699876417846,-512.4799876417845,46.0984260859033,0.1381735745545786,60.23407454205256,2,0.8333333333333334,-314.33999999999986,-47.51830736583463,-266.8216926341652,-29.293622860664343,0.006346115617391901,17.499712250888933
Lycopersicon esculentum → Oryza sativa,2020-05-01,2020-12-26,240,435.9500000000001,877.0324655032634,948.1271429691772,-512.1771429691771,45.98012020147096,0.1380212690176752,59.794365910544165,2,0.8333333333333334,-316.6799999999998,-50.16115203844208,-266.51884796155775,-29.41192874509668,0.006193810080488499,17.060003619380538
Lycopersicon esculentum → Oryza sativa → Solanum tuberosum,2020-01-01,2020-12-30,365,965.11,1358.135517207816,1431.4802331635296,-466.37023316352986,67.42042101881735,0.1345596224681971,50.47998957469757,37,10.136986301369864,0.0,0.0,0.0,0.0,0.0,0.0
Lycopersicon esculentum → Phaseolus vulgaris,2020-01-01,2020-09-26,270,808.42,1031.648576196592,1000.4639012474888,-192.04390124748892,80.80451468483496,0.1328364309233923,45.87657870680419,37,13.703703703703704,0.0,0.0,0.0,0.0,0.0,0.0
Lycopersicon esculentum → Phaseolus vulgaris,2020-01-15,2020-10-10,270,791.5,1031.4027658462026,1000.58024285226,-209.08024285226,79.10410041115198,0.1332532900213091,47.13044238206753,35,12.962962962962962,-16.91999999999996,0.11634160477115074,-17.03634160477108,-1.7004142736829806,0.00041685909791677744,1.2538636752633394
Lycopersicon esculentum → Phaseolus vulgaris,2020-02-01,2020-10-27,270,731.74,1037.1516116761295,1003.85742463682,-272.1174246368201,72.89282143475026,0.1338091255889998,48.67236370811828,29,10.74074074074074,-76.67999999999995,3.3935233893312216,-80.07352338933117,-7.911693250084696,0.000972694665607482,2.795785001314094
Lycopersicon esculentum → Phaseolus vulgaris,2020-02-15,2020-11-10,270,794.4399999999999,1017.4133798707904,989.474277294022,-195.03427729402196,80.28910081145368,0.1349615887048895,51.85295328462994,23,8.518518518518519,-13.980000000000018,-10.989623953466776,-2.9903760465330436,-0.5154138733812772,0.002125157781497189,5.9763745778257515
Lycopersicon esculentum → Phaseolus vulgaris,2020-03-01,2020-11-25,270,798.3399999999999,997.6578135615568,969.461220210291,-171.1212202102909,82.3488328730496,0.1365361828667421,55.94459767939352,13,4.814814814814815,-10.080000000000041,-31.002681037197817,20.922681037198032,1.5443181882146462,0.0036997519433497883,10.068018972589329
Lycopersicon esculentum → Phaseolus vulgaris,2020-03-15,2020-12-09,270,510.42,989.7068860126813,958.3311360749722,-447.9111360749721,53.26133950844197,0.1374834732842389,58.32381009399426,5,1.851851851851852,-297.99999999999994,-42.132765172516656,-255.86723482748317,-27.543175176392985,0.004647042360846593,12.447231387190072
Lycopersicon esculentum → Phaseolus vulgaris,2020-04-01,2020-12-26,270,506.58,984.7984212238016,953.5948426297936,-447.0148426297938,53.12318999156599,0.1375586083848718,58.50594205102959,2,0.7407407407407408,-301.84,-46.86905861769526,-254.9709413823049,-27.68132469326897,0.004722177461479488,12.629363344225403
Lycopersicon esculentum → Solanum tuberosum,2020-01-01,2020-08-22,235,747.0899999999999,900.207248639075,903.8765188455808,-156.78651884558082,82.65398917035408,0.1314692584005124,41.73127123100783,37,15.74468085106383,0.0,0.0,0.0,0.0,0.0,0.0
Lycopersicon esculentum → Solanum tuberosum,2020-01-15,2020-09-05,235,764.65,897.2161118131911,899.8535294499541,-135.2035294499541,84.97494036250556,0.132353138559042,44.353130774425416,35,14.893617021276595,17.56000000000006,-4.022989395626723,21.582989395626726,2.320951192151483,0.0008838801585295819,2.6218595434175853
Lycopersicon esculentum → Solanum tuberosum,2020-02-01,2020-09-22,235,711.44,902.6381062097868,900.62226276056,-189.18226276056,78.99427200692504,0.1330229621301305,46.366458219521576,29,12.340425531914894,-35.649999999999864,-3.2542560850207565,-32.39574391497919,-3.659717163429036,0.0015537037296181055,4.635186988513745
Lycopersicon esculentum → Solanum tuberosum,2020-02-15,2020-10-06,235,699.9499999999999,894.6356779890153,894.4214663425685,-194.4714663425685,78.25728991749345,0.1337514216714399,48.38215787107546,23,9.787234042553193,-47.139999999999986,-9.455052503012325,-37.68494749698769,-4.396699252860628,0.0022821632709275064,6.650886640067625
Lycopersicon esculentum → Solanum tuberosum,2020-03-01,2020-10-21,235,704.78,890.0900251420355,890.4761511531123,-185.6961511531121,79.14642060737425,0.1351672432801507,52.28980363394477,13,5.531914893617021,-42.309999999999945,-13.400367692468535,-28.909632307531297,-3.507568562979827,0.003697984879638294,10.55853240293694
Lycopersicon esculentum → Solanum tuberosum,2020-03-15,2020-11-04,235,455.5,881.9184787168174,884.6492367187784,-429.1492367187784,51.489333974839454,0.1363475204742651,55.42912291264896,5,2.127659574468085,-291.5899999999999,-19.22728212680238,-272.3627178731976,-31.164655195514626,0.004878262073752693,13.697851681641126
Lycopersicon esculentum → Solanum tuberosum,2020-04-01,2020-11-21,235,493.45,864.5847077625363,868.5898239441065,-375.1398239441065,56.81047444918643,0.1381169825118589,60.0864869806744,2,0.851063829787234,-253.63999999999993,-35.286694901474334,-218.3533050985257,-25.84351472116765,0.006647724111346481,18.35521574966657
Lycopersicon esculentum → Solanum tuberosum,2020-04-15,2020-12-05,235,438.29,860.3677191040642,861.4255646077718,-423.1355646077719,50.879613748120434,0.138246109839925,60.46288759405732,2,0.851063829787234,-308.7999999999999,-42.450954237809015,-266.3490457621911,-31.774375422233646,0.00677685143941259,18.73161636304949
Lycopersicon esculentum → Solanum tuberosum,2020-05-01,2020-12-21,235,426.13,860.0078115612482,858.5214171145064,-432.3914171145064,49.63533716284265,0.1382858730416665,60.58687771199411,2,0.851063829787234,-320.9599999999999,-45.35510173107434,-275.6048982689256,-33.01865200751143,0.006816614641154101,18.855606480986282
Lycopersicon esculentum → Solanum tuberosum → Oryza sativa,2020-01-01,2020-12-30,365,965.11,1358.135517207816,1428.4518110683778,-463.3418110683778,67.56335723206287,0.1345596224681971,50.47998957469757,37,10.136986301369864,0.0,0.0,0.0,0.0,0.0,0.0
Lycopersicon esculentum → Zea mays,2020-01-01,2020-11-20,325,920.81,1221.39476680503,1209.7875729323275,-288.9775729323278,76.11336242842259,0.1345782505462948,50.57309246393674,37,11.384615384615383,0.0,0.0,0.0,0.0,0.0,0.0
Lycopersicon esculentum → Zea mays,2020-01-15,2020-12-04,325,900.3,1210.1042266997274,1196.9130324091377,-296.6130324091376,75.21849755348414,0.1351410066451017,52.30464013191795,35,10.76923076923077,-20.50999999999999,-12.874540523189808,-7.635459476809785,-0.8948648749384489,0.0005627560988069047,1.7315476679812107
Lycopersicon esculentum → Zea mays,2020-02-01,2020-12-21,325,828.6100000000001,1214.4695570203455,1191.107480120869,-362.4974801208691,69.56635012617971,0.1350306241185618,51.80624109666838,29,8.923076923076923,-92.19999999999982,-18.680092811458508,-73.51990718854131,-6.547012302242877,0.0004523735722669897,1.2331486327316412
Oryza sativa → Lycopersicon esculentum,2020-01-01,2020-08-27,240,752.63,917.5167214497033,997.3790642892836,-244.7490642892837,75.46077784741874,0.1318274589371867,42.73436229116363,37,15.416666666666668,0.0,0.0,0.0,0.0,0.0,0.0
Oryza sativa → Lycopersicon esculentum,2020-01-15,2020-09-10,240,769.4199999999998,914.8403275805368,996.9362212186984,-227.5162212186984,77.1784577211396,0.1325750871794297,45.07355990281033,35,14.583333333333334,16.78999999999985,-0.44284307058524064,17.23284307058529,1.7176798737208543,0.0007476282422430036,2.3391976116467035
Oryza sativa → Lycopersicon esculentum,2020-02-01,2020-09-27,240,712.93,921.8024457723324,1001.5682035922872,-288.638203592287,71.18137311497716,0.1331062176497652,46.602839676273135,29,12.083333333333334,-39.700000000000045,4.1891393030035715,-43.88913930300333,-4.279404732441577,0.001278758712578515,3.8684773851095073
Oryza sativa → Lycopersicon esculentum,2020-02-15,2020-10-11,240,709.02,916.018398653119,993.2000824919536,-284.1800824919534,71.38742862576677,0.1339071704035934,48.873890130381824,23,9.583333333333334,-43.610000000000014,-4.178981797330039,-39.43101820266969,-4.0733492216519664,0.002079711466406703,6.1395278392181964
Oryza sativa → Lycopersicon esculentum,2020-03-01,2020-10-26,240,704.78,908.6370230569526,986.1522663817076,-281.3722663817074,71.46766518987064,0.1352611768331067,52.61175786298601,13,5.416666666666667,-47.85000000000002,-11.226797907576042,-36.623202092423696,-3.993112657548096,0.0034337178959200076,9.877395571822383
Oryza sativa → Lycopersicon esculentum,2020-03-15,2020-11-09,240,455.5,897.0894246571488,974.7296860270204,-519.2296860270205,46.73090463229958,0.1366037262875275,55.98872724763909,5,2.083333333333333,-297.13,-22.649378262263212,-274.48062173773684,-28.729873215119163,0.004776267350340813,13.254364956475463
Oryza sativa → Lycopersicon esculentum,2020-04-01,2020-11-26,240,493.44999999999993,879.8536889427804,958.0513884636636,-464.6013884636637,51.50558789871377,0.1381682559110534,60.3081101681134,2,0.8333333333333334,-259.18000000000006,-39.32767582562008,-219.85232417438,-23.95518994870497,0.006340796973866691,17.573747876949774
Oryza sativa → Lycopersicon esculentum,2020-04-15,2020-12-10,240,438.29,877.1041705504863,953.4399514827464,-515.1499514827465,45.96933444192173,0.1381735745545786,60.23407454205256,2,0.8333333333333334,-314.34,-43.939112806537196,-270.4008871934628,-29.49144340549701,0.006346115617391901,17.499712250888933
Oryza sativa → Lycopersicon esculentum,2020-05-01,2020-12-26,240,435.9500000000001,877.0324655032634,950.7816787083248,-514.8316787083246,45.85174596467358,0.1380212690176752,59.794365910544165,2,0.8333333333333334,-316.6799999999999,-46.59738558095887,-270.0826144190409,-29.609031882745157,0.006193810080488499,17.060003619380538
Oryza sativa → Lycopersicon esculentum → Solanum tuberosum,2020-01-01,2020-12-30,365,965.11,1358.1355172078163,1430.5710024451942,-465.4610024451941,67.46327154334821,0.1345596224681971,50.47998957469757,37,10.136986301369864,0.0,0.0,0.0,0.0,0.0,0.0
Oryza sativa → Phaseolus vulgaris,2020-01-01,2020-10-16,290,827.07,1110.7042359489735,1147.3769361698887,-320.3069361698889,72.08354760562646,0.1331879735089324,46.93869500569448,37,12.758620689655173,0.0,0.0,0.0,0.0,0.0,0.0
Oryza sativa → Phaseolus vulgaris,2020-01-15,2020-10-30,290,845.3799999999999,1103.8084289745927,1146.8863770698126,-301.50637706981263,73.71087641304683,0.1337900461950178,48.73099254389002,35,12.06896551724138,18.30999999999983,-0.4905591000760978,18.80055910007627,1.6273288074203691,0.000602072686085392,1.792297538195541
Oryza sativa → Phaseolus vulgaris,2020-02-01,2020-11-16,290,825.3,1096.4278419801644,1139.9396982811231,-314.6396982811233,72.39856645438721,0.1347002868958073,51.11826173309471,29,10.0,-1.7700000000000955,-7.437237888765594,5.667237888765612,0.3150188487607437,0.0015123133868748806,4.1795667274002355
Oryza sativa → Phaseolus vulgaris,2020-02-15,2020-11-30,290,808.75,1077.0639897113556,1114.5919407930394,-305.8419407930394,72.56018731165139,0.1357716332832029,53.926494710280494,23,7.931034482758621,-18.32000000000005,-32.78499537684934,14.464995376849515,0.4766397060249261,0.002583659774270497,6.987799704586017
Oryza sativa → Phaseolus vulgaris,2020-03-01,2020-12-15,290,798.3399999999999,1066.4453812119325,1098.577611355889,-300.23761135588927,72.67033223211884,0.1365675118109532,56.03468944131436,13,4.482758620689655,-28.730000000000132,-48.79932481399965,20.06932481399963,0.5867846264923742,0.0033795383020207848,9.095994435619886
Oryza sativa → Phaseolus vulgaris,2020-03-15,2020-12-29,290,535.8399999999999,1062.0198310966512,1094.6542218246925,-558.8142218246923,48.95061740197757,0.1368563093501945,56.43078301017563,5,1.7241379310344829,-291.23000000000013,-52.72271434519621,-238.50728565480335,-23.132930203648897,0.0036683358412620826,9.492088004481154
Oryza sativa → Solanum tuberosum,2020-01-01,2020-09-11,255,790.06,974.1064338936992,1043.7206376193994,-253.66063761939927,75.6965007228401,0.1324323796941076,44.63464344766885,37,14.50980392156863,0.0,0.0,0.0,0.0,0.0,0.0
Oryza sativa → Solanum tuberosum,2020-01-15,2020-09-25,255,787.8799999999999,972.4335935691532,1044.7815562320502,-256.9015562320503,75.41097900325191,0.1330134191933799,46.43645591607582,35,13.725490196078432,-2.1800000000000637,1.0609186126507666,-3.2409186126510576,-0.28552171958818917,0.0005810394992722956,1.8018124684069718
Oryza sativa → Solanum tuberosum,2020-02-01,2020-10-12,255,731.56,981.7650668792846,1051.809301595028,-320.24930159502816,69.55253189818892,0.1333785022517629,47.42042567295054,29,11.372549019607844,-58.5,8.088663975628606,-66.58866397562889,-6.143968824651182,0.0009461225576553045,2.785782225281693
Oryza sativa → Solanum tuberosum,2020-02-15,2020-10-26,255,715.19,971.7966764680516,1039.9694811950408,-324.77948119504066,68.77028729517785,0.1343553000695856,50.20467674771243,23,9.019607843137257,-74.86999999999989,-3.751156424358669,-71.11884357564139,-6.926213427662248,0.0019229203754780044,5.570033300043583
Oryza sativa → Solanum tuberosum,2020-03-01,2020-11-10,255,784.03,954.2537264596916,1022.4807751571524,-238.45077515715244,76.67919231826112,0.135849842637339,54.21539883647082,13,5.098039215686274,-6.029999999999973,-21.23986246224706,15.209862462246832,0.9826915954210165,0.0034174629432314196,9.580755388801968
Oryza sativa → Solanum tuberosum,2020-03-15,2020-11-24,255,510.42,940.4162003194996,1007.7336463130168,-497.3136463130169,50.65028858245108,0.1373335377879294,57.81583712985529,5,1.96078431372549,-279.63999999999993,-35.986991306382606,-243.6530086936176,-25.046212140389017,0.0049011580938218,13.18119368218644
Oryza sativa → Solanum tuberosum,2020-04-01,2020-12-11,255,493.44999999999993,929.880786401124,997.2187013962308,-503.76870139623065,49.48262595848918,0.138231482272785,60.53985261392965,2,0.7843137254901961,-296.61,-46.50193622316863,-250.1080637768314,-26.21387476435092,0.005799102578677412,15.905209166260796
Oryza sativa → Solanum tuberosum,2020-04-15,2020-12-25,255,448.99,932.6645420480086,998.5349941037672,-549.5449941037673,44.96487380524805,0.13745061437435,58.05746438359756,2,0.7843137254901961,-341.06999999999994,-45.18564351563225,-295.884356484368,-30.731626917592052,0.0050182346802424005,13.422820935928712
Oryza sativa → Solanum tuberosum → Lycopersicon esculentum,2020-01-01,2020-12-30,365,965.11,1358.1355172078163,1428.9300963290875,-463.8200963290874,67.54074271928077,0.1345596224681971,50.479989574697576,37,10.136986301369864,0.0,0.0,0.0,0.0,0.0,0.0
Oryza sativa → Zea mays,2020-01-01,2020-12-10,345,920.81,1286.2500462103244,1338.6992757396652,-417.8892757396652,68.78393203665767,0.1349134206744855,51.60505493430432,37,10.72463768115942,0.0,0.0,0.0,0.0,0.0,0.0
Oryza sativa → Zea mays,2020-01-15,2020-12-24,345,910.47,1282.662530432066,1333.9445285332058,-423.4745285332059,68.25396262925155,0.1347689286630222,51.11679428066492,35,10.144927536231885,-10.339999999999918,-4.754747206459342,-5.58525279354069,-0.5299694074061279,-0.0001444920114632986,-0.48826065363940074
Phaseolus vulgaris → Lycopersicon esculentum,2020-01-01,2020-09-26,270,808.4200000000001,1031.648576196592,1004.2782691347244,-195.8582691347245,80.49760956159353,0.1328364309233922,45.87657870680419,37,13.703703703703704,0.0,0.0,0.0,0.0,0.0,0.0
Phaseolus vulgaris → Lycopersicon esculentum,2020-01-15,2020-10-10,270,791.5,1031.4027658462023,1000.076736683373,-208.5767366833731,79.14392675755151,0.133253290021309,47.13044238206752,35,12.962962962962962,-16.920000000000073,-4.201532451351341,-12.71846754864859,-1.3536828040420232,0.0004168590979168052,1.2538636752633323
Phaseolus vulgaris → Lycopersicon esculentum,2020-02-01,2020-10-27,270,731.74,1037.1516116761295,995.8952317650578,-264.1552317650579,73.47560031019661,0.1338091255889997,48.67236370811828,29,10.74074074074074,-76.68000000000006,-8.383037369666567,-68.29696263033341,-7.0220092513969234,0.0009726946656075097,2.795785001314094
Phaseolus vulgaris → Lycopersicon esculentum,2020-02-15,2020-11-10,270,794.44,1017.4133798707904,980.7065657446562,-186.26656574465628,81.0069013249419,0.1349615887048895,51.85295328462995,23,8.518518518518519,-13.980000000000018,-23.571703390068137,9.591703390068233,0.509291763348358,0.0021251577814973,5.976374577825759
Phaseolus vulgaris → Lycopersicon esculentum,2020-03-01,2020-11-25,270,798.3399999999999,997.6578135615568,965.4238284454792,-167.08382844547938,82.69321478065059,0.1365361828667421,55.94459767939351,13,4.814814814814815,-10.080000000000155,-38.854440689245166,28.774440689245125,2.1956052190570574,0.0036997519433498993,10.068018972589321
Phaseolus vulgaris → Lycopersicon esculentum,2020-03-15,2020-12-09,270,510.42,989.7068860126813,959.608572396523,-449.1885723965231,53.19043771412744,0.1374834732842389,58.32381009399426,5,1.851851851851852,-298.00000000000006,-44.669696738201424,-253.3303032617986,-27.307171847466094,0.004647042360846704,12.447231387190072
Phaseolus vulgaris → Lycopersicon esculentum,2020-04-01,2020-12-26,270,506.58,984.7984212238016,953.8235312117135,-447.2435312117134,53.1104531837722,0.1375586083848718,58.5059420510296,2,0.7407407407407408,-301.8400000000001,-50.45473792301084,-251.38526207698888,-27.387156377821334,0.004722177461479599,12.62936334422541
Phaseolus vulgaris → Oryza sativa,2020-01-01,2020-10-16,290,827.07,1110.7042359489735,1149.4002226900411,-322.33022269004124,71.95665910559303,0.1331879735089323,46.93869500569449,37,12.758620689655173,0.0,0.0,0.0,0.0,0.0,0.0
Phaseolus vulgaris → Oryza sativa,2020-01-15,2020-10-30,290,845.3799999999999,1103.8084289745923,1140.373091201447,-294.99309120144744,74.13187898965104,0.1337900461950178,48.730992543890025,35,12.06896551724138,18.30999999999983,-9.027131488594023,27.337131488593798,2.1752198840580093,0.000602072686085503,1.792297538195534
Phaseolus vulgaris → Oryza sativa,2020-02-01,2020-11-16,290,825.3,1096.4278419801644,1120.6163121453087,-295.3163121453088,73.64697363900093,0.1347002868958073,51.11826173309472,29,10.0,-1.7700000000000955,-28.783910544732407,27.013910544732425,1.6903145334079,0.0015123133868749916,4.179566727400228
Phaseolus vulgaris → Oryza sativa,2020-02-15,2020-11-30,290,808.75,1077.0639897113554,1103.6811569092429,-294.9311569092429,73.2775036465087,0.1357716332832029,53.926494710280494,23,7.931034482758621,-18.32000000000005,-45.719065780798246,27.399065780798367,1.3208445409156724,0.002583659774270608,6.987799704586003
Phaseolus vulgaris → Oryza sativa,2020-03-01,2020-12-15,290,798.3399999999999,1066.4453812119325,1095.1837288970555,-296.8437288970555,72.89553149260144,0.1365675118109532,56.03468944131437,13,4.482758620689655,-28.730000000000132,-54.2164937929856,25.486493792985755,0.9388723870084021,0.0033795383020208958,9.095994435619879
Phaseolus vulgaris → Oryza sativa,2020-03-15,2020-12-29,290,535.84,1062.0198310966512,1094.6810251311017,-558.8410251311016,48.94941884425433,0.1368563093501945,56.43078301017563,5,1.7241379310344829,-291.23,-54.71919755893941,-236.51080244106032,-23.0072402613387,0.0036683358412621936,9.49208800448114
Phaseolus vulgaris → Solanum tuberosum,2020-01-01,2020-10-11,285,821.08,1091.8375151884838,1054.6201307170545,-233.54013071705432,77.85552125216249,0.1330716838014491,46.55840532280189,37,12.982456140350877,0.0,0.0,0.0,0.0,0.0,0.0
Phaseolus vulgaris → Solanum tuberosum,2020-01-15,2020-10-25,285,806.74,1088.359417530902,1047.807622315442,-241.06762231544187,76.9931409944574,0.1336848489025182,48.39803511511839,35,12.280701754385964,-14.340000000000032,-6.812508401612604,-7.527491598387542,-0.8623802577050839,0.0006131651010690964,1.8396297923165008
Phaseolus vulgaris → Solanum tuberosum,2020-02-01,2020-11-11,285,824.75,1082.0138571226375,1031.4727163039956,-206.72271630399575,79.95848915473685,0.1344598254613708,50.44824605043862,29,10.175438596491228,3.669999999999959,-23.14741441305887,26.81741441305857,2.1029679025743633,0.00138814165992171,3.889840727636731
Phaseolus vulgaris → Solanum tuberosum,2020-02-15,2020-11-25,285,808.75,1060.8174669726557,1013.7048502521928,-204.95485025219267,79.78160504991139,0.1356585559712951,53.61548090170623,23,8.070175438596491,-12.330000000000041,-40.91528046486167,28.585280464861654,1.9260837977489018,0.0025868721698459884,7.057075578904339
Phaseolus vulgaris → Solanum tuberosum,2020-03-01,2020-12-10,285,798.3399999999999,1047.2712762638605,1004.1166288462324,-205.7766288462325,79.50670042356757,0.1367000072573621,56.45249608097568,13,4.56140350877193,-22.740000000000123,-50.503501870822106,27.763501870821813,1.6511791714050759,0.0036283234559129907,9.894090758173789
Phaseolus vulgaris → Solanum tuberosum,2020-03-15,2020-12-24,285,520.59,1045.1939247931862,1004.5656877072938,-483.9756877072938,51.822395127603386,0.1368947845965362,56.54132016102405,5,1.7543859649122806,-300.49,-50.05444300976069,-250.43555699023946,-26.033126124559104,0.003823100795087103,9.982914838222165
Solanum tuberosum → Lycopersicon esculentum,2020-01-01,2020-08-22,235,747.0899999999999,900.2072486390751,903.1583922835624,-156.06839228356245,82.71970967473862,0.1314692584005124,41.73127123100783,37,15.74468085106383,0.0,0.0,0.0,0.0,0.0,0.0
Solanum tuberosum → Lycopersicon esculentum,2020-01-15,2020-09-05,235,764.6500000000001,897.216111813191,901.8807865531394,-137.23078655313947,84.7839327991878,0.132353138559042,44.35313077442542,35,14.893617021276595,17.560000000000173,-1.2776057304230335,18.83760573042298,2.064223124449171,0.0008838801585295819,2.6218595434175924
Solanum tuberosum → Lycopersicon esculentum,2020-02-01,2020-09-22,235,711.4399999999998,902.6381062097868,898.5392193404664,-187.09921934046645,79.17740090657382,0.1330229621301305,46.36645821952158,29,12.340425531914894,-35.65000000000009,-4.619172943096032,-31.030827056904002,-3.5423087681648013,0.0015537037296181055,4.635186988513752
Solanum tuberosum → Lycopersicon esculentum,2020-02-15,2020-10-06,235,699.95,894.6356779890154,891.7668432978238,-191.81684329782388,78.49024722779892,0.1337514216714399,48.38215787107546,23,9.787234042553193,-47.13999999999987,-11.39154898573861,-35.748451014261434,-4.229462446939706,0.0022821632709275064,6.650886640067625
Solanum tuberosum → Lycopersicon esculentum,2020-03-01,2020-10-21,235,704.7799999999999,890.0900251420358,890.6230236608367,-185.84302366083668,79.13336858315839,0.1351672432801507,52.28980363394476,13,5.531914893617021,-42.31000000000006,-12.535368622725741,-29.774631377274233,-3.5863410915802376,0.003697984879638294,10.558532402936926
Solanum tuberosum → Lycopersicon esculentum,2020-03-15,2020-11-04,235,455.5,881.9184787168174,883.8996032702937,-428.3996032702938,51.53300197383498,0.1363475204742651,55.42912291264896,5,2.127659574468085,-291.5899999999999,-19.25878901326871,-272.3312109867314,-31.186707700903646,0.004878262073752693,13.697851681641126
Solanum tuberosum → Lycopersicon esculentum,2020-04-01,2020-11-21,235,493.4500000000001,864.5847077625363,869.7108978722339,-376.2608978722338,56.73724466454726,0.1381169825118589,60.0864869806744,2,0.851063829787234,-253.63999999999982,-33.447494411328535,-220.19250558867134,-25.982465010191362,0.006647724111346481,18.35521574966657
Solanum tuberosum → Lycopersicon esculentum,2020-04-15,2020-12-05,235,438.29,860.3677191040642,861.9314575617568,-423.6414575617568,50.84975100454514,0.138246109839925,60.46288759405731,2,0.851063829787234,-308.7999999999999,-41.226934721805605,-267.57306527819435,-31.869958670193483,0.00677685143941259,18.731616363049476
Solanum tuberosum → Lycopersicon esculentum,2020-05-01,2020-12-21,235,426.13,860.0078115612482,856.2227158364587,-430.0927158364588,49.768593161383976,0.1382858730416665,60.5868777119941,2,0.851063829787234,-320.9599999999999,-46.935676447103674,-274.02432355289636,-32.95111651335465,0.006816614641154101,18.855606480986268
Solanum tuberosum → Lycopersicon esculentum → Oryza sativa,2020-01-01,2020-12-30,365,965.11,1358.1355172078163,1427.7336845063594,-462.6236845063594,67.5973404895667,0.1345596224681971,50.47998957469757,37,10.136986301369864,0.0,0.0,0.0,0.0,0.0,0.0
Solanum tuberosum → Oryza sativa,2020-01-01,2020-09-11,255,790.06,974.1064338936992,1044.0958084775805,-254.0358084775806,75.66930099566285,0.1324323796941076,44.63464344766885,37,14.50980392156863,0.0,0.0,0.0,0.0,0.0,0.0
Solanum tuberosum → Oryza sativa,2020-01-15,2020-09-25,255,787.8800000000001,972.4335935691536,1042.1256071869673,-254.2456071869672,75.60317053591477,0.1330134191933799,46.43645591607582,35,13.725490196078432,-2.1799999999998363,-1.970201290613204,-0.20979870938660383,-0.06613045974808074,0.0005810394992722956,1.8018124684069718
Solanum tuberosum → Oryza sativa,2020-02-01,2020-10-12,255,731.56,981.7650668792847,1043.414635815245,-311.8546358152452,70.11210834975633,0.1333785022517629,47.42042567295056,29,11.372549019607844,-58.5,-0.6811726623354843,-57.81882733766463,-5.557192645906525,0.0009461225576553045,2.7857822252817073
Solanum tuberosum → Oryza sativa,2020-02-15,2020-10-26,255,715.19,971.7966764680516,1036.717769039221,-321.5277690392207,68.98598841059734,0.1343553000695856,50.20467674771242,23,9.019607843137257,-74.86999999999989,-7.378039438359565,-67.4919605616401,-6.683312585065508,0.0019229203754780044,5.570033300043569
Solanum tuberosum → Oryza sativa,2020-03-01,2020-11-10,255,784.03,954.2537264596916,1020.8963028687295,-236.8663028687297,76.79820152123847,0.135849842637339,54.21539883647081,13,5.098039215686274,-6.029999999999973,-23.199505608850927,17.169505608850898,1.1289005255756166,0.0034174629432314196,9.580755388801961
Solanum tuberosum → Oryza sativa,2020-03-15,2020-11-24,255,510.42,940.4162003194996,1006.4572955891016,-496.0372955891016,50.71452134501543,0.1373335377879294,57.815837129855296,5,1.96078431372549,-279.63999999999993,-37.638512888478886,-242.001487111521,-24.954779650647424,0.0049011580938218,13.181193682186446
Solanum tuberosum → Oryza sativa,2020-04-01,2020-12-11,255,493.4500000000001,929.880786401124,996.2223478138322,-502.7723478138322,49.532115102904,0.138231482272785,60.53985261392963,2,0.7843137254901961,-296.60999999999984,-47.87346066374823,-248.7365393362516,-26.13718589275885,0.005799102578677412,15.905209166260782
Solanum tuberosum → Oryza sativa,2020-04-15,2020-12-25,255,448.99,932.6645420480088,995.8706459274864,-546.8806459274865,45.08517264125615,0.13745061437435,58.05746438359757,2,0.7843137254901961,-341.06999999999994,-48.22516255009407,-292.8448374499059,-30.5841283544067,0.0050182346802424005,13.42282093592872
Solanum tuberosum → Oryza sativa → Lycopersicon esculentum,2020-01-01,2020-12-30,365,965.11,1358.1355172078163,1429.3052671872683,-464.1952671872687,67.52301430325245,0.1345596224681971,50.479989574697576,37,10.136986301369864,0.0,0.0,0.0,0.0,0.0,0.0
Solanum tuberosum → Phaseolus vulgaris,2020-01-01,2020-10-11,285,821.0799999999999,1091.8375151884838,1049.9700728505568,-228.8900728505568,78.2003241074153,0.1330716838014491,46.55840532280189,37,12.982456140350877,0.0,0.0,0.0,0.0,0.0,0.0
Solanum tuberosum → Phaseolus vulgaris,2020-01-15,2020-10-25,285,806.74,1088.359417530902,1051.7474162792564,-245.0074162792565,76.704728484524,0.1336848489025182,48.39803511511838,35,12.280701754385964,-14.339999999999918,1.7773434286996235,-16.117343428699684,-1.495595622891301,0.0006131651010690964,1.8396297923164937
Solanum tuberosum → Phaseolus vulgaris,2020-02-01,2020-11-11,285,824.75,1082.0138571226375,1041.1617383048213,-216.41173830482128,79.21439769221885,0.1344598254613708,50.44824605043861,29,10.175438596491228,3.6700000000000728,-8.808334545735534,12.478334545735521,1.0140735848035547,0.00138814165992171,3.8898407276367237
Solanum tuberosum → Phaseolus vulgaris,2020-02-15,2020-11-25,285,808.75,1060.817466972656,1019.7385095205724,-210.98850952057228,79.30954773692247,0.1356585559712951,53.61548090170624,23,8.070175438596491,-12.329999999999927,-30.231563329984397,17.901563329984526,1.10922362950717,0.0025868721698459884,7.057075578904353
Solanum tuberosum → Phaseolus vulgaris,2020-03-01,2020-12-10,285,798.3399999999999,1047.2712762638605,1004.6485805898652,-206.3085805898652,79.4646023917404,0.1367000072573621,56.45249608097567,13,4.56140350877193,-22.74000000000001,-45.32149226069157,22.58149226069162,1.2642782843251013,0.0036283234559129907,9.894090758173782
Solanum tuberosum → Phaseolus vulgaris,2020-03-15,2020-12-24,285,520.5899999999999,1045.1939247931862,1001.147049274955,-480.55704927495503,51.99935417849143,0.1368947845965362,56.54132016102405,5,1.7543859649122806,-300.49,-48.82302357560184,-251.66697642439823,-26.20096992892387,0.003823100795087103,9.982914838222165
Solanum tuberosum → Zea mays,2020-01-01,2020-12-05,340,920.81,1269.5135947639023,1245.4318302713773,-324.62183027137746,73.93499809615088,0.1349156119175912,51.63630778484071,37,10.882352941176473,0.0,0.0,0.0,0.0,0.0,0.0
Solanum tuberosum → Zea mays,2020-01-15,2020-12-19,340,901.88,1264.5239382447062,1239.130487302559,-337.250487302559,72.78329516072893,0.1349459283245617,51.65784980939443,35,10.294117647058822,-18.92999999999995,-6.30134296881829,-12.628657031181547,-1.1517029354219517,3.0316406970515297e-05,0.021542024553717454
Zea mays → Lycopersicon esculentum,2020-01-01,2020-11-20,325,920.81,1221.3947668050305,1203.1292413963208,-282.3192413963208,76.53458733421952,0.1345782505462948,50.57309246393675,37,11.384615384615383,0.0,0.0,0.0,0.0,0.0,0.0
Zea mays → Lycopersicon esculentum,2020-01-15,2020-12-04,325,900.3000000000001,1210.1042266997276,1187.6528274077732,-287.35282740777336,75.80498098632384,0.1351410066451017,52.30464013191795,35,10.76923076923077,-20.509999999999877,-15.47641398854762,-5.033586011452542,-0.7296063478956825,0.0005627560988069047,1.7315476679811965
Zea mays → Lycopersicon esculentum,2020-02-01,2020-12-21,325,828.6100000000001,1214.4695570203453,1182.4941264897475,-353.8841264897474,70.07307532763329,0.1350306241185618,51.8062410966684,29,8.923076923076923,-92.19999999999982,-20.635114906573335,-71.5648850934266,-6.461512006586233,0.0004523735722669897,1.2331486327316483
Zea mays → Oryza sativa,2020-01-01,2020-12-10,345,920.81,1286.2500462103246,1329.3563269342958,-408.5463269342959,69.26735754314514,0.1349134206744855,51.60505493430433,37,10.72463768115942,0.0,0.0,0.0,0.0,0.0,0.0
Zea mays → Oryza sativa,2020-01-15,2020-12-24,345,910.47,1282.662530432066,1321.3061290655614,-410.8361290655614,68.90681727510731,0.1347689286630222,51.11679428066492,35,10.144927536231885,-10.339999999999918,-8.050197868734358,-2.2898021312655032,-0.36054026803782335,-0.0001444920114632986,-0.48826065363940785
Zea mays → Solanum tuberosum,2020-01-01,2020-12-05,340,920.81,1269.5135947639026,1240.0119039002832,-319.2019039002832,74.25815809539583,0.1349156119175912,51.63630778484073,37,10.882352941176473,0.0,0.0,0.0,0.0,0.0,0.0
Zea mays → Solanum tuberosum,2020-01-15,2020-12-19,340,901.88,1264.5239382447062,1231.4000759857968,-329.52007598579667,73.24020987070351,0.1349459283245617,51.65784980939442,35,10.294117647058822,-18.92999999999995,-8.611827914486412,-10.318172085513481,-1.0179482246923186,3.0316406970515297e-05,0.021542024553689032
