fecha_inicio_escenario,rotacion,numero_etapa,cultivo,fecha_inicio,fecha_fin,dias,precipitacion_mm,ETo_mm,ETc_mm,balance_P_ETc_mm,demanda_no_cubierta_mm,cobertura_precipitacion_pct,sm_rootzone_media,percentil_humedad_medio,dias_humedad_menor_P10,porcentaje_dias_menor_P10
2020-01-01,Lycopersicon esculentum → Oryza sativa,1,Lycopersicon esculentum,2020-01-01,2020-04-19,110,486.66,425.9743400119402,434.135219788128,52.52478021187198,302.5722984633555,112.09871436772758,0.1275992113588885,32.09448124379678,35,31.818181818181817
2020-01-01,Lycopersicon esculentum → Oryza sativa,2,Oryza sativa,2020-04-20,2020-08-27,130,265.97,491.54238143776286,564.1530752194913,-298.18307521949134,389.2810723360399,47.14500579413146,0.1354052068880543,51.7373385620125,2,1.5384615384615383
2020-01-15,Lycopersicon esculentum → Oryza sativa,1,Lycopersicon esculentum,2020-01-15,2020-05-03,110,481.22,423.36057373770586,432.07906789310425,49.14093210689575,300.8264359926879,111.37313416882604,0.1273525989868423,31.15563708010253,33,30.0
2020-01-15,Lycopersicon esculentum → Oryza sativa,2,Oryza sativa,2020-05-04,2020-09-10,130,288.19999999999993,491.47975384283086,563.338380186621,-275.1383801866209,380.4698037917868,51.15930498194105,0.1369941156500806,56.85026382971694,2,1.5384615384615383
2020-02-01,Lycopersicon esculentum → Oryza sativa,1,Lycopersicon esculentum,2020-02-01,2020-05-20,110,429.69000000000005,433.69803823725385,434.0561795624266,-4.366179562426655,305.61942675610806,98.99409805273868,0.1262467464686116,27.447867773164877,29,26.36363636363636
2020-02-01,Lycopersicon esculentum → Oryza sativa,2,Oryza sativa,2020-05-21,2020-09-27,130,283.24,488.10440753507874,559.9223166521278,-276.68231665212784,374.6446679990567,50.585588674789896,0.1389103855722798,62.81089282505706,0,0.0
2020-02-15,Lycopersicon esculentum → Oryza sativa,1,Lycopersicon esculentum,2020-02-15,2020-06-03,110,454.11,421.9656452268717,425.2990329463087,28.81096705369135,285.2289378164104,106.77428463782292,0.1281615282070229,32.04998623409692,23,20.909090909090907
2020-02-15,Lycopersicon esculentum → Oryza sativa,2,Oryza sativa,2020-06-04,2020-10-11,130,254.91,494.05275342624736,566.0736384448466,-311.16363844484647,397.50914882324366,45.03124376190789,0.1387688676468454,63.109501119545975,0,0.0
2020-03-01,Lycopersicon esculentum → Oryza sativa,1,Lycopersicon esculentum,2020-03-01,2020-06-18,110,477.25,413.1006332536779,418.139817932632,59.1101820673681,266.7823841168196,114.13646333889484,0.1315351915715092,41.46212452586577,13,11.818181818181818
2020-03-01,Lycopersicon esculentum → Oryza sativa,2,Oryza sativa,2020-06-19,2020-10-26,130,227.53,495.5363898032746,568.3006617963074,-340.77066179630737,423.30939806339416,40.03690569017007,0.13841393359292,62.04606299439543,0,0.0
2020-03-15,Lycopersicon esculentum → Oryza sativa,1,Lycopersicon esculentum,2020-03-15,2020-07-02,110,201.03,414.5199402389384,419.885353514177,-218.85535351417704,281.10347197406867,47.87735469158545,0.133286814095283,45.55671064076184,5,4.545454545454546
2020-03-15,Lycopersicon esculentum → Oryza sativa,2,Oryza sativa,2020-07-03,2020-11-09,130,254.47,482.5694844182104,554.935511698297,-300.46551169829706,415.1192103641943,45.855778668990325,0.1394103442963498,64.81581822268907,0,0.0
2020-04-01,Lycopersicon esculentum → Oryza sativa,1,Lycopersicon esculentum,2020-04-01,2020-07-19,110,227.87,412.5179901697149,420.5891516385976,-192.7191516385976,276.9787303944015,54.17876307846461,0.1346294205720451,49.58622812395166,2,1.818181818181818
2020-04-01,Lycopersicon esculentum → Oryza sativa,2,Oryza sativa,2020-07-20,2020-11-26,130,265.58,467.3356987730655,536.9978252952345,-271.41782529523454,415.0723004858497,49.45643864646705,0.1411626550440604,69.3804718977887,0,0.0
2020-04-15,Lycopersicon esculentum → Oryza sativa,1,Lycopersicon esculentum,2020-04-15,2020-08-02,110,200.93,417.04333365179855,423.12568385987817,-222.19568385987816,286.93488737858013,47.48707243839629,0.1343818747099827,48.682034225051765,2,1.818181818181818
2020-04-15,Lycopersicon esculentum → Oryza sativa,2,Oryza sativa,2020-08-03,2020-12-10,130,237.36,460.0608368986877,527.6443037819064,-290.2843037819064,421.7211771446636,44.98485026725677,0.1413819359615444,70.00887788720709,0,0.0
2020-05-01,Lycopersicon esculentum → Oryza sativa,1,Lycopersicon esculentum,2020-05-01,2020-08-18,110,209.38,419.1190734153501,423.6565833229916,-214.2765833229916,286.4397578583081,49.422104657906566,0.1352926830676468,51.49925229316852,2,1.818181818181818
2020-05-01,Lycopersicon esculentum → Oryza sativa,2,Oryza sativa,2020-08-19,2020-12-26,130,226.57,457.9133920879133,524.4705596461856,-297.9005596461856,426.3696874015014,43.199755607416165,0.140330072513853,66.81330820216972,0,0.0
2020-01-01,Lycopersicon esculentum → Oryza sativa → Solanum tuberosum,1,Lycopersicon esculentum,2020-01-01,2020-04-19,110,486.66,425.9743400119402,434.135219788128,52.52478021187198,302.5722984633555,112.09871436772758,0.1275992113588885,32.09448124379678,35,31.818181818181817
2020-01-01,Lycopersicon esculentum → Oryza sativa → Solanum tuberosum,2,Oryza sativa,2020-04-20,2020-08-27,130,265.97,491.54238143776286,564.1530752194913,-298.18307521949134,389.2810723360399,47.14500579413146,0.1354052068880543,51.7373385620125,2,1.5384615384615383
2020-01-01,Lycopersicon esculentum → Oryza sativa → Solanum tuberosum,3,Solanum tuberosum,2020-08-28,2020-12-30,125,212.48,440.6187957581131,433.19193815591046,-220.71193815591047,357.03756053995744,49.04985095164125,0.1398053764477371,65.35159395908273,0,0.0
2020-01-01,Lycopersicon esculentum → Phaseolus vulgaris,1,Lycopersicon esculentum,2020-01-01,2020-04-19,110,486.66,425.9743400119402,434.135219788128,52.52478021187198,302.5722984633555,112.09871436772758,0.1275992113588885,32.09448124379678,35,31.818181818181817
2020-01-01,Lycopersicon esculentum → Phaseolus vulgaris,2,Phaseolus vulgaris,2020-04-20,2020-09-26,160,321.76,605.6742361846519,566.328681459361,-244.56868145936093,368.52003176551744,56.81506350179249,0.1364370193739886,55.351770712621786,2,1.25
2020-01-15,Lycopersicon esculentum → Phaseolus vulgaris,1,Lycopersicon esculentum,2020-01-15,2020-05-03,110,481.22,423.36057373770586,432.07906789310425,49.14093210689575,300.8264359926879,111.37313416882604,0.1273525989868423,31.15563708010253,33,30.0
2020-01-15,Lycopersicon esculentum → Phaseolus vulgaris,2,Phaseolus vulgaris,2020-05-04,2020-10-10,160,310.28,608.0421921084967,568.5011749591557,-258.22117495915575,383.7888546415767,54.57860311762632,0.1373100151075049,58.11312102716846,2,1.25
2020-02-01,Lycopersicon esculentum → Phaseolus vulgaris,1,Lycopersicon esculentum,2020-02-01,2020-05-20,110,429.69000000000005,433.69803823725385,434.0561795624266,-4.366179562426655,305.61942675610806,98.99409805273868,0.1262467464686116,27.447867773164877,29,26.36363636363636
2020-02-01,Lycopersicon esculentum → Phaseolus vulgaris,2,Phaseolus vulgaris,2020-05-21,2020-10-27,160,302.04999999999995,603.4535734388758,569.8012450743934,-267.7512450743934,396.80717681599833,53.00971217789534,0.1390082612342666,63.26420466339876,0,0.0
2020-02-15,Lycopersicon esculentum → Phaseolus vulgaris,1,Lycopersicon esculentum,2020-02-15,2020-06-03,110,454.11,421.9656452268717,425.2990329463087,28.81096705369135,285.2289378164104,106.77428463782292,0.1281615282070229,32.04998623409692,23,20.909090909090907
2020-02-15,Lycopersicon esculentum → Phaseolus vulgaris,2,Phaseolus vulgaris,2020-06-04,2020-11-10,160,340.33,595.4477346439188,564.1752443477133,-223.84524434771328,404.3525615833944,60.32345506288244,0.1396366302971727,65.4674931318714,0,0.0
2020-03-01,Lycopersicon esculentum → Phaseolus vulgaris,1,Lycopersicon esculentum,2020-03-01,2020-06-18,110,477.25,413.1006332536779,418.139817932632,59.1101820673681,266.7823841168196,114.13646333889484,0.1315351915715092,41.46212452586577,13,11.818181818181818
2020-03-01,Lycopersicon esculentum → Phaseolus vulgaris,2,Phaseolus vulgaris,2020-06-19,2020-11-25,160,321.09,584.5571803078789,551.321402277659,-230.231402277659,407.4668592853736,58.24007533055848,0.1399743643822148,65.90129797244386,0,0.0
2020-03-15,Lycopersicon esculentum → Phaseolus vulgaris,1,Lycopersicon esculentum,2020-03-15,2020-07-02,110,201.03,414.5199402389384,419.885353514177,-218.85535351417704,281.10347197406867,47.87735469158545,0.133286814095283,45.55671064076184,5,4.545454545454546
2020-03-15,Lycopersicon esculentum → Phaseolus vulgaris,2,Phaseolus vulgaris,2020-07-03,2020-12-09,160,309.39,575.1869457737429,538.4457825607951,-229.05578256079508,409.06275888677465,57.459824186675135,0.1403686764766461,67.10119096809156,0,0.0
2020-04-01,Lycopersicon esculentum → Phaseolus vulgaris,1,Lycopersicon esculentum,2020-04-01,2020-07-19,110,227.87,412.5179901697149,420.5891516385976,-192.7191516385976,276.9787303944015,54.17876307846461,0.1346294205720451,49.58622812395166,2,1.818181818181818
2020-04-01,Lycopersicon esculentum → Phaseolus vulgaris,2,Phaseolus vulgaris,2020-07-20,2020-12-26,160,278.71,572.2804310540866,533.0056909911962,-254.29569099119615,419.8764758861287,52.29024843650375,0.1395724250061902,64.63824537589566,0,0.0
2020-01-01,Lycopersicon esculentum → Solanum tuberosum,1,Lycopersicon esculentum,2020-01-01,2020-04-19,110,486.66,425.9743400119402,434.135219788128,52.52478021187198,302.5722984633555,112.09871436772758,0.1275992113588885,32.09448124379678,35,31.818181818181817
2020-01-01,Lycopersicon esculentum → Solanum tuberosum,2,Solanum tuberosum,2020-04-20,2020-08-22,125,260.43,474.2329086271348,469.74129905745286,-209.3112990574528,310.8767589640979,55.441154636085656,0.1348748997971414,50.21164641975357,2,1.6
2020-01-15,Lycopersicon esculentum → Solanum tuberosum,1,Lycopersicon esculentum,2020-01-15,2020-05-03,110,481.22,423.36057373770586,432.07906789310425,49.14093210689575,300.8264359926879,111.37313416882604,0.1273525989868423,31.15563708010253,33,30.0
2020-01-15,Lycopersicon esculentum → Solanum tuberosum,2,Solanum tuberosum,2020-05-04,2020-09-05,125,283.43,473.8555380754853,467.7744615568498,-184.34446155684984,306.5085324098834,60.5911658915039,0.1367536133825778,55.96692522542956,2,1.6
2020-02-01,Lycopersicon esculentum → Solanum tuberosum,1,Lycopersicon esculentum,2020-02-01,2020-05-20,110,429.69000000000005,433.69803823725385,434.0561795624266,-4.366179562426655,305.61942675610806,98.99409805273868,0.1262467464686116,27.447867773164877,29,26.36363636363636
2020-02-01,Lycopersicon esculentum → Solanum tuberosum,2,Solanum tuberosum,2020-05-21,2020-09-22,125,281.75,468.9400679725329,466.5660831981334,-184.81608319813336,299.9821113168247,60.388015791613206,0.1389860319122671,63.01481781231547,0,0.0
2020-02-15,Lycopersicon esculentum → Solanum tuberosum,1,Lycopersicon esculentum,2020-02-15,2020-06-03,110,454.11,421.9656452268717,425.2990329463087,28.81096705369135,285.2289378164104,106.77428463782292,0.1281615282070229,32.04998623409692,23,20.909090909090907
2020-02-15,Lycopersicon esculentum → Solanum tuberosum,2,Solanum tuberosum,2020-06-04,2020-10-06,125,245.84,472.6700327621437,469.1224333962599,-223.28243339625985,318.2961711244622,52.40423021773146,0.1386705279201268,62.75446891161656,0,0.0
2020-03-01,Lycopersicon esculentum → Solanum tuberosum,1,Lycopersicon esculentum,2020-03-01,2020-06-18,110,477.25,413.1006332536779,418.139817932632,59.1101820673681,266.7823841168196,114.13646333889484,0.1315351915715092,41.46212452586577,13,11.818181818181818
2020-03-01,Lycopersicon esculentum → Solanum tuberosum,2,Solanum tuberosum,2020-06-19,2020-10-21,125,227.53,476.98939188835766,472.3363332204803,-244.80633322048024,336.355159369786,48.17118311620377,0.1383634487837552,61.81816124905428,0,0.0
2020-03-15,Lycopersicon esculentum → Solanum tuberosum,1,Lycopersicon esculentum,2020-03-15,2020-07-02,110,201.03,414.5199402389384,419.885353514177,-218.85535351417704,281.10347197406867,47.87735469158545,0.133286814095283,45.55671064076184,5,4.545454545454546
2020-03-15,Lycopersicon esculentum → Solanum tuberosum,2,Solanum tuberosum,2020-07-03,2020-11-04,125,254.47,467.39853847787896,464.76388320460137,-210.29388320460131,338.4582494432218,54.75253331764929,0.1390409420877694,64.11684571190963,0,0.0
2020-04-01,Lycopersicon esculentum → Solanum tuberosum,1,Lycopersicon esculentum,2020-04-01,2020-07-19,110,227.87,412.5179901697149,420.5891516385976,-192.7191516385976,276.9787303944015,54.17876307846461,0.1346294205720451,49.58622812395166,2,1.818181818181818
2020-04-01,Lycopersicon esculentum → Solanum tuberosum,2,Solanum tuberosum,2020-07-20,2020-11-21,125,265.58,452.0667175928214,448.00067230550894,-182.4206723055089,337.1225902395085,59.28116103783226,0.1411860370188951,69.32671477459041,0,0.0
2020-04-15,Lycopersicon esculentum → Solanum tuberosum,1,Lycopersicon esculentum,2020-04-15,2020-08-02,110,200.93,417.04333365179855,423.12568385987817,-222.19568385987816,286.93488737858013,47.48707243839629,0.1343818747099827,48.682034225051765,2,1.818181818181818
2020-04-15,Lycopersicon esculentum → Solanum tuberosum,2,Solanum tuberosum,2020-08-03,2020-12-05,125,237.36,443.3243854522657,438.2998807478936,-200.9398807478937,346.05510403464376,54.154703303815744,0.1416466367542743,70.8300385587822,0,0.0
2020-05-01,Lycopersicon esculentum → Solanum tuberosum,1,Lycopersicon esculentum,2020-05-01,2020-08-18,110,209.38,419.1190734153501,423.6565833229916,-214.2765833229916,286.4397578583081,49.422104657906566,0.1352926830676468,51.49925229316852,2,1.818181818181818
2020-05-01,Lycopersicon esculentum → Solanum tuberosum,2,Solanum tuberosum,2020-08-19,2020-12-21,125,216.75,440.8887381458981,434.8648337915148,-218.11483379151477,363.98176614260257,49.84307379150263,0.1409198802188038,68.58398808056064,0,0.0
2020-01-01,Lycopersicon esculentum → Solanum tuberosum → Oryza sativa,1,Lycopersicon esculentum,2020-01-01,2020-04-19,110,486.66,425.9743400119402,434.135219788128,52.52478021187198,302.5722984633555,112.09871436772758,0.1275992113588885,32.09448124379678,35,31.818181818181817
2020-01-01,Lycopersicon esculentum → Solanum tuberosum → Oryza sativa,2,Solanum tuberosum,2020-04-20,2020-08-22,125,260.43,474.2329086271348,469.74129905745286,-209.3112990574528,310.8767589640979,55.441154636085656,0.1348748997971414,50.21164641975357,2,1.6
2020-01-01,Lycopersicon esculentum → Solanum tuberosum → Oryza sativa,3,Oryza sativa,2020-08-23,2020-12-30,130,218.02,457.9282685687412,524.5752922227969,-306.555292222797,431.0086017946546,41.56124072793784,0.1401460498213194,66.29498042675209,0,0.0
2020-01-01,Lycopersicon esculentum → Zea mays,1,Lycopersicon esculentum,2020-01-01,2020-04-19,110,486.66,425.9743400119402,434.135219788128,52.52478021187198,302.5722984633555,112.09871436772758,0.1275992113588885,32.09448124379678,35,31.818181818181817
2020-01-01,Lycopersicon esculentum → Zea mays,2,Zea mays,2020-04-20,2020-11-20,215,434.15,795.4204267930899,775.6523531441999,-341.5023531441998,558.9591420024165,55.9722404296359,0.1381489217584562,60.02726564633393,2,0.9302325581395348
2020-01-15,Lycopersicon esculentum → Zea mays,1,Lycopersicon esculentum,2020-01-15,2020-05-03,110,481.22,423.36057373770586,432.07906789310425,49.14093210689575,300.8264359926879,111.37313416882604,0.1273525989868423,31.15563708010253,33,30.0
2020-01-15,Lycopersicon esculentum → Zea mays,2,Zea mays,2020-05-04,2020-12-04,215,419.08,786.7436529620217,764.8339645160333,-345.75396451603325,565.8131379404854,54.793591739245365,0.1391257733539786,63.12506029796306,2,0.9302325581395348
2020-02-01,Lycopersicon esculentum → Zea mays,1,Lycopersicon esculentum,2020-02-01,2020-05-20,110,429.69000000000005,433.69803823725385,434.0561795624266,-4.366179562426655,305.61942675610806,98.99409805273868,0.1262467464686116,27.447867773164877,29,26.36363636363636
2020-02-01,Lycopersicon esculentum → Zea mays,2,Zea mays,2020-05-21,2020-12-21,215,398.92,780.7715187830918,757.0513005584423,-358.13130055844243,574.8236486725644,52.69391911825987,0.1395247010557457,64.26866465753065,0,0.0
2020-01-01,Oryza sativa → Lycopersicon esculentum,1,Oryza sativa,2020-01-01,2020-05-09,130,502.69,503.6412831609909,577.7748463342791,-75.08484633427915,420.7834925892886,87.00447989201008,0.1274661525582464,31.10488855656412,35,26.923076923076923
2020-01-01,Oryza sativa → Lycopersicon esculentum,2,Lycopersicon esculentum,2020-05-10,2020-08-27,110,249.94000000000003,413.8754382887124,419.6042179550046,-169.66421795500457,274.02749689485694,59.56565480159255,0.1369817301122979,56.47828579569032,2,1.818181818181818
2020-01-15,Oryza sativa → Lycopersicon esculentum,1,Oryza sativa,2020-01-15,2020-05-23,130,509.74,504.7441718245153,578.6910116685972,-68.9510116685972,408.9812573643869,88.08500386591733,0.1269547115724819,29.507851626460564,35,26.923076923076923
2020-01-15,Oryza sativa → Lycopersicon esculentum,2,Lycopersicon esculentum,2020-05-24,2020-09-10,110,259.67999999999995,410.09615575602135,418.2452095501012,-158.56520955010117,272.4416432909042,62.08797950832074,0.139217349260368,63.46939695667824,0,0.0
2020-02-01,Oryza sativa → Lycopersicon esculentum,1,Oryza sativa,2020-02-01,2020-06-09,130,480.42,507.8057749639989,581.3352058602177,-100.91520586021772,409.5486444760692,82.64078885246754,0.1283335349307609,32.84025430738652,29,22.30769230769231
2020-02-01,Oryza sativa → Lycopersicon esculentum,2,Lycopersicon esculentum,2020-06-10,2020-09-27,110,232.51,413.9966708083335,420.23299773206935,-187.72299773206933,278.211391683763,55.32882978129263,0.1387466608631339,62.86771329404824,0,0.0
2020-02-15,Oryza sativa → Lycopersicon esculentum,1,Oryza sativa,2020-02-15,2020-06-23,130,492.4,496.17068363229,568.1699119299733,-75.76991192997326,383.2639866539381,86.6642160489287,0.1305129690167421,39.08643827334377,23,17.692307692307693
2020-02-15,Oryza sativa → Lycopersicon esculentum,2,Lycopersicon esculentum,2020-06-24,2020-10-11,110,216.62,419.847715020829,425.0301705619801,-208.41017056198007,296.853012822206,50.96579372555655,0.1379184993153268,60.440878688699534,0,0.0
2020-03-01,Oryza sativa → Lycopersicon esculentum,1,Oryza sativa,2020-03-01,2020-07-08,130,515.9,490.455561875556,562.1922915971514,-46.29229159715146,374.303263640344,91.7657548335218,0.1319948064234966,42.7433278549956,13,10.0
2020-03-01,Oryza sativa → Lycopersicon esculentum,2,Lycopersicon esculentum,2020-07-09,2020-10-26,110,188.88,418.18146118139657,423.959974784556,-235.07997478455596,307.18928615810245,44.55137542075364,0.1391214327717368,64.27444787242922,0,0.0
2020-03-15,Oryza sativa → Lycopersicon esculentum,1,Oryza sativa,2020-03-15,2020-07-22,130,245.93,490.0534989320141,561.9811284965783,-316.0511284965784,389.2808854280281,43.76125594429055,0.1334332854773562,46.0522557187826,5,3.8461538461538463
2020-03-15,Oryza sativa → Lycopersicon esculentum,2,Lycopersicon esculentum,2020-07-23,2020-11-09,110,209.57,407.0359257251347,412.7485575304421,-203.1785575304421,307.56594744825634,50.77425376212085,0.1403506108813664,67.7318299635604,0,0.0
2020-04-01,Oryza sativa → Lycopersicon esculentum,1,Oryza sativa,2020-04-01,2020-08-08,130,264.29999999999995,489.5124285966377,561.6492059189115,-297.3492059189116,382.472137767046,47.05784272721974,0.1350365988551996,50.966362210376765,2,1.5384615384615383
2020-04-01,Oryza sativa → Lycopersicon esculentum,2,Lycopersicon esculentum,2020-08-09,2020-11-26,110,229.15,390.3412603461427,396.4021825447522,-167.25218254475217,310.63994352501226,57.80745164644241,0.1418693051588806,71.34835775452942,0,0.0
2020-04-15,Oryza sativa → Lycopersicon esculentum,1,Oryza sativa,2020-04-15,2020-08-22,130,264.57,491.061372979237,563.8218184877667,-299.2518184877666,389.47069534481074,46.92439904323079,0.1347061806501676,49.68678982341896,2,1.5384615384615383
2020-04-15,Oryza sativa → Lycopersicon esculentum,2,Lycopersicon esculentum,2020-08-23,2020-12-10,110,173.72,386.0427975712493,389.61813299497976,-215.8981329949798,327.7384707023066,44.587247175746406,0.142271403714337,72.69904739134681,0,0.0
2020-05-01,Oryza sativa → Lycopersicon esculentum,1,Oryza sativa,2020-05-01,2020-09-07,130,290.78000000000003,492.26003284610624,564.0774232631977,-273.29742326319774,379.7315829712111,51.54966109400952,0.1365873253402801,55.52958780420007,2,1.5384615384615383
2020-05-01,Oryza sativa → Lycopersicon esculentum,2,Lycopersicon esculentum,2020-09-08,2020-12-26,110,145.17000000000002,384.7724326571572,386.704255445127,-241.5342554451269,330.1452816182413,37.54031613458661,0.139715929727324,64.83455821804175,0,0.0
2020-01-01,Oryza sativa → Lycopersicon esculentum → Solanum tuberosum,1,Oryza sativa,2020-01-01,2020-05-09,130,502.69,503.6412831609909,577.7748463342791,-75.08484633427915,420.7834925892886,87.00447989201008,0.1274661525582464,31.10488855656412,35,26.923076923076923
2020-01-01,Oryza sativa → Lycopersicon esculentum → Solanum tuberosum,2,Lycopersicon esculentum,2020-05-10,2020-08-27,110,249.94000000000003,413.8754382887124,419.6042179550046,-169.66421795500457,274.02749689485694,59.56565480159255,0.1369817301122979,56.47828579569032,2,1.818181818181818
2020-01-01,Oryza sativa → Lycopersicon esculentum → Solanum tuberosum,3,Solanum tuberosum,2020-08-28,2020-12-30,125,212.48,440.6187957581131,433.19193815591046,-220.71193815591047,357.03756053995744,49.04985095164125,0.1398053764477371,65.35159395908273,0,0.0
2020-01-01,Oryza sativa → Phaseolus vulgaris,1,Oryza sativa,2020-01-01,2020-05-09,130,502.69,503.6412831609909,577.7748463342791,-75.08484633427915,420.7834925892886,87.00447989201008,0.1274661525582464,31.10488855656412,35,26.923076923076923
2020-01-01,Oryza sativa → Phaseolus vulgaris,2,Phaseolus vulgaris,2020-05-10,2020-10-16,160,324.38000000000005,607.062952787983,569.6020898356097,-245.22208983560972,386.6485206644103,56.94852701358906,0.1378369530313647,59.8036627456129,2,1.25
2020-01-15,Oryza sativa → Phaseolus vulgaris,1,Oryza sativa,2020-01-15,2020-05-23,130,509.74,504.7441718245153,578.6910116685972,-68.9510116685972,408.9812573643869,88.08500386591733,0.1269547115724819,29.507851626460564,35,26.923076923076923
2020-01-15,Oryza sativa → Phaseolus vulgaris,2,Phaseolus vulgaris,2020-05-24,2020-10-30,160,335.64,599.0642571500774,568.1953654012154,-232.55536540121545,398.07418988394056,59.07123155835619,0.1393437555758282,64.34979453930146,0,0.0
2020-02-01,Oryza sativa → Phaseolus vulgaris,1,Oryza sativa,2020-02-01,2020-06-09,130,480.42,507.8057749639989,581.3352058602177,-100.91520586021772,409.5486444760692,82.64078885246754,0.1283335349307609,32.84025430738652,29,22.30769230769231
2020-02-01,Oryza sativa → Phaseolus vulgaris,2,Phaseolus vulgaris,2020-06-10,2020-11-16,160,344.88,588.6220670161656,558.6044924209054,-213.7244924209056,402.3670927586336,61.73956791957463,0.1398732728674076,65.96914276648263,0,0.0
2020-02-15,Oryza sativa → Phaseolus vulgaris,1,Oryza sativa,2020-02-15,2020-06-23,130,492.4,496.17068363229,568.1699119299733,-75.76991192997326,383.2639866539381,86.6642160489287,0.1305129690167421,39.08643827334377,23,17.692307692307693
2020-02-15,Oryza sativa → Phaseolus vulgaris,2,Phaseolus vulgaris,2020-06-24,2020-11-30,160,316.35,580.8933060790655,546.4220288630661,-230.0720288630661,407.7911244343119,57.894810840299705,0.1400442979997023,65.98404056529158,0,0.0
2020-03-01,Oryza sativa → Phaseolus vulgaris,1,Oryza sativa,2020-03-01,2020-07-08,130,515.9,490.455561875556,562.1922915971514,-46.29229159715146,374.303263640344,91.7657548335218,0.1319948064234966,42.7433278549956,13,10.0
2020-03-01,Oryza sativa → Phaseolus vulgaris,2,Phaseolus vulgaris,2020-07-09,2020-12-15,160,282.44,575.9898193363765,536.3853197587378,-253.94531975873784,415.04479523479006,52.6561763709416,0.1402828349382616,66.83392073019836,0,0.0
2020-03-15,Oryza sativa → Phaseolus vulgaris,1,Oryza sativa,2020-03-15,2020-07-22,130,245.93,490.0534989320141,561.9811284965783,-316.0511284965784,389.2808854280281,43.76125594429055,0.1334332854773562,46.0522557187826,5,3.8461538461538463
2020-03-15,Oryza sativa → Phaseolus vulgaris,2,Phaseolus vulgaris,2020-07-23,2020-12-29,160,289.91,571.9663321646372,532.673093328114,-242.7630933281139,418.7996928183056,54.42550104955692,0.1396375162468757,64.86333643443247,0,0.0
2020-01-01,Oryza sativa → Solanum tuberosum,1,Oryza sativa,2020-01-01,2020-05-09,130,502.69,503.6412831609909,577.7748463342791,-75.08484633427915,420.7834925892886,87.00447989201008,0.1274661525582464,31.10488855656412,35,26.923076923076923
2020-01-01,Oryza sativa → Solanum tuberosum,2,Solanum tuberosum,2020-05-10,2020-09-11,125,287.36999999999995,470.4651507327085,465.9457912851202,-178.57579128512018,302.83645198497425,61.67455643443152,0.1375972559154033,58.70558853441776,2,1.6
2020-01-15,Oryza sativa → Solanum tuberosum,1,Oryza sativa,2020-01-15,2020-05-23,130,509.74,504.7441718245153,578.6910116685972,-68.9510116685972,408.9812573643869,88.08500386591733,0.1269547115724819,29.507851626460564,35,26.923076923076923
2020-01-15,Oryza sativa → Solanum tuberosum,2,Solanum tuberosum,2020-05-24,2020-09-25,125,278.14,467.689421744638,466.0905445634531,-187.95054456345312,303.9838509128455,59.67510030921348,0.1393144751191138,64.0422043772757,0,0.0
2020-02-01,Oryza sativa → Solanum tuberosum,1,Oryza sativa,2020-02-01,2020-06-09,130,480.42,507.8057749639989,581.3352058602177,-100.91520586021772,409.5486444760692,82.64078885246754,0.1283335349307609,32.84025430738652,29,22.30769230769231
2020-02-01,Oryza sativa → Solanum tuberosum,2,Solanum tuberosum,2020-06-10,2020-10-12,125,251.14,473.9592919152857,470.4740957348105,-219.33409573481043,321.84681234100634,53.38019718338726,0.1386252682656049,62.58380389313714,0,0.0
2020-02-15,Oryza sativa → Solanum tuberosum,1,Oryza sativa,2020-02-15,2020-06-23,130,492.4,496.17068363229,568.1699119299733,-75.76991192997326,383.2639866539381,86.6642160489287,0.1305129690167421,39.08643827334377,23,17.692307692307693
2020-02-15,Oryza sativa → Solanum tuberosum,2,Solanum tuberosum,2020-06-24,2020-10-26,125,222.79,475.6259928357616,471.7995692650674,-249.0095692650674,341.0811422060611,47.22132331469588,0.1383513243645429,61.76764476105584,0,0.0
2020-03-01,Oryza sativa → Solanum tuberosum,1,Oryza sativa,2020-03-01,2020-07-08,130,515.9,490.455561875556,562.1922915971514,-46.29229159715146,374.303263640344,91.7657548335218,0.1319948064234966,42.7433278549956,13,10.0
2020-03-01,Oryza sativa → Solanum tuberosum,2,Solanum tuberosum,2020-07-09,2020-11-10,125,268.13,463.7981645841355,460.288483560001,-192.15848356000097,337.1715218621203,58.25259800684278,0.139859080299735,66.14635265720503,0,0.0
2020-03-15,Oryza sativa → Solanum tuberosum,1,Oryza sativa,2020-03-15,2020-07-22,130,245.93,490.0534989320141,561.9811284965783,-316.0511284965784,389.2808854280281,43.76125594429055,0.1334332854773562,46.0522557187826,5,3.8461538461538463
2020-03-15,Oryza sativa → Solanum tuberosum,2,Solanum tuberosum,2020-07-23,2020-11-24,125,264.49,450.3627013874855,445.75251781643846,-181.26251781643847,337.51607706658547,59.33561548808063,0.1413898001909255,70.04996179737088,0,0.0
2020-04-01,Oryza sativa → Solanum tuberosum,1,Oryza sativa,2020-04-01,2020-08-08,130,264.29999999999995,489.5124285966377,561.6492059189115,-297.3492059189116,382.472137767046,47.05784272721974,0.1350365988551996,50.966362210376765,2,1.5384615384615383
2020-04-01,Oryza sativa → Solanum tuberosum,2,Solanum tuberosum,2020-08-09,2020-12-11,125,229.15,440.36835780448615,435.5694954773191,-206.4194954773191,354.0010814015545,52.60928563165008,0.1415541610270738,70.49628263362465,0,0.0
2020-04-15,Oryza sativa → Solanum tuberosum,1,Oryza sativa,2020-04-15,2020-08-22,130,264.57,491.061372979237,563.8218184877667,-299.2518184877666,389.47069534481074,46.92439904323079,0.1347061806501676,49.68678982341896,2,1.5384615384615383
2020-04-15,Oryza sativa → Solanum tuberosum,2,Solanum tuberosum,2020-08-23,2020-12-25,125,184.42,441.6031690687717,434.7131756160005,-250.2931756160006,365.4933661153128,42.42337484679911,0.1403048254474997,66.76296592618331,0,0.0
2020-01-01,Oryza sativa → Solanum tuberosum → Lycopersicon esculentum,1,Oryza sativa,2020-01-01,2020-05-09,130,502.69,503.6412831609909,577.7748463342791,-75.08484633427915,420.7834925892886,87.00447989201008,0.1274661525582464,31.10488855656412,35,26.923076923076923
2020-01-01,Oryza sativa → Solanum tuberosum → Lycopersicon esculentum,2,Solanum tuberosum,2020-05-10,2020-09-11,125,287.36999999999995,470.4651507327085,465.9457912851202,-178.57579128512018,302.83645198497425,61.67455643443152,0.1375972559154033,58.70558853441776,2,1.6
2020-01-01,Oryza sativa → Solanum tuberosum → Lycopersicon esculentum,3,Lycopersicon esculentum,2020-09-12,2020-12-30,110,175.05,384.0290833141169,385.209458709688,-210.15945870968804,322.73090441758603,45.44280937086905,0.13949095798995,64.03056468735508,0,0.0
2020-01-01,Oryza sativa → Zea mays,1,Oryza sativa,2020-01-01,2020-05-09,130,502.69,503.6412831609909,577.7748463342791,-75.08484633427915,420.7834925892886,87.00447989201008,0.1274661525582464,31.10488855656412,35,26.923076923076923
2020-01-01,Oryza sativa → Zea mays,2,Zea mays,2020-05-10,2020-12-10,215,418.12,782.6087630493337,760.924429405386,-342.8044294053861,567.2733289049602,54.948952069620645,0.1394164200005835,64.0005043720077,2,0.9302325581395348
2020-01-15,Oryza sativa → Zea mays,1,Oryza sativa,2020-01-15,2020-05-23,130,509.74,504.7441718245153,578.6910116685972,-68.9510116685972,408.9812573643869,88.08500386591733,0.1269547115724819,29.507851626460564,35,26.923076923076923
2020-01-15,Oryza sativa → Zea mays,2,Zea mays,2020-05-24,2020-12-24,215,400.73,777.9183586075505,755.2535168646087,-354.5235168646087,573.002539963346,53.05900483106751,0.1394938041131163,64.18266658320708,0,0.0
2020-01-01,Phaseolus vulgaris → Lycopersicon esculentum,1,Phaseolus vulgaris,2020-01-01,2020-06-08,160,571.4200000000001,617.3069114413081,583.7954178017076,-12.37541780170767,408.03302474963135,97.88017901060148,0.1287113595113623,33.98322387345316,37,23.125
2020-01-01,Phaseolus vulgaris → Lycopersicon esculentum,2,Lycopersicon esculentum,2020-06-09,2020-09-26,110,236.99999999999997,414.34166475528406,420.4828513330169,-183.48285133301684,275.812463360534,56.36377304060352,0.1388365347954359,63.176003918951146,0,0.0
2020-01-15,Phaseolus vulgaris → Lycopersicon esculentum,1,Phaseolus vulgaris,2020-01-15,2020-06-22,160,580.67,612.2594993654042,575.7677649702464,4.902235029753598,384.8514850051453,100.85142575323005,0.1300243352423421,37.89520378829733,35,21.875
2020-01-15,Phaseolus vulgaris → Lycopersicon esculentum,2,Lycopersicon esculentum,2020-06-23,2020-10-10,110,210.83,419.1432664807982,424.30897171312665,-213.4789717131267,297.2328133850284,49.68784872702178,0.1379499515179882,60.563516700278704,0,0.0
2020-02-01,Phaseolus vulgaris → Lycopersicon esculentum,1,Phaseolus vulgaris,2020-02-01,2020-07-09,160,545.63,620.1527831141374,572.8733390339568,-27.24333903395683,380.0551537442688,95.24443935898684,0.1302128047449513,38.13867912174042,29,18.125
2020-02-01,Phaseolus vulgaris → Lycopersicon esculentum,2,Lycopersicon esculentum,2020-07-10,2020-10-27,110,186.11,416.9988285619922,423.0218927311011,-236.91189273110103,308.84609119418525,43.99535891592804,0.1390401377257975,63.99408674284972,0,0.0
2020-02-15,Phaseolus vulgaris → Lycopersicon esculentum,1,Phaseolus vulgaris,2020-02-15,2020-07-23,160,545.26,610.9745574247374,568.6105745367199,-23.35057453671993,374.9555981803609,95.89339776951124,0.1311522952571976,40.66943414122649,23,14.374999999999998
2020-02-15,Phaseolus vulgaris → Lycopersicon esculentum,2,Lycopersicon esculentum,2020-07-24,2020-11-10,110,249.18,406.43882244605305,412.0959912079363,-162.91599120793634,305.7906468024935,60.4664945343446,0.1405023791742595,68.11989022048951,0,0.0
2020-03-01,Phaseolus vulgaris → Lycopersicon esculentum,1,Phaseolus vulgaris,2020-03-01,2020-08-07,160,569.1899999999999,606.3975172225794,568.149693180778,1.040306819222053,373.6102175725543,100.18310435290353,0.1328654619457665,45.33813859688579,13,8.125
2020-03-01,Phaseolus vulgaris → Lycopersicon esculentum,2,Lycopersicon esculentum,2020-08-08,2020-11-25,110,229.15,391.26029633897735,397.2741352647013,-168.12413526470144,310.8401608478831,57.68057360374562,0.1418754132972522,71.37217452667748,0,0.0
2020-03-15,Phaseolus vulgaris → Lycopersicon esculentum,1,Phaseolus vulgaris,2020-03-15,2020-08-21,160,325.37,603.8201922057118,569.863823476938,-244.493823476938,382.15709941676994,57.0960967507648,0.1340750078263226,48.15271253852026,5,3.125
2020-03-15,Phaseolus vulgaris → Lycopersicon esculentum,2,Lycopersicon esculentum,2020-08-22,2020-12-09,110,185.05,385.8866938069695,389.744748919585,-204.6947489195851,325.4340170975003,47.4797929960516,0.1424412412230263,73.11813381104736,0,0.0
2020-04-01,Phaseolus vulgaris → Lycopersicon esculentum,1,Phaseolus vulgaris,2020-04-01,2020-09-07,160,361.41,600.0259885666444,567.1192757665865,-205.70927576658653,372.16661601426415,63.727334873510486,0.136075449961936,54.15501843620874,2,1.25
2020-04-01,Phaseolus vulgaris → Lycopersicon esculentum,2,Lycopersicon esculentum,2020-09-08,2020-12-26,110,145.17000000000002,384.7724326571572,386.704255445127,-241.5342554451269,330.1452816182413,37.54031613458661,0.139715929727324,64.83455821804175,0,0.0
2020-01-01,Phaseolus vulgaris → Oryza sativa,1,Phaseolus vulgaris,2020-01-01,2020-06-08,160,571.4200000000001,617.3069114413081,583.7954178017076,-12.37541780170767,408.03302474963135,97.88017901060148,0.1287113595113623,33.98322387345316,37,23.125
2020-01-01,Phaseolus vulgaris → Oryza sativa,2,Oryza sativa,2020-06-09,2020-10-16,130,255.65,493.3973245076656,565.6048048883335,-309.9548048883336,398.9776004225754,45.199403857694,0.1386976522751725,62.883890245376136,0,0.0
2020-01-15,Phaseolus vulgaris → Oryza sativa,1,Phaseolus vulgaris,2020-01-15,2020-06-22,160,580.67,612.2594993654042,575.7677649702464,4.902235029753598,384.8514850051453,100.85142575323005,0.1300243352423421,37.89520378829733,35,21.875
2020-01-15,Phaseolus vulgaris → Oryza sativa,2,Oryza sativa,2020-06-23,2020-10-30,130,264.71,491.54892960918846,564.6053262312009,-299.895326231201,414.9841303087488,46.88407772681966,0.1384247673675417,62.06734793538873,0,0.0
2020-02-01,Phaseolus vulgaris → Oryza sativa,1,Phaseolus vulgaris,2020-02-01,2020-07-09,160,545.63,620.1527831141374,572.8733390339568,-27.24333903395683,380.0551537442688,95.24443935898684,0.1302128047449513,38.13867912174042,29,18.125
2020-02-01,Phaseolus vulgaris → Oryza sativa,2,Oryza sativa,2020-07-10,2020-11-16,130,279.67,476.2750588660272,547.7429731113521,-268.072973111352,413.24495401715177,51.05861941256619,0.1402233418507071,67.09313263937693,0,0.0
2020-02-15,Phaseolus vulgaris → Oryza sativa,1,Phaseolus vulgaris,2020-02-15,2020-07-23,160,545.26,610.9745574247374,568.6105745367199,-23.35057453671993,374.9555981803609,95.89339776951124,0.1311522952571976,40.66943414122649,23,14.374999999999998
2020-02-15,Phaseolus vulgaris → Oryza sativa,2,Oryza sativa,2020-07-24,2020-11-30,130,263.49,466.0894322866179,535.0705823725228,-271.58058237252294,415.35025908570674,49.24397054902095,0.1414569723921326,70.2428769491162,0,0.0
2020-03-01,Phaseolus vulgaris → Oryza sativa,1,Phaseolus vulgaris,2020-03-01,2020-08-07,160,569.1899999999999,606.3975172225794,568.149693180778,1.040306819222053,373.6102175725543,100.18310435290353,0.1328654619457665,45.33813859688579,13,8.125
2020-03-01,Phaseolus vulgaris → Oryza sativa,2,Oryza sativa,2020-08-08,2020-12-15,130,229.15,460.04786398935295,527.0340357162775,-297.88403571627754,430.1281042186515,43.47916538038545,0.1411238808757983,69.19967509599569,0,0.0
2020-03-15,Phaseolus vulgaris → Oryza sativa,1,Phaseolus vulgaris,2020-03-15,2020-08-21,160,325.37,603.8201922057118,569.863823476938,-244.493823476938,382.15709941676994,57.0960967507648,0.1340750078263226,48.15271253852026,5,3.125
2020-03-15,Phaseolus vulgaris → Oryza sativa,2,Oryza sativa,2020-08-22,2020-12-29,130,210.47,458.19963889093947,524.8172016541636,-314.3472016541636,430.5263502065768,40.10348733551849,0.1402794496872676,66.6191774368284,0,0.0
2020-01-01,Phaseolus vulgaris → Solanum tuberosum,1,Phaseolus vulgaris,2020-01-01,2020-06-08,160,571.4200000000001,617.3069114413081,583.7954178017076,-12.37541780170767,408.03302474963135,97.88017901060148,0.1287113595113623,33.98322387345316,37,23.125
2020-01-01,Phaseolus vulgaris → Solanum tuberosum,2,Solanum tuberosum,2020-06-09,2020-10-11,125,249.66,474.5306037471758,470.8247129153467,-221.16471291534663,322.44262430544484,53.02610359046474,0.1386528988927602,62.654637577968266,0,0.0
2020-01-15,Phaseolus vulgaris → Solanum tuberosum,1,Phaseolus vulgaris,2020-01-15,2020-06-22,160,580.67,612.2594993654042,575.7677649702464,4.902235029753598,384.8514850051453,100.85142575323005,0.1300243352423421,37.89520378829733,35,21.875
2020-01-15,Phaseolus vulgaris → Solanum tuberosum,2,Solanum tuberosum,2020-06-23,2020-10-25,125,226.07,476.09991816549774,472.03985734519546,-245.96985734519544,338.8129221197706,47.8921422592242,0.1383703063875436,61.84165921344934,0,0.0
2020-02-01,Phaseolus vulgaris → Solanum tuberosum,1,Phaseolus vulgaris,2020-02-01,2020-07-09,160,545.63,620.1527831141374,572.8733390339568,-27.24333903395683,380.0551537442688,95.24443935898684,0.1302128047449513,38.13867912174042,29,18.125
2020-02-01,Phaseolus vulgaris → Solanum tuberosum,2,Solanum tuberosum,2020-07-10,2020-11-11,125,279.12,461.8610740085001,458.599377270039,-179.47937727003895,335.9997002428016,60.86358024765581,0.1398960119783877,66.20449171917231,0,0.0
2020-02-15,Phaseolus vulgaris → Solanum tuberosum,1,Phaseolus vulgaris,2020-02-15,2020-07-23,160,545.26,610.9745574247374,568.6105745367199,-23.35057453671993,374.9555981803609,95.89339776951124,0.1311522952571976,40.66943414122649,23,14.374999999999998
2020-02-15,Phaseolus vulgaris → Solanum tuberosum,2,Solanum tuberosum,2020-07-24,2020-11-25,125,263.49,449.8429095479183,445.0942757154728,-181.60427571547277,338.19419909433304,59.19869438366725,0.1414265696853398,70.1864207551203,0,0.0
2020-03-01,Phaseolus vulgaris → Solanum tuberosum,1,Phaseolus vulgaris,2020-03-01,2020-08-07,160,569.1899999999999,606.3975172225794,568.149693180778,1.040306819222053,373.6102175725543,100.18310435290353,0.1328654619457665,45.33813859688579,13,8.125
2020-03-01,Phaseolus vulgaris → Solanum tuberosum,2,Solanum tuberosum,2020-08-08,2020-12-10,125,229.15,440.87375904128106,435.9669356654545,-206.8169356654546,353.69584033627,52.56132547075577,0.1416082252562045,70.67887366061073,0,0.0
2020-03-15,Phaseolus vulgaris → Solanum tuberosum,1,Phaseolus vulgaris,2020-03-15,2020-08-21,160,325.37,603.8201922057118,569.863823476938,-244.493823476938,382.15709941676994,57.0960967507648,0.1340750078263226,48.15271253852026,5,3.125
2020-03-15,Phaseolus vulgaris → Solanum tuberosum,2,Solanum tuberosum,2020-08-22,2020-12-24,125,195.22,441.3737325874744,434.7018642303559,-239.48186423035585,364.1663436812213,44.908940141225074,0.1405040988624095,67.27873791782889,0,0.0
2020-01-01,Solanum tuberosum → Lycopersicon esculentum,1,Solanum tuberosum,2020-01-01,2020-05-04,125,502.0999999999999,482.7544665636957,480.90026068142726,21.199739318572725,338.73738050300926,104.40834431832766,0.1275527241379022,31.489913272742797,35,28.000000000000004
2020-01-01,Solanum tuberosum → Lycopersicon esculentum,2,Lycopersicon esculentum,2020-05-05,2020-08-22,110,244.99,417.45278207537945,422.2581316021352,-177.26813160213516,278.9583939888876,58.019012936579095,0.135919865517115,53.369178001763565,2,1.818181818181818
2020-01-15,Solanum tuberosum → Lycopersicon esculentum,1,Solanum tuberosum,2020-01-15,2020-05-18,125,504.50000000000006,483.80977446782754,481.7026427725206,22.79735722747937,338.7569686503789,104.73266185467978,0.1270151590704917,29.81125297875344,35,28.000000000000004
2020-01-15,Solanum tuberosum → Lycopersicon esculentum,2,Lycopersicon esculentum,2020-05-19,2020-09-05,110,260.15,413.4063373453635,420.1781437806188,-160.02814378061885,273.3836860223332,61.91421516104087,0.1384190243414856,60.87799190587086,0,0.0
2020-02-01,Solanum tuberosum → Lycopersicon esculentum,1,Solanum tuberosum,2020-02-01,2020-06-04,125,470.6799999999999,488.7139717373104,478.2677330292664,-7.587733029266456,326.7154589343707,98.41349677068804,0.127810862109065,31.20207502962632,29,23.200000000000003
2020-02-01,Solanum tuberosum → Lycopersicon esculentum,2,Lycopersicon esculentum,2020-06-05,2020-09-22,110,240.76,413.9241344724763,420.2714863112,-179.5114863112,271.74802665823023,57.28677957983652,0.1389458030631596,63.59871184440256,0,0.0
2020-02-15,Solanum tuberosum → Lycopersicon esculentum,1,Solanum tuberosum,2020-02-15,2020-06-18,125,487.66,476.26028666477697,468.4171072429132,19.2428927570867,304.37078972492213,104.10806788640784,0.1301343212053179,37.88963505116208,23,18.4
2020-02-15,Solanum tuberosum → Lycopersicon esculentum,2,Lycopersicon esculentum,2020-06-19,2020-10-06,110,212.29,418.3753913242384,423.3497360549106,-211.0597360549106,293.65307089385016,50.14530113524505,0.1378617631102149,60.30547925734064,0,0.0
2020-03-01,Solanum tuberosum → Lycopersicon esculentum,1,Solanum tuberosum,2020-03-01,2020-07-03,125,489.0799999999999,472.4127892157131,466.8170420702869,22.26295792971311,305.7402558146507,104.76909708158448,0.1319934390559791,42.79068164582086,13,10.4
2020-03-01,Solanum tuberosum → Lycopersicon esculentum,2,Lycopersicon esculentum,2020-07-04,2020-10-21,110,215.7,417.6772359263226,423.8059815905498,-208.1059815905498,301.57615127433905,50.89593100844751,0.1387738389894365,63.084260438631,0,0.0
2020-03-15,Solanum tuberosum → Lycopersicon esculentum,1,Solanum tuberosum,2020-03-15,2020-07-17,125,241.52,471.4928607235688,467.46917806789486,-225.94917806789493,313.47212142779574,51.665438350017126,0.1334807827249168,46.21672526204827,5,4.0
2020-03-15,Solanum tuberosum → Lycopersicon esculentum,2,Lycopersicon esculentum,2020-07-18,2020-11-04,110,213.98,410.4256179932486,416.4304252023989,-202.4504252023989,305.6658594167115,51.384333864654266,0.1396051770076155,65.8977566065134,0,0.0
2020-04-01,Solanum tuberosum → Lycopersicon esculentum,1,Solanum tuberosum,2020-04-01,2020-08-03,125,259.13000000000005,470.1265652723866,469.0277356409893,-209.8977356409892,311.7830671058,55.24833188081387,0.1349742128774523,50.748720291985535,2,1.6
2020-04-01,Solanum tuberosum → Lycopersicon esculentum,2,Lycopersicon esculentum,2020-08-04,2020-11-21,110,234.32,394.45814249014967,400.68316223124464,-166.36316223124462,307.2584098583113,58.48012147432535,0.1416883116418665,70.69758549054812,0,0.0
2020-04-15,Solanum tuberosum → Lycopersicon esculentum,1,Solanum tuberosum,2020-04-15,2020-08-17,125,224.26,474.4490687772501,471.1395998315669,-246.87959983156696,317.89561510596513,47.59948008619384,0.1344420671686529,48.898433717459774,2,1.6
2020-04-15,Solanum tuberosum → Lycopersicon esculentum,2,Lycopersicon esculentum,2020-08-18,2020-12-05,110,214.03,385.9186503268141,390.79185773018986,-176.76185773018983,317.83667944027064,54.76828540981793,0.1425688856027342,73.60431245382723,0,0.0
2020-05-01,Solanum tuberosum → Lycopersicon esculentum,1,Solanum tuberosum,2020-05-01,2020-09-02,125,275.18,472.500576583357,467.0602791947935,-191.88027919479345,310.2666093310577,58.91744861592751,0.1362641411870717,54.42317324116033,2,1.6
2020-05-01,Solanum tuberosum → Lycopersicon esculentum,2,Lycopersicon esculentum,2020-09-03,2020-12-21,110,150.95,387.5072349778912,389.16243664166535,-238.21243664166536,333.3403802262019,38.78843017395134,0.140583295603706,67.59108733794157,0,0.0
2020-01-01,Solanum tuberosum → Lycopersicon esculentum → Oryza sativa,1,Solanum tuberosum,2020-01-01,2020-05-04,125,502.0999999999999,482.7544665636957,480.90026068142726,21.199739318572725,338.73738050300926,104.40834431832766,0.1275527241379022,31.489913272742797,35,28.000000000000004
2020-01-01,Solanum tuberosum → Lycopersicon esculentum → Oryza sativa,2,Lycopersicon esculentum,2020-05-05,2020-08-22,110,244.99,417.45278207537945,422.2581316021352,-177.26813160213516,278.9583939888876,58.019012936579095,0.135919865517115,53.369178001763565,2,1.818181818181818
2020-01-01,Solanum tuberosum → Lycopersicon esculentum → Oryza sativa,3,Oryza sativa,2020-08-23,2020-12-30,130,218.02,457.9282685687412,524.5752922227969,-306.555292222797,431.0086017946546,41.56124072793784,0.1401460498213194,66.29498042675209,0,0.0
2020-01-01,Solanum tuberosum → Oryza sativa,1,Solanum tuberosum,2020-01-01,2020-05-04,125,502.0999999999999,482.7544665636957,480.90026068142726,21.199739318572725,338.73738050300926,104.40834431832766,0.1275527241379022,31.489913272742797,35,28.000000000000004
2020-01-01,Solanum tuberosum → Oryza sativa,2,Oryza sativa,2020-05-05,2020-09-11,130,287.96,491.3519673300036,563.1955477961533,-275.2355477961533,380.318714221506,51.12966555343333,0.137124356190459,57.27380707740544,2,1.5384615384615383
2020-01-15,Solanum tuberosum → Oryza sativa,1,Solanum tuberosum,2020-01-15,2020-05-18,125,504.50000000000006,483.80977446782754,481.7026427725206,22.79735722747937,338.7569686503789,104.73266185467978,0.1270151590704917,29.81125297875344,35,28.000000000000004
2020-01-15,Solanum tuberosum → Oryza sativa,2,Oryza sativa,2020-05-19,2020-09-25,130,283.38,488.6238191013259,560.4229644144466,-277.0429644144466,374.9847219042271,50.56537972102683,0.1387809770038494,62.42222797119351,0,0.0
2020-02-01,Solanum tuberosum → Oryza sativa,1,Solanum tuberosum,2020-02-01,2020-06-04,125,470.6799999999999,488.7139717373104,478.2677330292664,-7.587733029266456,326.7154589343707,98.41349677068804,0.127810862109065,31.20207502962632,29,23.200000000000003
2020-02-01,Solanum tuberosum → Oryza sativa,2,Oryza sativa,2020-06-05,2020-10-12,130,260.88,493.0510951419743,565.1469027859787,-304.2669027859787,393.5610512366314,46.161449123042495,0.1387320023889724,63.01499359922386,0,0.0
2020-02-15,Solanum tuberosum → Oryza sativa,1,Solanum tuberosum,2020-02-15,2020-06-18,125,487.66,476.26028666477697,468.4171072429132,19.2428927570867,304.37078972492213,104.10806788640784,0.1301343212053179,37.88963505116208,23,18.4
2020-02-15,Solanum tuberosum → Oryza sativa,2,Oryza sativa,2020-06-19,2020-10-26,130,227.53,495.5363898032746,568.3006617963074,-340.77066179630737,423.30939806339416,40.03690569017007,0.13841393359292,62.04606299439543,0,0.0
2020-03-01,Solanum tuberosum → Oryza sativa,1,Solanum tuberosum,2020-03-01,2020-07-03,125,489.0799999999999,472.4127892157131,466.8170420702869,22.26295792971311,305.7402558146507,104.76909708158448,0.1319934390559791,42.79068164582086,13,10.4
2020-03-01,Solanum tuberosum → Oryza sativa,2,Oryza sativa,2020-07-04,2020-11-10,130,294.95,481.8409372439784,554.0792607984429,-259.12926079844283,411.499682908413,53.2324562328807,0.1395579230040311,65.20070382748037,0,0.0
2020-03-15,Solanum tuberosum → Oryza sativa,1,Solanum tuberosum,2020-03-15,2020-07-17,125,241.52,471.4928607235688,467.46917806789486,-225.94917806789493,313.47212142779574,51.665438350017126,0.1334807827249168,46.21672526204827,5,4.0
2020-03-15,Solanum tuberosum → Oryza sativa,2,Oryza sativa,2020-07-18,2020-11-24,130,268.9,468.9233395959308,538.9881175212067,-270.08811752120664,413.6871868478266,49.88978258679701,0.141038109963903,68.96882931043896,0,0.0
2020-04-01,Solanum tuberosum → Oryza sativa,1,Solanum tuberosum,2020-04-01,2020-08-03,125,259.13000000000005,470.1265652723866,469.0277356409893,-209.8977356409892,311.7830671058,55.24833188081387,0.1349742128774523,50.748720291985535,2,1.6
2020-04-01,Solanum tuberosum → Oryza sativa,2,Oryza sativa,2020-08-04,2020-12-11,130,234.32,459.75422112873736,527.194612172843,-292.874612172843,424.4771157986372,44.44658473163175,0.1413634720759895,69.95440292349127,0,0.0
2020-04-15,Solanum tuberosum → Oryza sativa,1,Solanum tuberosum,2020-04-15,2020-08-17,125,224.26,474.4490687772501,471.1395998315669,-246.87959983156696,317.89561510596513,47.59948008619384,0.1344420671686529,48.898433717459774,2,1.6
2020-04-15,Solanum tuberosum → Oryza sativa,2,Oryza sativa,2020-08-18,2020-12-25,130,224.73,458.2154732707586,524.7310460959195,-300.0010460959195,428.4176605172029,42.8276545998233,0.1403434482259818,66.8642246394993,0,0.0
2020-01-01,Solanum tuberosum → Oryza sativa → Lycopersicon esculentum,1,Solanum tuberosum,2020-01-01,2020-05-04,125,502.0999999999999,482.7544665636957,480.90026068142726,21.199739318572725,338.73738050300926,104.40834431832766,0.1275527241379022,31.489913272742797,35,28.000000000000004
2020-01-01,Solanum tuberosum → Oryza sativa → Lycopersicon esculentum,2,Oryza sativa,2020-05-05,2020-09-11,130,287.96,491.3519673300036,563.1955477961533,-275.2355477961533,380.318714221506,51.12966555343333,0.137124356190459,57.27380707740544,2,1.5384615384615383
2020-01-01,Solanum tuberosum → Oryza sativa → Lycopersicon esculentum,3,Lycopersicon esculentum,2020-09-12,2020-12-30,110,175.05,384.0290833141169,385.209458709688,-210.15945870968804,322.73090441758603,45.44280937086905,0.13949095798995,64.03056468735508,0,0.0
2020-01-01,Solanum tuberosum → Phaseolus vulgaris,1,Solanum tuberosum,2020-01-01,2020-05-04,125,502.0999999999999,482.7544665636957,480.90026068142726,21.199739318572725,338.73738050300926,104.40834431832766,0.1275527241379022,31.489913272742797,35,28.000000000000004
2020-01-01,Solanum tuberosum → Phaseolus vulgaris,2,Phaseolus vulgaris,2020-05-05,2020-10-11,160,318.98,609.0830486247883,569.0698121691296,-250.08981216912952,383.83885196769006,56.05287667327502,0.1373833710385951,58.33066473691056,2,1.25
2020-01-15,Solanum tuberosum → Phaseolus vulgaris,1,Solanum tuberosum,2020-01-15,2020-05-18,125,504.50000000000006,483.80977446782754,481.7026427725206,22.79735722747937,338.7569686503789,104.73266185467978,0.1270151590704917,29.81125297875344,35,28.000000000000004
2020-01-15,Solanum tuberosum → Phaseolus vulgaris,2,Phaseolus vulgaris,2020-05-19,2020-10-25,160,302.24,604.5496430630744,570.0447735067359,-267.80477350673584,396.21269642907765,53.020396650725296,0.1388955440837889,62.918958659153496,0,0.0
2020-02-01,Solanum tuberosum → Phaseolus vulgaris,1,Solanum tuberosum,2020-02-01,2020-06-04,125,470.6799999999999,488.7139717373104,478.2677330292664,-7.587733029266456,326.7154589343707,98.41349677068804,0.127810862109065,31.20207502962632,29,23.200000000000003
2020-02-01,Solanum tuberosum → Phaseolus vulgaris,2,Phaseolus vulgaris,2020-06-05,2020-11-11,160,354.07000000000005,593.2998853853271,562.894005275555,-208.82400527555484,402.3722631275288,62.901718028898046,0.1396543280803598,65.48431716044823,0,0.0
2020-02-15,Solanum tuberosum → Phaseolus vulgaris,1,Solanum tuberosum,2020-02-15,2020-06-18,125,487.66,476.26028666477697,468.4171072429132,19.2428927570867,304.37078972492213,104.10806788640784,0.1301343212053179,37.88963505116208,23,18.4
2020-02-15,Solanum tuberosum → Phaseolus vulgaris,2,Phaseolus vulgaris,2020-06-19,2020-11-25,160,321.09,584.5571803078789,551.321402277659,-230.231402277659,407.4668592853736,58.24007533055848,0.1399743643822148,65.90129797244386,0,0.0
2020-03-01,Solanum tuberosum → Phaseolus vulgaris,1,Solanum tuberosum,2020-03-01,2020-07-03,125,489.0799999999999,472.4127892157131,466.8170420702869,22.26295792971311,305.7402558146507,104.76909708158448,0.1319934390559791,42.79068164582086,13,10.4
2020-03-01,Solanum tuberosum → Phaseolus vulgaris,2,Phaseolus vulgaris,2020-07-04,2020-12-10,160,309.26,574.8584870481475,537.8315385195782,-228.57153851957827,409.0722949423906,57.501276487292174,0.1403770136646926,67.12578860844036,0,0.0
2020-03-15,Solanum tuberosum → Phaseolus vulgaris,1,Solanum tuberosum,2020-03-15,2020-07-17,125,241.52,471.4928607235688,467.46917806789486,-225.94917806789493,313.47212142779574,51.665438350017126,0.1334807827249168,46.21672526204827,5,4.0
2020-03-15,Solanum tuberosum → Phaseolus vulgaris,2,Phaseolus vulgaris,2020-07-18,2020-12-24,160,279.07,573.7010640696174,533.6778712070601,-254.60787120706007,419.4502331971834,52.29184402358786,0.1395619735587387,64.60740992584888,0,0.0
2020-01-01,Solanum tuberosum → Zea mays,1,Solanum tuberosum,2020-01-01,2020-05-04,125,502.0999999999999,482.7544665636957,480.90026068142726,21.199739318572725,338.73738050300926,104.40834431832766,0.1275527241379022,31.489913272742797,35,28.000000000000004
2020-01-01,Solanum tuberosum → Zea mays,2,Zea mays,2020-05-05,2020-12-05,215,418.71,786.7591282002068,764.5315695899501,-345.8215695899502,566.6434055915761,54.76686858393192,0.1391963606267127,63.34932785001392,2,0.9302325581395348
2020-01-15,Solanum tuberosum → Zea mays,1,Solanum tuberosum,2020-01-15,2020-05-18,125,504.50000000000006,483.80977446782754,481.7026427725206,22.79735722747937,338.7569686503789,104.73266185467978,0.1270151590704917,29.81125297875344,35,28.000000000000004
2020-01-15,Solanum tuberosum → Zea mays,2,Zea mays,2020-05-19,2020-12-19,215,397.38,780.7141637768786,757.4278445300383,-360.0478445300384,575.423432426596,52.464403424007024,0.1395568406815791,64.35935959465081,0,0.0
2020-01-01,Zea mays → Lycopersicon esculentum,1,Zea mays,2020-01-01,2020-08-02,215,683.45,826.1892093116369,801.7120231523895,-118.26202315238945,551.8466998327838,85.24881506861097,0.1310022253846359,40.47716198603754,37,17.209302325581397
2020-01-01,Zea mays → Lycopersicon esculentum,2,Lycopersicon esculentum,2020-08-03,2020-11-20,110,237.36,395.20555749339337,401.41721824393136,-164.05721824393137,304.9201910650001,59.130497948835405,0.1415677542713555,70.30604748892156,0,0.0
2020-01-15,Zea mays → Lycopersicon esculentum,1,Zea mays,2020-01-15,2020-08-16,215,685.19,825.1085093596887,797.2472301874134,-112.05723018741344,541.7091077587778,85.94448171854151,0.1313444495720918,41.42176736663704,35,16.27906976744186
2020-01-15,Zea mays → Lycopersicon esculentum,2,Lycopersicon esculentum,2020-08-17,2020-12-04,110,215.11,384.9957173400389,390.4055972203599,-175.2955972203599,315.8022551409966,55.09910757723683,0.1425615500150756,73.5757096276943,0,0.0
2020-02-01,Zea mays → Lycopersicon esculentum,1,Zea mays,2020-02-01,2020-09-02,215,677.6600000000001,826.9623220424542,793.3316898480821,-115.67168984808204,537.0430654062415,85.41950468785227,0.1321897224284881,43.73027325229607,29,13.488372093023257
2020-02-01,Zea mays → Lycopersicon esculentum,2,Lycopersicon esculentum,2020-09-03,2020-12-21,110,150.95,387.5072349778912,389.16243664166535,-238.21243664166536,333.3403802262019,38.78843017395134,0.140583295603706,67.59108733794157,0,0.0
2020-01-01,Zea mays → Oryza sativa,1,Zea mays,2020-01-01,2020-08-02,215,683.45,826.1892093116369,801.7120231523895,-118.26202315238945,551.8466998327838,85.24881506861097,0.1310022253846359,40.47716198603754,37,17.209302325581397
2020-01-01,Zea mays → Oryza sativa,2,Oryza sativa,2020-08-03,2020-12-10,130,237.36,460.0608368986877,527.6443037819064,-290.2843037819064,421.7211771446636,44.98485026725677,0.1413819359615444,70.00887788720709,0,0.0
2020-01-15,Zea mays → Oryza sativa,1,Zea mays,2020-01-15,2020-08-16,215,685.19,825.1085093596887,797.2472301874134,-112.05723018741344,541.7091077587778,85.94448171854151,0.1313444495720918,41.42176736663704,35,16.27906976744186
2020-01-15,Zea mays → Oryza sativa,2,Oryza sativa,2020-08-17,2020-12-24,130,225.28,457.5540210723772,524.0588988781479,-298.778898878148,427.1429999653989,42.98753450847921,0.140432490236484,67.15087725386486,0,0.0
2020-01-01,Zea mays → Solanum tuberosum,1,Zea mays,2020-01-01,2020-08-02,215,683.45,826.1892093116369,801.7120231523895,-118.26202315238945,551.8466998327838,85.24881506861097,0.1310022253846359,40.47716198603754,37,17.209302325581397
2020-01-01,Zea mays → Solanum tuberosum,2,Solanum tuberosum,2020-08-03,2020-12-05,125,237.36,443.3243854522657,438.2998807478936,-200.9398807478937,346.05510403464376,54.154703303815744,0.1416466367542743,70.8300385587822,0,0.0
2020-01-15,Zea mays → Solanum tuberosum,1,Zea mays,2020-01-15,2020-08-16,215,685.19,825.1085093596887,797.2472301874134,-112.05723018741344,541.7091077587778,85.94448171854151,0.1313444495720918,41.42176736663704,35,16.27906976744186
2020-01-15,Zea mays → Solanum tuberosum,2,Solanum tuberosum,2020-08-17,2020-12-19,125,216.69,439.4154288850176,434.1528457983833,-217.46284579838328,362.1547121303934,49.91099381175746,0.1411404717788099,69.26391161093713,0,0.0
