id_escenario,numero_etapas,etapa,cultivo,fecha_inicio,fecha_fin,dias,precipitacion_mm,ETo_mm,ETc_mm,balance_P_ETc_mm,demanda_no_cubierta_mm,cobertura_precipitacion_pct,sm_rootzone_media_v5,sm_rootzone_min_v5,sm_rootzone_max_v5,smap_percentil_medio_v5,smap_percentil_min_v5,smap_percentil_max_v5,dias_smap_bajo_P10,porcentaje_smap_bajo_P10,dias_smap_P10_P25,dias_smap_P25_P50,dias_smap_P50_P75,dias_smap_P75_P90,dias_smap_sobre_P90
1,2,1,Lycopersicon esculentum,2020-01-01,2020-04-19,110,486.66,425.9743400119402,434.135219788128,52.52478021187198,302.5722984633555,100.0,0.12759921135888852,0.1120529761537909,0.1583303194493055,30.12916045702931,0.273224043715847,99.72677595628416,35,31.818181818181817,21,30,15,4,5
1,2,2,Oryza sativa,2020-04-20,2020-08-27,130,265.97,491.54238143776286,564.1530752194913,-298.18307521949134,389.2810723360399,47.14500579413146,0.13540520688805438,0.1186240669339894,0.1563541945070027,51.75704077343422,5.737704918032787,98.63387978142076,2,1.5384615384615385,25,40,33,15,15
2,2,1,Lycopersicon esculentum,2020-01-01,2020-04-19,110,486.66,425.9743400119402,434.135219788128,52.52478021187198,302.5722984633555,100.0,0.12759921135888852,0.1120529761537909,0.1583303194493055,30.12916045702931,0.273224043715847,99.72677595628416,35,31.818181818181817,21,30,15,4,5
2,2,2,Phaseolus vulgaris,2020-04-20,2020-09-26,160,321.76,605.6742361846519,566.328681459361,-244.56868145936093,368.52003176551744,56.81506350179249,0.13643701937398867,0.1186240669339894,0.1563541945070027,55.42691256830601,5.737704918032787,98.63387978142076,2,1.25,25,42,48,27,16
3,2,1,Lycopersicon esculentum,2020-01-01,2020-04-19,110,486.66,425.9743400119402,434.135219788128,52.52478021187198,302.5722984633555,100.0,0.12759921135888852,0.1120529761537909,0.1583303194493055,30.12916045702931,0.273224043715847,99.72677595628416,35,31.818181818181817,21,30,15,4,5
3,2,2,Solanum tuberosum,2020-04-20,2020-08-22,125,260.43,474.2329086271348,469.74129905745286,-209.3112990574528,310.8767589640979,55.441154636085656,0.13487489979714148,0.1186240669339894,0.1563541945070027,50.128961748633884,5.737704918032787,98.63387978142076,2,1.6,25,40,33,14,11
4,2,1,Lycopersicon esculentum,2020-01-01,2020-04-19,110,486.66,425.9743400119402,434.135219788128,52.52478021187198,302.5722984633555,100.0,0.12759921135888852,0.1120529761537909,0.1583303194493055,30.12916045702931,0.273224043715847,99.72677595628416,35,31.818181818181817,21,30,15,4,5
4,2,2,Zea mays,2020-04-20,2020-11-20,215,434.15,795.4204267930899,775.6523531441999,-341.5023531441998,558.9591420024165,55.9722404296359,0.13814892175845622,0.1186240669339894,0.1587610784918069,60.49180327868852,5.737704918032787,100.0,2,0.9302325581395349,25,50,63,45,30
5,2,1,Oryza sativa,2020-01-01,2020-05-09,130,502.69,503.6412831609909,577.7748463342791,-75.08484633427915,420.7834925892886,87.00447989201008,0.12746615255824642,0.1120529761537909,0.1583303194493055,29.33795712484237,0.273224043715847,99.72677595628416,35,26.923076923076923,34,37,15,4,5
5,2,2,Lycopersicon esculentum,2020-05-10,2020-08-27,110,249.94000000000003,413.8754382887124,419.6042179550046,-169.66421795500457,274.02749689485694,59.56565480159255,0.13698173011229792,0.1186240669339894,0.1563541945070027,56.62444113263785,5.737704918032787,98.63387978142076,2,1.8181818181818181,12,33,33,15,15
6,2,1,Oryza sativa,2020-01-01,2020-05-09,130,502.69,503.6412831609909,577.7748463342791,-75.08484633427915,420.7834925892886,87.00447989201008,0.12746615255824642,0.1120529761537909,0.1583303194493055,29.33795712484237,0.273224043715847,99.72677595628416,35,26.923076923076923,34,37,15,4,5
6,2,2,Phaseolus vulgaris,2020-05-10,2020-10-16,160,324.38000000000005,607.062952787983,569.6020898356097,-245.22208983560972,386.6485206644103,56.94852701358906,0.13783695303136478,0.1186240669339894,0.1563541945070027,59.92315573770492,5.737704918032787,98.63387978142076,2,1.25,12,42,55,33,16
7,2,1,Oryza sativa,2020-01-01,2020-05-09,130,502.69,503.6412831609909,577.7748463342791,-75.08484633427915,420.7834925892886,87.00447989201008,0.12746615255824642,0.1120529761537909,0.1583303194493055,29.33795712484237,0.273224043715847,99.72677595628416,35,26.923076923076923,34,37,15,4,5
7,2,2,Solanum tuberosum,2020-05-10,2020-09-11,125,287.36999999999995,470.4651507327085,465.9457912851202,-178.57579128512018,302.83645198497425,61.67455643443152,0.1375972559154033,0.1186240669339894,0.1563541945070027,58.88961748633879,5.737704918032787,98.63387978142076,2,1.6,12,34,38,24,15
8,2,1,Oryza sativa,2020-01-01,2020-05-09,130,502.69,503.6412831609909,577.7748463342791,-75.08484633427915,420.7834925892886,87.00447989201008,0.12746615255824642,0.1120529761537909,0.1583303194493055,29.33795712484237,0.273224043715847,99.72677595628416,35,26.923076923076923,34,37,15,4,5
8,2,2,Zea mays,2020-05-10,2020-12-10,215,418.12,782.6087630493337,760.924429405386,-342.8044294053861,567.2733289049602,54.948952069620645,0.13941642000058357,0.1186240669339894,0.1587610784918069,64.58889312492059,5.737704918032787,100.0,2,0.9302325581395349,12,45,73,51,32
9,2,1,Phaseolus vulgaris,2020-01-01,2020-06-08,160,571.4200000000001,617.3069114413081,583.7954178017076,-12.37541780170767,408.03302474963135,97.88017901060148,0.1287113595113623,0.1120529761537909,0.1583303194493055,32.69808743169399,0.273224043715847,99.72677595628416,37,23.125,46,40,19,6,12
9,2,2,Lycopersicon esculentum,2020-06-09,2020-09-26,110,236.99999999999997,414.34166475528406,420.4828513330169,-183.48285133301684,275.812463360534,56.36377304060352,0.13883653479543595,0.1296029929071664,0.1531656049191951,63.1892697466468,30.87431693989071,97.26775956284153,0,0.0,0,32,44,25,9
10,2,1,Phaseolus vulgaris,2020-01-01,2020-06-08,160,571.4200000000001,617.3069114413081,583.7954178017076,-12.37541780170767,408.03302474963135,97.88017901060148,0.1287113595113623,0.1120529761537909,0.1583303194493055,32.69808743169399,0.273224043715847,99.72677595628416,37,23.125,46,40,19,6,12
10,2,2,Oryza sativa,2020-06-09,2020-10-16,130,255.65,493.3973245076656,565.6048048883335,-309.9548048883336,398.9776004225754,45.199403857694,0.1386976522751725,0.1296029929071664,0.1531656049191951,62.8457335014712,30.87431693989071,97.26775956284153,0,0.0,0,39,51,31,9
11,2,1,Phaseolus vulgaris,2020-01-01,2020-06-08,160,571.4200000000001,617.3069114413081,583.7954178017076,-12.37541780170767,408.03302474963135,97.88017901060148,0.1287113595113623,0.1120529761537909,0.1583303194493055,32.69808743169399,0.273224043715847,99.72677595628416,37,23.125,46,40,19,6,12
11,2,2,Solanum tuberosum,2020-06-09,2020-10-11,125,249.66,474.5306037471758,470.8247129153467,-221.16471291534663,322.44262430544484,53.02610359046474,0.13865289889276022,0.1296029929071664,0.1531656049191951,62.61639344262294,30.87431693989071,97.26775956284153,0,0.0,0,39,47,30,9
12,2,1,Solanum tuberosum,2020-01-01,2020-05-04,125,502.0999999999999,482.7544665636957,480.90026068142726,21.199739318572725,338.73738050300926,100.0,0.1275527241379022,0.1120529761537909,0.1583303194493055,29.65464480874317,0.273224043715847,99.72677595628416,35,28.000000000000004,30,36,15,4,5
12,2,2,Lycopersicon esculentum,2020-05-05,2020-08-22,110,244.99,417.45278207537945,422.2581316021352,-177.26813160213516,278.9583939888876,58.019012936579095,0.135919865517115,0.1186240669339894,0.1563541945070027,53.39542970690512,5.737704918032787,98.63387978142076,2,1.8181818181818181,16,34,33,14,11
13,2,1,Solanum tuberosum,2020-01-01,2020-05-04,125,502.0999999999999,482.7544665636957,480.90026068142726,21.199739318572725,338.73738050300926,100.0,0.1275527241379022,0.1120529761537909,0.1583303194493055,29.65464480874317,0.273224043715847,99.72677595628416,35,28.000000000000004,30,36,15,4,5
13,2,2,Oryza sativa,2020-05-05,2020-09-11,130,287.96,491.3519673300036,563.1955477961533,-275.2355477961533,380.318714221506,51.12966555343333,0.13712435619045904,0.1186240669339894,0.1563541945070027,57.44850777637663,5.737704918032787,98.63387978142076,2,1.5384615384615385,16,35,38,24,15
14,2,1,Solanum tuberosum,2020-01-01,2020-05-04,125,502.0999999999999,482.7544665636957,480.90026068142726,21.199739318572725,338.73738050300926,100.0,0.1275527241379022,0.1120529761537909,0.1583303194493055,29.65464480874317,0.273224043715847,99.72677595628416,35,28.000000000000004,30,36,15,4,5
14,2,2,Phaseolus vulgaris,2020-05-05,2020-10-11,160,318.98,609.0830486247883,569.0698121691296,-250.08981216912952,383.83885196769006,56.05287667327502,0.13738337103859516,0.1186240669339894,0.1563541945070027,58.449453551912576,5.737704918032787,98.63387978142076,2,1.25,16,43,51,32,16
15,2,1,Solanum tuberosum,2020-01-01,2020-05-04,125,502.0999999999999,482.7544665636957,480.90026068142726,21.199739318572725,338.73738050300926,100.0,0.1275527241379022,0.1120529761537909,0.1583303194493055,29.65464480874317,0.273224043715847,99.72677595628416,35,28.000000000000004,30,36,15,4,5
15,2,2,Zea mays,2020-05-05,2020-12-05,215,418.71,786.7591282002068,764.5315695899501,-345.8215695899502,566.6434055915761,54.76686858393192,0.13919636062671273,0.1186240669339894,0.1587610784918069,63.943321896047784,5.737704918032787,100.0,2,0.9302325581395349,16,44,70,51,32
16,2,1,Zea mays,2020-01-01,2020-08-02,215,683.45,826.1892093116369,801.7120231523895,-118.26202315238945,551.8466998327838,85.24881506861097,0.1310022253846359,0.1120529761537909,0.1583303194493055,39.42432329393824,0.273224043715847,99.72677595628416,37,17.209302325581397,46,62,38,17,15
16,2,2,Lycopersicon esculentum,2020-08-03,2020-11-20,110,237.36,395.20555749339337,401.41721824393136,-164.05721824393137,304.9201910650001,59.130497948835405,0.1415677542713555,0.1308848466724157,0.1587610784918069,71.30650769995032,34.42622950819672,100.0,0,0.0,0,18,40,32,20
17,2,1,Zea mays,2020-01-01,2020-08-02,215,683.45,826.1892093116369,801.7120231523895,-118.26202315238945,551.8466998327838,85.24881506861097,0.1310022253846359,0.1120529761537909,0.1583303194493055,39.42432329393824,0.273224043715847,99.72677595628416,37,17.209302325581397,46,62,38,17,15
17,2,2,Oryza sativa,2020-08-03,2020-12-10,130,237.36,460.0608368986877,527.6443037819064,-290.2843037819064,421.7211771446636,44.98485026725677,0.14138193596154447,0.1308848466724157,0.1587610784918069,70.95628415300547,34.42622950819672,100.0,0,0.0,0,20,50,38,22
18,2,1,Zea mays,2020-01-01,2020-08-02,215,683.45,826.1892093116369,801.7120231523895,-118.26202315238945,551.8466998327838,85.24881506861097,0.1310022253846359,0.1120529761537909,0.1583303194493055,39.42432329393824,0.273224043715847,99.72677595628416,37,17.209302325581397,46,62,38,17,15
18,2,2,Solanum tuberosum,2020-08-03,2020-12-05,125,237.36,443.3243854522657,438.2998807478936,-200.9398807478937,346.05510403464376,54.154703303815744,0.1416466367542743,0.1308848466724157,0.1587610784918069,71.82732240437157,34.42622950819672,100.0,0,0.0,0,18,47,38,22
19,3,1,Lycopersicon esculentum,2020-01-01,2020-04-19,110,486.66,425.9743400119402,434.135219788128,52.52478021187198,302.5722984633555,100.0,0.12759921135888852,0.1120529761537909,0.1583303194493055,30.12916045702931,0.273224043715847,99.72677595628416,35,31.818181818181817,21,30,15,4,5
19,3,2,Oryza sativa,2020-04-20,2020-08-27,130,265.97,491.54238143776286,564.1530752194913,-298.18307521949134,389.2810723360399,47.14500579413146,0.13540520688805438,0.1186240669339894,0.1563541945070027,51.75704077343422,5.737704918032787,98.63387978142076,2,1.5384615384615385,25,40,33,15,15
19,3,3,Solanum tuberosum,2020-08-28,2020-12-30,125,212.48,440.6187957581131,433.19193815591046,-220.71193815591047,357.03756053995744,49.04985095164125,0.13980537644773716,0.1218940820544957,0.1587610784918069,66.12896174863388,11.475409836065573,100.0,0,0.0,9,20,43,36,17
20,3,1,Lycopersicon esculentum,2020-01-01,2020-04-19,110,486.66,425.9743400119402,434.135219788128,52.52478021187198,302.5722984633555,100.0,0.12759921135888852,0.1120529761537909,0.1583303194493055,30.12916045702931,0.273224043715847,99.72677595628416,35,31.818181818181817,21,30,15,4,5
20,3,2,Solanum tuberosum,2020-04-20,2020-08-22,125,260.43,474.2329086271348,469.74129905745286,-209.3112990574528,310.8767589640979,55.441154636085656,0.13487489979714148,0.1186240669339894,0.1563541945070027,50.128961748633884,5.737704918032787,98.63387978142076,2,1.6,25,40,33,14,11
20,3,3,Oryza sativa,2020-08-23,2020-12-30,130,218.02,457.9282685687412,524.5752922227969,-306.555292222797,431.0086017946546,41.56124072793784,0.14014604982131942,0.1218940820544957,0.1587610784918069,67.14165615804959,11.475409836065573,100.0,0,0.0,9,20,43,37,21
21,3,1,Oryza sativa,2020-01-01,2020-05-09,130,502.69,503.6412831609909,577.7748463342791,-75.08484633427915,420.7834925892886,87.00447989201008,0.12746615255824642,0.1120529761537909,0.1583303194493055,29.33795712484237,0.273224043715847,99.72677595628416,35,26.923076923076923,34,37,15,4,5
21,3,2,Lycopersicon esculentum,2020-05-10,2020-08-27,110,249.94000000000003,413.8754382887124,419.6042179550046,-169.66421795500457,274.02749689485694,59.56565480159255,0.13698173011229792,0.1186240669339894,0.1563541945070027,56.62444113263785,5.737704918032787,98.63387978142076,2,1.8181818181818181,12,33,33,15,15
21,3,3,Solanum tuberosum,2020-08-28,2020-12-30,125,212.48,440.6187957581131,433.19193815591046,-220.71193815591047,357.03756053995744,49.04985095164125,0.13980537644773716,0.1218940820544957,0.1587610784918069,66.12896174863388,11.475409836065573,100.0,0,0.0,9,20,43,36,17
22,3,1,Oryza sativa,2020-01-01,2020-05-09,130,502.69,503.6412831609909,577.7748463342791,-75.08484633427915,420.7834925892886,87.00447989201008,0.12746615255824642,0.1120529761537909,0.1583303194493055,29.33795712484237,0.273224043715847,99.72677595628416,35,26.923076923076923,34,37,15,4,5
22,3,2,Solanum tuberosum,2020-05-10,2020-09-11,125,287.36999999999995,470.4651507327085,465.9457912851202,-178.57579128512018,302.83645198497425,61.67455643443152,0.1375972559154033,0.1186240669339894,0.1563541945070027,58.88961748633879,5.737704918032787,98.63387978142076,2,1.6,12,34,38,24,15
22,3,3,Lycopersicon esculentum,2020-09-12,2020-12-30,110,175.05,384.0290833141169,385.209458709688,-210.15945870968804,322.73090441758603,45.44280937086905,0.13949095798995004,0.1218940820544957,0.1587610784918069,64.85096870342771,11.475409836065573,100.0,0,0.0,9,19,38,27,17
23,3,1,Solanum tuberosum,2020-01-01,2020-05-04,125,502.0999999999999,482.7544665636957,480.90026068142726,21.199739318572725,338.73738050300926,100.0,0.1275527241379022,0.1120529761537909,0.1583303194493055,29.65464480874317,0.273224043715847,99.72677595628416,35,28.000000000000004,30,36,15,4,5
23,3,2,Lycopersicon esculentum,2020-05-05,2020-08-22,110,244.99,417.45278207537945,422.2581316021352,-177.26813160213516,278.9583939888876,58.019012936579095,0.135919865517115,0.1186240669339894,0.1563541945070027,53.39542970690512,5.737704918032787,98.63387978142076,2,1.8181818181818181,16,34,33,14,11
23,3,3,Oryza sativa,2020-08-23,2020-12-30,130,218.02,457.9282685687412,524.5752922227969,-306.555292222797,431.0086017946546,41.56124072793784,0.14014604982131942,0.1218940820544957,0.1587610784918069,67.14165615804959,11.475409836065573,100.0,0,0.0,9,20,43,37,21
24,3,1,Solanum tuberosum,2020-01-01,2020-05-04,125,502.0999999999999,482.7544665636957,480.90026068142726,21.199739318572725,338.73738050300926,100.0,0.1275527241379022,0.1120529761537909,0.1583303194493055,29.65464480874317,0.273224043715847,99.72677595628416,35,28.000000000000004,30,36,15,4,5
24,3,2,Oryza sativa,2020-05-05,2020-09-11,130,287.96,491.3519673300036,563.1955477961533,-275.2355477961533,380.318714221506,51.12966555343333,0.13712435619045904,0.1186240669339894,0.1563541945070027,57.44850777637663,5.737704918032787,98.63387978142076,2,1.5384615384615385,16,35,38,24,15
24,3,3,Lycopersicon esculentum,2020-09-12,2020-12-30,110,175.05,384.0290833141169,385.209458709688,-210.15945870968804,322.73090441758603,45.44280937086905,0.13949095798995004,0.1218940820544957,0.1587610784918069,64.85096870342771,11.475409836065573,100.0,0,0.0,9,19,38,27,17
