fecha_inicio_escenario,fecha_fin_escenario,rotacion,numero_etapas,duracion_total_dias,precipitacion_total_mm,ETo_total_mm,ETc_total_mm,balance_P_ETc_total_mm,demanda_no_cubierta_total_mm,cobertura_precipitacion_pct,sm_rootzone_media,percentil_humedad_medio,dias_humedad_menor_P10,porcentaje_dias_menor_P10,condicion_balance,condicion_humedad,balance_P_ETc_mm,cobertura_demanda_pct,exceso_precipitacion_mm,deficit_balance_mm,cumple_prioridad_agua,criterio_agua,cumple_prioridad_balance,criterio_balance,cumple_prioridad_humedad,criterio_humedad,cumple_prioridad_temporal,criterio_temporal,numero_criterios_cumplidos,criterios_cumplidos,descripcion_criterios
2020-01-15,2020-09-05,Lycopersicon esculentum → Solanum tuberosum,2,235,764.6500000000001,897.2161118131912,899.8535294499541,-135.2035294499541,607.3349684025713,84.97494036250558,0.132353138559042,44.35313077442542,35,14.893617021276595,Negativo,Inferior a la mediana,-135.2035294499541,84.97494036250558,0.0,135.2035294499541,True,Cobertura >= 75 %,False,Balance < 0 mm,True,Percentil >= P25,True,Cobertura >= 60 % y humedad >= P25,3,"Agua, Humedad, Temporal",Cumple 3 criterios
2020-01-15,2020-09-05,Solanum tuberosum → Lycopersicon esculentum,2,235,764.6500000000001,897.216111813191,901.8807865531394,-137.23078655313947,612.1406546727121,84.7839327991878,0.132353138559042,44.35313077442542,35,14.893617021276595,Negativo,Inferior a la mediana,-137.23078655313947,84.7839327991878,0.0,137.23078655313947,True,Cobertura >= 75 %,False,Balance < 0 mm,True,Percentil >= P25,True,Cobertura >= 60 % y humedad >= P25,3,"Agua, Humedad, Temporal",Cumple 3 criterios
2020-01-01,2020-08-22,Solanum tuberosum → Lycopersicon esculentum,2,235,747.0899999999999,900.2072486390751,903.1583922835624,-156.06839228356245,617.6957744918968,82.71970967473862,0.1314692584005124,41.73127123100783,37,15.74468085106383,Negativo,Inferior a la mediana,-156.06839228356245,82.71970967473862,0.0,156.06839228356245,True,Cobertura >= 75 %,False,Balance < 0 mm,True,Percentil >= P25,True,Cobertura >= 60 % y humedad >= P25,3,"Agua, Humedad, Temporal",Cumple 3 criterios
2020-03-01,2020-11-25,Phaseolus vulgaris → Lycopersicon esculentum,2,270,798.3399999999999,997.6578135615568,965.4238284454792,-167.08382844547938,684.4503784204373,82.6932147806506,0.1365361828667421,55.94459767939351,13,4.814814814814815,Negativo,Superior a la mediana,-167.08382844547938,82.6932147806506,0.0,167.08382844547938,True,Cobertura >= 75 %,False,Balance < 0 mm,True,Percentil >= P25,True,Cobertura >= 60 % y humedad >= P25,3,"Agua, Humedad, Temporal",Cumple 3 criterios
2020-01-01,2020-08-22,Lycopersicon esculentum → Solanum tuberosum,2,235,747.09,900.207248639075,903.8765188455808,-156.78651884558082,613.4490574274535,82.6539891703541,0.1314692584005123,41.73127123100783,37,15.74468085106383,Negativo,Inferior a la mediana,-156.78651884558082,82.6539891703541,0.0,156.78651884558082,True,Cobertura >= 75 %,False,Balance < 0 mm,True,Percentil >= P25,True,Cobertura >= 60 % y humedad >= P25,3,"Agua, Humedad, Temporal",Cumple 3 criterios
2020-03-01,2020-11-25,Lycopersicon esculentum → Phaseolus vulgaris,2,270,798.3399999999999,997.6578135615568,969.461220210291,-171.1212202102909,674.2492434021932,82.3488328730496,0.1365361828667421,55.94459767939352,13,4.814814814814815,Negativo,Superior a la mediana,-171.1212202102909,82.3488328730496,0.0,171.1212202102909,True,Cobertura >= 75 %,False,Balance < 0 mm,True,Percentil >= P25,True,Cobertura >= 60 % y humedad >= P25,3,"Agua, Humedad, Temporal",Cumple 3 criterios
2020-02-15,2020-11-10,Phaseolus vulgaris → Lycopersicon esculentum,2,270,794.44,1017.4133798707904,980.7065657446562,-186.26656574465628,680.7462449828544,81.0069013249419,0.1349615887048895,51.85295328462995,23,8.518518518518519,Negativo,Superior a la mediana,-186.26656574465628,81.0069013249419,0.0,186.26656574465628,True,Cobertura >= 75 %,False,Balance < 0 mm,True,Percentil >= P25,True,Cobertura >= 60 % y humedad >= P25,3,"Agua, Humedad, Temporal",Cumple 3 criterios
2020-01-01,2020-09-26,Lycopersicon esculentum → Phaseolus vulgaris,2,270,808.4200000000001,1031.648576196592,1000.4639012474888,-192.04390124748892,671.0923302288729,80.80451468483497,0.1328364309233922,45.87657870680419,37,13.703703703703704,Negativo,Inferior a la mediana,-192.04390124748892,80.80451468483497,0.0,192.04390124748892,True,Cobertura >= 75 %,False,Balance < 0 mm,True,Percentil >= P25,True,Cobertura >= 60 % y humedad >= P25,3,"Agua, Humedad, Temporal",Cumple 3 criterios
2020-01-01,2020-09-26,Phaseolus vulgaris → Lycopersicon esculentum,2,270,808.4200000000001,1031.648576196592,1004.2782691347244,-195.8582691347245,683.8454881101654,80.49760956159353,0.1328364309233922,45.8765787068042,37,13.703703703703704,Negativo,Inferior a la mediana,-195.8582691347245,80.49760956159353,0.0,195.8582691347245,True,Cobertura >= 75 %,False,Balance < 0 mm,True,Percentil >= P25,True,Cobertura >= 60 % y humedad >= P25,3,"Agua, Humedad, Temporal",Cumple 3 criterios
2020-02-15,2020-11-10,Lycopersicon esculentum → Phaseolus vulgaris,2,270,794.44,1017.4133798707904,989.474277294022,-195.03427729402196,689.5814993998048,80.28910081145368,0.1349615887048894,51.85295328462994,23,8.518518518518519,Negativo,Superior a la mediana,-195.03427729402196,80.28910081145368,0.0,195.03427729402196,True,Cobertura >= 75 %,False,Balance < 0 mm,True,Percentil >= P25,True,Cobertura >= 60 % y humedad >= P25,3,"Agua, Humedad, Temporal",Cumple 3 criterios
2020-02-01,2020-11-11,Phaseolus vulgaris → Solanum tuberosum,2,285,824.75,1082.0138571226375,1031.4727163039956,-206.72271630399575,716.0548539870704,79.95848915473685,0.1344598254613707,50.44824605043861,29,10.175438596491228,Negativo,Superior a la mediana,-206.72271630399575,79.95848915473685,0.0,206.72271630399575,True,Cobertura >= 75 %,False,Balance < 0 mm,True,Percentil >= P25,True,Cobertura >= 60 % y humedad >= P25,3,"Agua, Humedad, Temporal",Cumple 3 criterios
2020-02-15,2020-11-25,Phaseolus vulgaris → Solanum tuberosum,2,285,808.75,1060.8174669726557,1013.7048502521928,-204.95485025219276,713.1497972746939,79.78160504991139,0.135658555971295,53.61548090170623,23,8.070175438596491,Negativo,Superior a la mediana,-204.95485025219276,79.78160504991139,0.0,204.95485025219276,True,Cobertura >= 75 %,False,Balance < 0 mm,True,Percentil >= P25,True,Cobertura >= 60 % y humedad >= P25,3,"Agua, Humedad, Temporal",Cumple 3 criterios
2020-03-01,2020-12-10,Phaseolus vulgaris → Solanum tuberosum,2,285,798.3399999999999,1047.2712762638605,1004.1166288462324,-205.7766288462325,727.3060579088243,79.50670042356757,0.1367000072573621,56.45249608097568,13,4.56140350877193,Negativo,Superior a la mediana,-205.7766288462325,79.50670042356757,0.0,205.7766288462325,True,Cobertura >= 75 %,False,Balance < 0 mm,True,Percentil >= P25,True,Cobertura >= 60 % y humedad >= P25,3,"Agua, Humedad, Temporal",Cumple 3 criterios
2020-03-01,2020-12-10,Solanum tuberosum → Phaseolus vulgaris,2,285,798.3399999999999,1047.2712762638605,1004.6485805898652,-206.3085805898652,714.8125507570413,79.4646023917404,0.1367000072573621,56.45249608097567,13,4.56140350877193,Negativo,Superior a la mediana,-206.3085805898652,79.4646023917404,0.0,206.3085805898652,True,Cobertura >= 75 %,False,Balance < 0 mm,True,Percentil >= P25,True,Cobertura >= 60 % y humedad >= P25,3,"Agua, Humedad, Temporal",Cumple 3 criterios
2020-02-15,2020-11-25,Solanum tuberosum → Phaseolus vulgaris,2,285,808.75,1060.817466972656,1019.7385095205722,-210.98850952057228,711.8376490102958,79.30954773692248,0.1356585559712951,53.61548090170624,23,8.070175438596491,Negativo,Superior a la mediana,-210.98850952057228,79.30954773692248,0.0,210.98850952057228,True,Cobertura >= 75 %,False,Balance < 0 mm,True,Percentil >= P25,True,Cobertura >= 60 % y humedad >= P25,3,"Agua, Humedad, Temporal",Cumple 3 criterios
2020-02-01,2020-11-11,Solanum tuberosum → Phaseolus vulgaris,2,285,824.75,1082.0138571226375,1041.1617383048217,-216.41173830482128,729.0877220618995,79.21439769221882,0.1344598254613708,50.44824605043861,29,10.175438596491228,Negativo,Superior a la mediana,-216.41173830482128,79.21439769221882,0.0,216.41173830482128,True,Cobertura >= 75 %,False,Balance < 0 mm,True,Percentil >= P25,True,Cobertura >= 60 % y humedad >= P25,3,"Agua, Humedad, Temporal",Cumple 3 criterios
2020-02-01,2020-09-22,Solanum tuberosum → Lycopersicon esculentum,2,235,711.4399999999998,902.6381062097868,898.5392193404664,-187.09921934046645,598.4634855926009,79.17740090657382,0.1330229621301305,46.36645821952158,29,12.340425531914894,Negativo,Inferior a la mediana,-187.09921934046645,79.17740090657382,0.0,187.09921934046645,True,Cobertura >= 75 %,False,Balance < 0 mm,True,Percentil >= P25,True,Cobertura >= 60 % y humedad >= P25,3,"Agua, Humedad, Temporal",Cumple 3 criterios
2020-03-01,2020-10-21,Lycopersicon esculentum → Solanum tuberosum,2,235,704.78,890.0900251420355,890.4761511531124,-185.6961511531121,603.1375434866056,79.14642060737424,0.1351672432801506,52.28980363394477,13,5.531914893617021,Negativo,Superior a la mediana,-185.6961511531121,79.14642060737424,0.0,185.6961511531121,True,Cobertura >= 75 %,False,Balance < 0 mm,True,Percentil >= P25,True,Cobertura >= 60 % y humedad >= P25,3,"Agua, Humedad, Temporal",Cumple 3 criterios
2020-01-15,2020-10-10,Phaseolus vulgaris → Lycopersicon esculentum,2,270,791.5,1031.4027658462023,1000.076736683373,-208.5767366833731,682.0842983901737,79.14392675755151,0.133253290021309,47.13044238206752,35,12.962962962962962,Negativo,Inferior a la mediana,-208.5767366833731,79.14392675755151,0.0,208.5767366833731,True,Cobertura >= 75 %,False,Balance < 0 mm,True,Percentil >= P25,True,Cobertura >= 60 % y humedad >= P25,3,"Agua, Humedad, Temporal",Cumple 3 criterios
2020-03-01,2020-10-21,Solanum tuberosum → Lycopersicon esculentum,2,235,704.78,890.0900251420358,890.6230236608367,-185.84302366083668,607.3164070889898,79.1333685831584,0.1351672432801506,52.28980363394476,13,5.531914893617021,Negativo,Superior a la mediana,-185.84302366083668,79.1333685831584,0.0,185.84302366083668,True,Cobertura >= 75 %,False,Balance < 0 mm,True,Percentil >= P25,True,Cobertura >= 60 % y humedad >= P25,3,"Agua, Humedad, Temporal",Cumple 3 criterios
2020-01-15,2020-10-10,Lycopersicon esculentum → Phaseolus vulgaris,2,270,791.5,1031.4027658462026,1000.58024285226,-209.08024285226,684.6152906342645,79.10410041115198,0.133253290021309,47.13044238206753,35,12.962962962962962,Negativo,Inferior a la mediana,-209.08024285226,79.10410041115198,0.0,209.08024285226,True,Cobertura >= 75 %,False,Balance < 0 mm,True,Percentil >= P25,True,Cobertura >= 60 % y humedad >= P25,3,"Agua, Humedad, Temporal",Cumple 3 criterios
2020-02-01,2020-09-22,Lycopersicon esculentum → Solanum tuberosum,2,235,711.44,902.6381062097868,900.62226276056,-189.18226276056,605.6015380729327,78.99427200692504,0.1330229621301304,46.36645821952158,29,12.340425531914894,Negativo,Inferior a la mediana,-189.18226276056,78.99427200692504,0.0,189.18226276056,True,Cobertura >= 75 %,False,Balance < 0 mm,True,Percentil >= P25,True,Cobertura >= 60 % y humedad >= P25,3,"Agua, Humedad, Temporal",Cumple 3 criterios
2020-02-15,2020-10-06,Solanum tuberosum → Lycopersicon esculentum,2,235,699.95,894.6356779890154,891.7668432978237,-191.81684329782388,598.0238606187722,78.49024722779893,0.1337514216714398,48.38215787107546,23,9.787234042553193,Negativo,Inferior a la mediana,-191.81684329782388,78.49024722779893,0.0,191.81684329782388,True,Cobertura >= 75 %,False,Balance < 0 mm,True,Percentil >= P25,True,Cobertura >= 60 % y humedad >= P25,3,"Agua, Humedad, Temporal",Cumple 3 criterios
2020-02-15,2020-10-06,Lycopersicon esculentum → Solanum tuberosum,2,235,699.95,894.6356779890154,894.4214663425687,-194.4714663425685,603.5251089408725,78.25728991749344,0.1337514216714398,48.38215787107546,23,9.787234042553193,Negativo,Inferior a la mediana,-194.4714663425685,78.25728991749344,0.0,194.4714663425685,True,Cobertura >= 75 %,False,Balance < 0 mm,True,Percentil >= P25,True,Cobertura >= 60 % y humedad >= P25,3,"Agua, Humedad, Temporal",Cumple 3 criterios
2020-01-01,2020-10-11,Solanum tuberosum → Phaseolus vulgaris,2,285,821.0799999999999,1091.8375151884838,1049.9700728505568,-228.8900728505568,722.5762324706993,78.2003241074153,0.133071683801449,46.55840532280189,37,12.982456140350877,Negativo,Inferior a la mediana,-228.8900728505568,78.2003241074153,0.0,228.8900728505568,True,Cobertura >= 75 %,False,Balance < 0 mm,True,Percentil >= P25,True,Cobertura >= 60 % y humedad >= P25,3,"Agua, Humedad, Temporal",Cumple 3 criterios
2020-01-01,2020-10-11,Phaseolus vulgaris → Solanum tuberosum,2,285,821.08,1091.8375151884838,1054.6201307170545,-233.5401307170543,730.4756490550762,77.85552125216249,0.133071683801449,46.55840532280189,37,12.982456140350877,Negativo,Inferior a la mediana,-233.5401307170543,77.85552125216249,0.0,233.5401307170543,True,Cobertura >= 75 %,False,Balance < 0 mm,True,Percentil >= P25,True,Cobertura >= 60 % y humedad >= P25,3,"Agua, Humedad, Temporal",Cumple 3 criterios
2020-01-15,2020-09-10,Lycopersicon esculentum → Oryza sativa,2,240,769.42,914.8403275805368,995.4174480797252,-225.9974480797252,681.2962397844747,77.29621391349927,0.1325750871794297,45.07355990281033,35,14.583333333333334,Negativo,Inferior a la mediana,-225.9974480797252,77.29621391349927,0.0,225.9974480797252,True,Cobertura >= 75 %,False,Balance < 0 mm,True,Percentil >= P25,True,Cobertura >= 60 % y humedad >= P25,3,"Agua, Humedad, Temporal",Cumple 3 criterios
2020-01-15,2020-09-10,Oryza sativa → Lycopersicon esculentum,2,240,769.42,914.8403275805368,996.9362212186984,-227.5162212186984,681.4229006552912,77.17845772113961,0.1325750871794297,45.07355990281033,35,14.583333333333334,Negativo,Inferior a la mediana,-227.5162212186984,77.17845772113961,0.0,227.5162212186984,True,Cobertura >= 75 %,False,Balance < 0 mm,True,Percentil >= P25,True,Cobertura >= 60 % y humedad >= P25,3,"Agua, Humedad, Temporal",Cumple 3 criterios
2020-01-15,2020-10-25,Phaseolus vulgaris → Solanum tuberosum,2,285,806.74,1088.359417530902,1047.807622315442,-241.06762231544184,723.6644071249159,76.9931409944574,0.1336848489025182,48.39803511511839,35,12.280701754385964,Negativo,Inferior a la mediana,-241.06762231544184,76.9931409944574,0.0,241.06762231544184,True,Cobertura >= 75 %,False,Balance < 0 mm,True,Percentil >= P25,True,Cobertura >= 60 % y humedad >= P25,3,"Agua, Humedad, Temporal",Cumple 3 criterios
2020-03-01,2020-11-10,Solanum tuberosum → Oryza sativa,2,255,784.03,954.2537264596916,1020.8963028687298,-236.8663028687297,717.2399387230637,76.79820152123845,0.1358498426373389,54.21539883647081,13,5.098039215686274,Negativo,Superior a la mediana,-236.8663028687297,76.79820152123845,0.0,236.8663028687297,True,Cobertura >= 75 %,False,Balance < 0 mm,True,Percentil >= P25,True,Cobertura >= 60 % y humedad >= P25,3,"Agua, Humedad, Temporal",Cumple 3 criterios
2020-01-15,2020-10-25,Solanum tuberosum → Phaseolus vulgaris,2,285,806.74,1088.359417530902,1051.7474162792564,-245.0074162792565,734.9696650794565,76.704728484524,0.1336848489025182,48.39803511511839,35,12.280701754385964,Negativo,Inferior a la mediana,-245.0074162792565,76.704728484524,0.0,245.0074162792565,True,Cobertura >= 75 %,False,Balance < 0 mm,True,Percentil >= P25,True,Cobertura >= 60 % y humedad >= P25,3,"Agua, Humedad, Temporal",Cumple 3 criterios
2020-03-01,2020-11-10,Oryza sativa → Solanum tuberosum,2,255,784.03,954.2537264596916,1022.4807751571524,-238.45077515715244,711.4747855024643,76.67919231826112,0.1358498426373389,54.21539883647082,13,5.098039215686274,Negativo,Superior a la mediana,-238.45077515715244,76.67919231826112,0.0,238.45077515715244,True,Cobertura >= 75 %,False,Balance < 0 mm,True,Percentil >= P25,True,Cobertura >= 60 % y humedad >= P25,3,"Agua, Humedad, Temporal",Cumple 3 criterios
2020-01-01,2020-11-20,Zea mays → Lycopersicon esculentum,2,325,920.81,1221.3947668050305,1203.1292413963208,-282.3192413963208,856.7668908977839,76.53458733421952,0.1345782505462948,50.57309246393675,37,11.384615384615383,Negativo,Superior a la mediana,-282.3192413963208,76.53458733421952,0.0,282.3192413963208,True,Cobertura >= 75 %,False,Balance < 0 mm,True,Percentil >= P25,True,Cobertura >= 60 % y humedad >= P25,3,"Agua, Humedad, Temporal",Cumple 3 criterios
2020-01-01,2020-11-20,Lycopersicon esculentum → Zea mays,2,325,920.81,1221.39476680503,1209.7875729323275,-288.9775729323278,861.531440465772,76.11336242842259,0.1345782505462948,50.57309246393674,37,11.384615384615383,Negativo,Superior a la mediana,-288.9775729323278,76.11336242842259,0.0,288.9775729323278,True,Cobertura >= 75 %,False,Balance < 0 mm,True,Percentil >= P25,True,Cobertura >= 60 % y humedad >= P25,3,"Agua, Humedad, Temporal",Cumple 3 criterios
2020-01-15,2020-12-04,Zea mays → Lycopersicon esculentum,2,325,900.3000000000001,1210.1042266997276,1187.6528274077732,-287.35282740777336,857.5113628997744,75.80498098632384,0.1351410066451017,52.30464013191795,35,10.76923076923077,Negativo,Superior a la mediana,-287.35282740777336,75.80498098632384,0.0,287.35282740777336,True,Cobertura >= 75 %,False,Balance < 0 mm,True,Percentil >= P25,True,Cobertura >= 60 % y humedad >= P25,3,"Agua, Humedad, Temporal",Cumple 3 criterios
2020-01-01,2020-09-11,Oryza sativa → Solanum tuberosum,2,255,790.06,974.1064338936994,1043.7206376193994,-253.66063761939927,723.6199445742628,75.6965007228401,0.1324323796941076,44.63464344766885,37,14.50980392156863,Negativo,Inferior a la mediana,-253.66063761939927,75.6965007228401,0.0,253.66063761939927,True,Cobertura >= 75 %,False,Balance < 0 mm,True,Percentil >= P25,True,Cobertura >= 60 % y humedad >= P25,3,"Agua, Humedad, Temporal",Cumple 3 criterios
2020-01-01,2020-09-11,Solanum tuberosum → Oryza sativa,2,255,790.06,974.1064338936992,1044.0958084775805,-254.0358084775806,719.0560947245153,75.66930099566285,0.1324323796941076,44.63464344766885,37,14.50980392156863,Negativo,Inferior a la mediana,-254.0358084775806,75.66930099566285,0.0,254.0358084775806,True,Cobertura >= 75 %,False,Balance < 0 mm,True,Percentil >= P25,True,Cobertura >= 60 % y humedad >= P25,3,"Agua, Humedad, Temporal",Cumple 3 criterios
2020-01-15,2020-09-25,Solanum tuberosum → Oryza sativa,2,255,787.8800000000001,972.4335935691536,1042.1256071869673,-254.2456071869672,713.7416905546061,75.60317053591477,0.1330134191933799,46.43645591607582,35,13.725490196078432,Negativo,Inferior a la mediana,-254.2456071869672,75.60317053591477,0.0,254.2456071869672,True,Cobertura >= 75 %,False,Balance < 0 mm,True,Percentil >= P25,True,Cobertura >= 60 % y humedad >= P25,3,"Agua, Humedad, Temporal",Cumple 3 criterios
2020-01-01,2020-08-27,Oryza sativa → Lycopersicon esculentum,2,240,752.63,917.5167214497033,997.3790642892836,-244.74906428928367,694.8109894841455,75.46077784741874,0.1318274589371866,42.73436229116363,37,15.416666666666668,Negativo,Inferior a la mediana,-244.74906428928367,75.46077784741874,0.0,244.74906428928367,True,Cobertura >= 75 %,False,Balance < 0 mm,True,Percentil >= P25,True,Cobertura >= 60 % y humedad >= P25,3,"Agua, Humedad, Temporal",Cumple 3 criterios
2020-01-15,2020-09-25,Oryza sativa → Solanum tuberosum,2,255,787.88,972.4335935691532,1044.7815562320502,-256.9015562320503,712.9651082772325,75.41097900325192,0.1330134191933799,46.43645591607582,35,13.725490196078432,Negativo,Inferior a la mediana,-256.9015562320503,75.41097900325192,0.0,256.9015562320503,True,Cobertura >= 75 %,False,Balance < 0 mm,True,Percentil >= P25,True,Cobertura >= 60 % y humedad >= P25,3,"Agua, Humedad, Temporal",Cumple 3 criterios
2020-01-01,2020-08-27,Lycopersicon esculentum → Oryza sativa,2,240,752.6300000000001,917.516721449703,998.2882950076192,-245.65829500761936,691.8533707993954,75.39204894656767,0.1318274589371866,42.73436229116363,37,15.416666666666668,Negativo,Inferior a la mediana,-245.65829500761936,75.39204894656767,0.0,245.65829500761936,True,Cobertura >= 75 %,False,Balance < 0 mm,True,Percentil >= P25,True,Cobertura >= 60 % y humedad >= P25,3,"Agua, Humedad, Temporal",Cumple 3 criterios
2020-01-15,2020-12-04,Lycopersicon esculentum → Zea mays,2,325,900.3,1210.1042266997274,1196.9130324091377,-296.6130324091376,866.6395739331733,75.21849755348414,0.1351410066451017,52.30464013191795,35,10.76923076923077,Negativo,Superior a la mediana,-296.6130324091376,75.21849755348414,0.0,296.6130324091376,True,Cobertura >= 75 %,False,Balance < 0 mm,True,Percentil >= P25,True,Cobertura >= 60 % y humedad >= P25,3,"Agua, Humedad, Temporal",Cumple 3 criterios
2020-01-01,2020-12-05,Zea mays → Solanum tuberosum,2,340,920.81,1269.5135947639026,1240.0119039002832,-319.2019039002831,897.9018038674276,74.25815809539583,0.1349156119175912,51.63630778484072,37,10.882352941176473,Negativo,Superior a la mediana,-319.2019039002831,74.25815809539583,0.0,319.2019039002831,False,Cobertura < 75 %,False,Balance < 0 mm,True,Percentil >= P25,True,Cobertura >= 60 % y humedad >= P25,2,"Humedad, Temporal",Cumple 2 criterios
2020-01-15,2020-10-30,Phaseolus vulgaris → Oryza sativa,2,290,845.3799999999999,1103.8084289745923,1140.373091201447,-294.99309120144744,799.8356153138941,74.13187898965104,0.1337900461950177,48.730992543890025,35,12.06896551724138,Negativo,Inferior a la mediana,-294.99309120144744,74.13187898965104,0.0,294.99309120144744,False,Cobertura < 75 %,False,Balance < 0 mm,True,Percentil >= P25,True,Cobertura >= 60 % y humedad >= P25,2,"Humedad, Temporal",Cumple 2 criterios
2020-01-01,2020-12-05,Solanum tuberosum → Zea mays,2,340,920.81,1269.5135947639023,1245.4318302713773,-324.62183027137746,905.3807860945852,73.93499809615088,0.1349156119175912,51.63630778484071,37,10.882352941176473,Negativo,Superior a la mediana,-324.62183027137746,73.93499809615088,0.0,324.62183027137746,False,Cobertura < 75 %,False,Balance < 0 mm,True,Percentil >= P25,True,Cobertura >= 60 % y humedad >= P25,2,"Humedad, Temporal",Cumple 2 criterios
2020-01-15,2020-10-30,Oryza sativa → Phaseolus vulgaris,2,290,845.38,1103.8084289745927,1146.8863770698126,-301.50637706981263,807.0554472483275,73.71087641304685,0.1337900461950177,48.73099254389002,35,12.06896551724138,Negativo,Inferior a la mediana,-301.50637706981263,73.71087641304685,0.0,301.50637706981263,False,Cobertura < 75 %,False,Balance < 0 mm,True,Percentil >= P25,True,Cobertura >= 60 % y humedad >= P25,2,"Humedad, Temporal",Cumple 2 criterios
2020-02-01,2020-11-16,Phaseolus vulgaris → Oryza sativa,2,290,825.3,1096.4278419801649,1120.6163121453087,-295.3163121453088,793.3001077614206,73.64697363900093,0.1347002868958073,51.11826173309471,29,10.0,Negativo,Superior a la mediana,-295.3163121453088,73.64697363900093,0.0,295.3163121453088,False,Cobertura < 75 %,False,Balance < 0 mm,True,Percentil >= P25,True,Cobertura >= 60 % y humedad >= P25,2,"Humedad, Temporal",Cumple 2 criterios
2020-02-01,2020-10-27,Phaseolus vulgaris → Lycopersicon esculentum,2,270,731.74,1037.1516116761295,995.8952317650578,-264.15523176505786,688.901244938454,73.47560031019661,0.1338091255889997,48.67236370811828,29,10.74074074074074,Negativo,Inferior a la mediana,-264.15523176505786,73.47560031019661,0.0,264.15523176505786,False,Cobertura < 75 %,False,Balance < 0 mm,True,Percentil >= P25,True,Cobertura >= 60 % y humedad >= P25,2,"Humedad, Temporal",Cumple 2 criterios
2020-02-15,2020-11-30,Phaseolus vulgaris → Oryza sativa,2,290,808.75,1077.0639897113554,1103.6811569092429,-294.9311569092429,790.3058572660676,73.2775036465087,0.1357716332832029,53.926494710280494,23,7.931034482758621,Negativo,Superior a la mediana,-294.9311569092429,73.2775036465087,0.0,294.9311569092429,False,Cobertura < 75 %,False,Balance < 0 mm,True,Percentil >= P25,True,Cobertura >= 60 % y humedad >= P25,2,"Humedad, Temporal",Cumple 2 criterios
2020-01-15,2020-12-19,Zea mays → Solanum tuberosum,2,340,901.88,1264.5239382447062,1231.4000759857968,-329.5200759857967,903.8638198891712,73.24020987070351,0.1349459283245616,51.65784980939442,35,10.294117647058822,Negativo,Superior a la mediana,-329.5200759857967,73.24020987070351,0.0,329.5200759857967,False,Cobertura < 75 %,False,Balance < 0 mm,True,Percentil >= P25,True,Cobertura >= 60 % y humedad >= P25,2,"Humedad, Temporal",Cumple 2 criterios
2020-03-01,2020-12-15,Phaseolus vulgaris → Oryza sativa,2,290,798.3399999999999,1066.4453812119325,1095.1837288970555,-296.8437288970555,803.7383217912059,72.89553149260144,0.1365675118109531,56.03468944131437,13,4.482758620689655,Negativo,Superior a la mediana,-296.8437288970555,72.89553149260144,0.0,296.8437288970555,False,Cobertura < 75 %,False,Balance < 0 mm,True,Percentil >= P25,True,Cobertura >= 60 % y humedad >= P25,2,"Humedad, Temporal",Cumple 2 criterios
2020-02-01,2020-10-27,Lycopersicon esculentum → Phaseolus vulgaris,2,270,731.74,1037.1516116761295,1003.85742463682,-272.1174246368201,702.4266035721064,72.89282143475026,0.1338091255889997,48.67236370811828,29,10.74074074074074,Negativo,Inferior a la mediana,-272.1174246368201,72.89282143475026,0.0,272.1174246368201,False,Cobertura < 75 %,False,Balance < 0 mm,True,Percentil >= P25,True,Cobertura >= 60 % y humedad >= P25,2,"Humedad, Temporal",Cumple 2 criterios
2020-01-15,2020-12-19,Solanum tuberosum → Zea mays,2,340,901.88,1264.5239382447062,1239.130487302559,-337.250487302559,914.1804010769748,72.78329516072893,0.1349459283245616,51.65784980939443,35,10.294117647058822,Negativo,Superior a la mediana,-337.250487302559,72.78329516072893,0.0,337.250487302559,False,Cobertura < 75 %,False,Balance < 0 mm,True,Percentil >= P25,True,Cobertura >= 60 % y humedad >= P25,2,"Humedad, Temporal",Cumple 2 criterios
2020-03-01,2020-12-15,Oryza sativa → Phaseolus vulgaris,2,290,798.3399999999999,1066.4453812119325,1098.577611355889,-300.23761135588927,789.348058875134,72.67033223211884,0.1365675118109531,56.03468944131436,13,4.482758620689655,Negativo,Superior a la mediana,-300.23761135588927,72.67033223211884,0.0,300.23761135588927,False,Cobertura < 75 %,False,Balance < 0 mm,True,Percentil >= P25,True,Cobertura >= 60 % y humedad >= P25,2,"Humedad, Temporal",Cumple 2 criterios
2020-02-15,2020-11-30,Oryza sativa → Phaseolus vulgaris,2,290,808.75,1077.0639897113556,1114.5919407930394,-305.8419407930394,791.05511108825,72.56018731165139,0.1357716332832029,53.926494710280494,23,7.931034482758621,Negativo,Superior a la mediana,-305.8419407930394,72.56018731165139,0.0,305.8419407930394,False,Cobertura < 75 %,False,Balance < 0 mm,True,Percentil >= P25,True,Cobertura >= 60 % y humedad >= P25,2,"Humedad, Temporal",Cumple 2 criterios
2020-02-01,2020-11-16,Oryza sativa → Phaseolus vulgaris,2,290,825.3,1096.4278419801644,1139.9396982811231,-314.6396982811233,811.9157372347029,72.39856645438721,0.1347002868958073,51.11826173309472,29,10.0,Negativo,Superior a la mediana,-314.6396982811233,72.39856645438721,0.0,314.6396982811233,False,Cobertura < 75 %,False,Balance < 0 mm,True,Percentil >= P25,True,Cobertura >= 60 % y humedad >= P25,2,"Humedad, Temporal",Cumple 2 criterios
2020-01-01,2020-10-16,Oryza sativa → Phaseolus vulgaris,2,290,827.07,1110.704235948974,1147.3769361698887,-320.30693616988884,807.4320132536989,72.08354760562646,0.1331879735089323,46.93869500569448,37,12.758620689655173,Negativo,Inferior a la mediana,-320.30693616988884,72.08354760562646,0.0,320.30693616988884,False,Cobertura < 75 %,False,Balance < 0 mm,True,Percentil >= P25,True,Cobertura >= 60 % y humedad >= P25,2,"Humedad, Temporal",Cumple 2 criterios
2020-01-01,2020-10-16,Phaseolus vulgaris → Oryza sativa,2,290,827.07,1110.7042359489735,1149.4002226900411,-322.3302226900413,807.0106251722068,71.95665910559303,0.1331879735089323,46.9386950056945,37,12.758620689655173,Negativo,Inferior a la mediana,-322.3302226900413,71.95665910559303,0.0,322.3302226900413,False,Cobertura < 75 %,False,Balance < 0 mm,True,Percentil >= P25,True,Cobertura >= 60 % y humedad >= P25,2,"Humedad, Temporal",Cumple 2 criterios
2020-02-01,2020-09-27,Lycopersicon esculentum → Oryza sativa,2,240,712.9300000000001,921.8024457723326,993.9784962145544,-281.0484962145545,680.2640947551647,71.72489170692391,0.1331062176497651,46.60283967627314,29,12.083333333333334,Negativo,Inferior a la mediana,-281.0484962145545,71.72489170692391,0.0,281.0484962145545,False,Cobertura < 75 %,False,Balance < 0 mm,True,Percentil >= P25,True,Cobertura >= 60 % y humedad >= P25,2,"Humedad, Temporal",Cumple 2 criterios
2020-02-15,2020-10-11,Lycopersicon esculentum → Oryza sativa,2,240,709.02,916.018398653119,991.3726713911552,-282.3526713911551,682.7380866396541,71.51901807067763,0.1339071704035934,48.873890130381824,23,9.583333333333334,Negativo,Inferior a la mediana,-282.3526713911551,71.51901807067763,0.0,282.3526713911551,False,Cobertura < 75 %,False,Balance < 0 mm,True,Percentil >= P25,True,Cobertura >= 60 % y humedad >= P25,2,"Humedad, Temporal",Cumple 2 criterios
2020-03-01,2020-10-26,Oryza sativa → Lycopersicon esculentum,2,240,704.78,908.6370230569526,986.1522663817076,-281.37226638170745,681.4925497984465,71.46766518987064,0.1352611768331066,52.61175786298601,13,5.416666666666667,Negativo,Superior a la mediana,-281.37226638170745,71.46766518987064,0.0,281.37226638170745,False,Cobertura < 75 %,False,Balance < 0 mm,True,Percentil >= P25,True,Cobertura >= 60 % y humedad >= P25,2,"Humedad, Temporal",Cumple 2 criterios
2020-03-01,2020-10-26,Lycopersicon esculentum → Oryza sativa,2,240,704.78,908.6370230569526,986.4404797289394,-281.66047972893926,690.0917821802138,71.44678411754393,0.1352611768331067,52.611757862986,13,5.416666666666667,Negativo,Superior a la mediana,-281.66047972893926,71.44678411754393,0.0,281.66047972893926,False,Cobertura < 75 %,False,Balance < 0 mm,True,Percentil >= P25,True,Cobertura >= 60 % y humedad >= P25,2,"Humedad, Temporal",Cumple 2 criterios
2020-02-15,2020-10-11,Oryza sativa → Lycopersicon esculentum,2,240,709.02,916.018398653119,993.2000824919536,-284.1800824919533,680.1169994761441,71.38742862576677,0.1339071704035934,48.873890130381824,23,9.583333333333334,Negativo,Inferior a la mediana,-284.1800824919533,71.38742862576677,0.0,284.1800824919533,False,Cobertura < 75 %,False,Balance < 0 mm,True,Percentil >= P25,True,Cobertura >= 60 % y humedad >= P25,2,"Humedad, Temporal",Cumple 2 criterios
2020-02-01,2020-09-27,Oryza sativa → Lycopersicon esculentum,2,240,712.9300000000001,921.8024457723324,1001.5682035922872,-288.638203592287,687.7600361598322,71.18137311497718,0.1331062176497651,46.60283967627314,29,12.083333333333334,Negativo,Inferior a la mediana,-288.638203592287,71.18137311497718,0.0,288.638203592287,False,Cobertura < 75 %,False,Balance < 0 mm,True,Percentil >= P25,True,Cobertura >= 60 % y humedad >= P25,2,"Humedad, Temporal",Cumple 2 criterios
2020-02-01,2020-10-12,Solanum tuberosum → Oryza sativa,2,255,731.56,981.7650668792846,1043.4146358152452,-311.8546358152452,720.2765101710021,70.11210834975631,0.1333785022517629,47.42042567295056,29,11.372549019607844,Negativo,Inferior a la mediana,-311.8546358152452,70.11210834975631,0.0,311.8546358152452,False,Cobertura < 75 %,False,Balance < 0 mm,True,Percentil >= P25,True,Cobertura >= 60 % y humedad >= P25,2,"Humedad, Temporal",Cumple 2 criterios
2020-02-01,2020-12-21,Zea mays → Lycopersicon esculentum,2,325,828.6100000000001,1214.4695570203453,1182.4941264897475,-353.8841264897474,870.3834456324433,70.07307532763329,0.1350306241185618,51.8062410966684,29,8.923076923076923,Negativo,Superior a la mediana,-353.8841264897474,70.07307532763329,0.0,353.8841264897474,False,Cobertura < 75 %,False,Balance < 0 mm,True,Percentil >= P25,True,Cobertura >= 60 % y humedad >= P25,2,"Humedad, Temporal",Cumple 2 criterios
2020-02-01,2020-12-21,Lycopersicon esculentum → Zea mays,2,325,828.6100000000001,1214.4695570203455,1191.107480120869,-362.4974801208691,880.4430754286725,69.56635012617971,0.1350306241185618,51.8062410966684,29,8.923076923076923,Negativo,Superior a la mediana,-362.4974801208691,69.56635012617971,0.0,362.4974801208691,False,Cobertura < 75 %,False,Balance < 0 mm,True,Percentil >= P25,True,Cobertura >= 60 % y humedad >= P25,2,"Humedad, Temporal",Cumple 2 criterios
2020-02-01,2020-10-12,Oryza sativa → Solanum tuberosum,2,255,731.56,981.7650668792846,1051.809301595028,-320.24930159502816,731.3954568170756,69.55253189818892,0.1333785022517628,47.42042567295054,29,11.372549019607844,Negativo,Inferior a la mediana,-320.24930159502816,69.55253189818892,0.0,320.24930159502816,False,Cobertura < 75 %,False,Balance < 0 mm,True,Percentil >= P25,True,Cobertura >= 60 % y humedad >= P25,2,"Humedad, Temporal",Cumple 2 criterios
2020-01-01,2020-12-10,Zea mays → Oryza sativa,2,345,920.81,1286.2500462103246,1329.3563269342958,-408.5463269342959,973.5678769774474,69.26735754314514,0.1349134206744855,51.60505493430432,37,10.72463768115942,Negativo,Superior a la mediana,-408.5463269342959,69.26735754314514,0.0,408.5463269342959,False,Cobertura < 75 %,False,Balance < 0 mm,True,Percentil >= P25,True,Cobertura >= 60 % y humedad >= P25,2,"Humedad, Temporal",Cumple 2 criterios
2020-02-15,2020-10-26,Solanum tuberosum → Oryza sativa,2,255,715.19,971.7966764680516,1036.7177690392205,-321.5277690392207,727.6801877883163,68.98598841059736,0.1343553000695856,50.20467674771242,23,9.019607843137257,Negativo,Superior a la mediana,-321.5277690392207,68.98598841059736,0.0,321.5277690392207,False,Cobertura < 75 %,False,Balance < 0 mm,True,Percentil >= P25,True,Cobertura >= 60 % y humedad >= P25,2,"Humedad, Temporal",Cumple 2 criterios
2020-01-15,2020-12-24,Zea mays → Oryza sativa,2,345,910.47,1282.662530432066,1321.3061290655614,-410.8361290655615,968.8521077241768,68.90681727510731,0.1347689286630222,51.11679428066492,35,10.144927536231885,Negativo,Superior a la mediana,-410.8361290655615,68.90681727510731,0.0,410.8361290655615,False,Cobertura < 75 %,False,Balance < 0 mm,True,Percentil >= P25,True,Cobertura >= 60 % y humedad >= P25,2,"Humedad, Temporal",Cumple 2 criterios
2020-01-01,2020-12-10,Oryza sativa → Zea mays,2,345,920.81,1286.2500462103246,1338.6992757396652,-417.8892757396652,988.0568214942488,68.78393203665767,0.1349134206744854,51.60505493430432,37,10.72463768115942,Negativo,Superior a la mediana,-417.8892757396652,68.78393203665767,0.0,417.8892757396652,False,Cobertura < 75 %,False,Balance < 0 mm,True,Percentil >= P25,True,Cobertura >= 60 % y humedad >= P25,2,"Humedad, Temporal",Cumple 2 criterios
2020-02-15,2020-10-26,Oryza sativa → Solanum tuberosum,2,255,715.1899999999999,971.7966764680516,1039.9694811950408,-324.77948119504066,724.3451288599992,68.77028729517784,0.1343553000695856,50.20467674771243,23,9.019607843137257,Negativo,Superior a la mediana,-324.77948119504066,68.77028729517784,0.0,324.77948119504066,False,Cobertura < 75 %,False,Balance < 0 mm,True,Percentil >= P25,True,Cobertura >= 60 % y humedad >= P25,2,"Humedad, Temporal",Cumple 2 criterios
2020-01-15,2020-12-24,Oryza sativa → Zea mays,2,345,910.47,1282.662530432066,1333.9445285332058,-423.4745285332059,981.9837973277328,68.25396262925155,0.1347689286630221,51.11679428066492,35,10.144927536231885,Negativo,Superior a la mediana,-423.4745285332059,68.25396262925155,0.0,423.4745285332059,False,Cobertura < 75 %,False,Balance < 0 mm,True,Percentil >= P25,True,Cobertura >= 60 % y humedad >= P25,2,"Humedad, Temporal",Cumple 2 criterios
2020-01-01,2020-12-30,Solanum tuberosum → Lycopersicon esculentum → Oryza sativa,3,365,965.11,1358.1355172078163,1427.7336845063594,-462.6236845063594,1048.7043762865517,67.5973404895667,0.1345596224681971,50.47998957469757,37,10.136986301369864,Negativo,Superior a la mediana,-462.6236845063594,67.5973404895667,0.0,462.6236845063594,False,Cobertura < 75 %,False,Balance < 0 mm,True,Percentil >= P25,True,Cobertura >= 60 % y humedad >= P25,2,"Humedad, Temporal",Cumple 2 criterios
2020-01-01,2020-12-30,Lycopersicon esculentum → Solanum tuberosum → Oryza sativa,3,365,965.11,1358.1355172078163,1428.4518110683778,-463.3418110683778,1044.457659222108,67.56335723206288,0.134559622468197,50.47998957469757,37,10.136986301369864,Negativo,Superior a la mediana,-463.3418110683778,67.56335723206288,0.0,463.3418110683778,False,Cobertura < 75 %,False,Balance < 0 mm,True,Percentil >= P25,True,Cobertura >= 60 % y humedad >= P25,2,"Humedad, Temporal",Cumple 2 criterios
2020-01-01,2020-12-30,Oryza sativa → Solanum tuberosum → Lycopersicon esculentum,3,365,965.11,1358.1355172078163,1428.9300963290875,-463.8200963290874,1046.3508489918488,67.54074271928077,0.1345596224681971,50.479989574697576,37,10.136986301369864,Negativo,Superior a la mediana,-463.8200963290874,67.54074271928077,0.0,463.8200963290874,False,Cobertura < 75 %,False,Balance < 0 mm,True,Percentil >= P25,True,Cobertura >= 60 % y humedad >= P25,2,"Humedad, Temporal",Cumple 2 criterios
2020-01-01,2020-12-30,Solanum tuberosum → Oryza sativa → Lycopersicon esculentum,3,365,965.11,1358.1355172078163,1429.3052671872686,-464.1952671872687,1041.7869991421014,67.52301430325245,0.1345596224681971,50.479989574697576,37,10.136986301369864,Negativo,Superior a la mediana,-464.1952671872687,67.52301430325245,0.0,464.1952671872687,False,Cobertura < 75 %,False,Balance < 0 mm,True,Percentil >= P25,True,Cobertura >= 60 % y humedad >= P25,2,"Humedad, Temporal",Cumple 2 criterios
2020-01-01,2020-12-30,Oryza sativa → Lycopersicon esculentum → Solanum tuberosum,3,365,965.11,1358.1355172078163,1430.5710024451942,-465.4610024451942,1051.848550024103,67.46327154334821,0.134559622468197,50.47998957469757,37,10.136986301369864,Negativo,Superior a la mediana,-465.4610024451942,67.46327154334821,0.0,465.4610024451942,False,Cobertura < 75 %,False,Balance < 0 mm,True,Percentil >= P25,True,Cobertura >= 60 % y humedad >= P25,2,"Humedad, Temporal",Cumple 2 criterios
2020-01-01,2020-12-30,Lycopersicon esculentum → Oryza sativa → Solanum tuberosum,3,365,965.11,1358.135517207816,1431.4802331635296,-466.37023316352986,1048.8909313393528,67.42042101881736,0.134559622468197,50.47998957469757,37,10.136986301369864,Negativo,Superior a la mediana,-466.37023316352986,67.42042101881736,0.0,466.37023316352986,False,Cobertura < 75 %,False,Balance < 0 mm,True,Percentil >= P25,True,Cobertura >= 60 % y humedad >= P25,2,"Humedad, Temporal",Cumple 2 criterios
2020-04-01,2020-11-21,Lycopersicon esculentum → Solanum tuberosum,2,235,493.45,864.5847077625363,868.5898239441066,-375.1398239441065,614.1013206339101,56.81047444918642,0.1381169825118589,60.0864869806744,2,0.851063829787234,Negativo,Superior a la mediana,-375.1398239441065,56.81047444918642,0.0,375.1398239441065,False,Cobertura < 75 %,False,Balance < 0 mm,True,Percentil >= P25,False,No cumple simultáneamente cobertura >= 60 % y humedad >= P25,1,Humedad,Cumple 1 criterio
2020-04-01,2020-11-21,Solanum tuberosum → Lycopersicon esculentum,2,235,493.4500000000001,864.5847077625363,869.710897872234,-376.2608978722338,619.0414769641113,56.73724466454725,0.1381169825118589,60.0864869806744,2,0.851063829787234,Negativo,Superior a la mediana,-376.2608978722338,56.73724466454725,0.0,376.2608978722338,False,Cobertura < 75 %,False,Balance < 0 mm,True,Percentil >= P25,False,No cumple simultáneamente cobertura >= 60 % y humedad >= P25,1,Humedad,Cumple 1 criterio
2020-03-15,2020-12-09,Lycopersicon esculentum → Phaseolus vulgaris,2,270,510.42,989.7068860126813,958.3311360749722,-447.9111360749721,690.1662308608434,53.26133950844197,0.1374834732842389,58.32381009399426,5,1.851851851851852,Negativo,Superior a la mediana,-447.9111360749721,53.26133950844197,0.0,447.9111360749721,False,Cobertura < 75 %,False,Balance < 0 mm,True,Percentil >= P25,False,No cumple simultáneamente cobertura >= 60 % y humedad >= P25,1,Humedad,Cumple 1 criterio
2020-03-15,2020-12-09,Phaseolus vulgaris → Lycopersicon esculentum,2,270,510.42,989.7068860126813,959.608572396523,-449.1885723965231,707.5911165142702,53.19043771412744,0.1374834732842389,58.32381009399426,5,1.851851851851852,Negativo,Superior a la mediana,-449.1885723965231,53.19043771412744,0.0,449.1885723965231,False,Cobertura < 75 %,False,Balance < 0 mm,True,Percentil >= P25,False,No cumple simultáneamente cobertura >= 60 % y humedad >= P25,1,Humedad,Cumple 1 criterio
2020-04-01,2020-12-26,Lycopersicon esculentum → Phaseolus vulgaris,2,270,506.58,984.7984212238016,953.5948426297938,-447.01484262979375,696.8552062805302,53.12318999156598,0.1375586083848718,58.50594205102959,2,0.7407407407407408,Negativo,Superior a la mediana,-447.01484262979375,53.12318999156598,0.0,447.01484262979375,False,Cobertura < 75 %,False,Balance < 0 mm,True,Percentil >= P25,False,No cumple simultáneamente cobertura >= 60 % y humedad >= P25,1,Humedad,Cumple 1 criterio
2020-04-01,2020-12-26,Phaseolus vulgaris → Lycopersicon esculentum,2,270,506.58,984.7984212238016,953.8235312117135,-447.2435312117134,702.3118976325054,53.11045318377221,0.1375586083848718,58.5059420510296,2,0.7407407407407408,Negativo,Superior a la mediana,-447.2435312117134,53.11045318377221,0.0,447.2435312117134,False,Cobertura < 75 %,False,Balance < 0 mm,True,Percentil >= P25,False,No cumple simultáneamente cobertura >= 60 % y humedad >= P25,1,Humedad,Cumple 1 criterio
2020-03-15,2020-12-24,Solanum tuberosum → Phaseolus vulgaris,2,285,520.59,1045.1939247931862,1001.147049274955,-480.55704927495503,732.9223546249791,51.99935417849144,0.1368947845965361,56.54132016102405,5,1.7543859649122806,Negativo,Superior a la mediana,-480.55704927495503,51.99935417849144,0.0,480.55704927495503,False,Cobertura < 75 %,False,Balance < 0 mm,True,Percentil >= P25,False,No cumple simultáneamente cobertura >= 60 % y humedad >= P25,1,Humedad,Cumple 1 criterio
2020-03-15,2020-12-24,Phaseolus vulgaris → Solanum tuberosum,2,285,520.59,1045.1939247931862,1004.565687707294,-483.9756877072938,746.3234430979912,51.82239512760337,0.1368947845965361,56.54132016102405,5,1.7543859649122806,Negativo,Superior a la mediana,-483.9756877072938,51.82239512760337,0.0,483.9756877072938,False,Cobertura < 75 %,False,Balance < 0 mm,True,Percentil >= P25,False,No cumple simultáneamente cobertura >= 60 % y humedad >= P25,1,Humedad,Cumple 1 criterio
2020-03-15,2020-11-04,Solanum tuberosum → Lycopersicon esculentum,2,235,455.5,881.9184787168174,883.8996032702937,-428.3996032702938,619.1379808445072,51.53300197383498,0.1363475204742651,55.42912291264896,5,2.127659574468085,Negativo,Superior a la mediana,-428.3996032702938,51.53300197383498,0.0,428.3996032702938,False,Cobertura < 75 %,False,Balance < 0 mm,True,Percentil >= P25,False,No cumple simultáneamente cobertura >= 60 % y humedad >= P25,1,Humedad,Cumple 1 criterio
2020-04-01,2020-11-26,Lycopersicon esculentum → Oryza sativa,2,240,493.45,879.8536889427803,957.586976933832,-464.1369769338321,692.0510308802512,51.53056713239915,0.1381682559110534,60.308110168113394,2,0.8333333333333334,Negativo,Superior a la mediana,-464.1369769338321,51.53056713239915,0.0,464.1369769338321,False,Cobertura < 75 %,False,Balance < 0 mm,True,Percentil >= P25,False,No cumple simultáneamente cobertura >= 60 % y humedad >= P25,1,Humedad,Cumple 1 criterio
2020-04-01,2020-11-26,Oryza sativa → Lycopersicon esculentum,2,240,493.44999999999993,879.8536889427803,958.0513884636636,-464.6013884636637,693.1120812920583,51.50558789871377,0.1381682559110534,60.3081101681134,2,0.8333333333333334,Negativo,Superior a la mediana,-464.6013884636637,51.50558789871377,0.0,464.6013884636637,False,Cobertura < 75 %,False,Balance < 0 mm,True,Percentil >= P25,False,No cumple simultáneamente cobertura >= 60 % y humedad >= P25,1,Humedad,Cumple 1 criterio
2020-03-15,2020-11-04,Lycopersicon esculentum → Solanum tuberosum,2,235,455.5,881.9184787168174,884.6492367187784,-429.1492367187783,619.5617214172905,51.48933397483947,0.1363475204742651,55.42912291264896,5,2.127659574468085,Negativo,Superior a la mediana,-429.1492367187783,51.48933397483947,0.0,429.1492367187783,False,Cobertura < 75 %,False,Balance < 0 mm,True,Percentil >= P25,False,No cumple simultáneamente cobertura >= 60 % y humedad >= P25,1,Humedad,Cumple 1 criterio
2020-04-15,2020-12-05,Lycopersicon esculentum → Solanum tuberosum,2,235,438.29,860.3677191040642,861.4255646077718,-423.1355646077719,632.9899914132238,50.87961374812045,0.138246109839925,60.46288759405732,2,0.851063829787234,Negativo,Superior a la mediana,-423.1355646077719,50.87961374812045,0.0,423.1355646077719,False,Cobertura < 75 %,False,Balance < 0 mm,True,Percentil >= P25,False,No cumple simultáneamente cobertura >= 60 % y humedad >= P25,1,Humedad,Cumple 1 criterio
2020-04-15,2020-12-05,Solanum tuberosum → Lycopersicon esculentum,2,235,438.29,860.3677191040642,861.9314575617568,-423.6414575617568,635.7322945462358,50.84975100454514,0.138246109839925,60.46288759405731,2,0.851063829787234,Negativo,Superior a la mediana,-423.6414575617568,50.84975100454514,0.0,423.6414575617568,False,Cobertura < 75 %,False,Balance < 0 mm,True,Percentil >= P25,False,No cumple simultáneamente cobertura >= 60 % y humedad >= P25,1,Humedad,Cumple 1 criterio
2020-03-15,2020-11-24,Solanum tuberosum → Oryza sativa,2,255,510.42,940.4162003194996,1006.4572955891016,-496.0372955891016,727.1593082756224,50.71452134501543,0.1373335377879294,57.815837129855296,5,1.96078431372549,Negativo,Superior a la mediana,-496.0372955891016,50.71452134501543,0.0,496.0372955891016,False,Cobertura < 75 %,False,Balance < 0 mm,True,Percentil >= P25,False,No cumple simultáneamente cobertura >= 60 % y humedad >= P25,1,Humedad,Cumple 1 criterio
2020-03-15,2020-11-24,Oryza sativa → Solanum tuberosum,2,255,510.42,940.4162003194996,1007.7336463130168,-497.3136463130169,726.7969624946136,50.65028858245108,0.1373335377879294,57.81583712985529,5,1.96078431372549,Negativo,Superior a la mediana,-497.3136463130169,50.65028858245108,0.0,497.3136463130169,False,Cobertura < 75 %,False,Balance < 0 mm,True,Percentil >= P25,False,No cumple simultáneamente cobertura >= 60 % y humedad >= P25,1,Humedad,Cumple 1 criterio
2020-05-01,2020-12-21,Solanum tuberosum → Lycopersicon esculentum,2,235,426.13,860.0078115612482,856.2227158364589,-430.0927158364588,643.6069895572596,49.768593161383976,0.1382858730416664,60.5868777119941,2,0.851063829787234,Negativo,Superior a la mediana,-430.0927158364588,49.768593161383976,0.0,430.0927158364588,False,Cobertura < 75 %,False,Balance < 0 mm,True,Percentil >= P25,False,No cumple simultáneamente cobertura >= 60 % y humedad >= P25,1,Humedad,Cumple 1 criterio
2020-05-01,2020-12-21,Lycopersicon esculentum → Solanum tuberosum,2,235,426.13,860.0078115612482,858.5214171145064,-432.3914171145064,650.4215240009107,49.63533716284265,0.1382858730416664,60.58687771199411,2,0.851063829787234,Negativo,Superior a la mediana,-432.3914171145064,49.63533716284265,0.0,432.3914171145064,False,Cobertura < 75 %,False,Balance < 0 mm,True,Percentil >= P25,False,No cumple simultáneamente cobertura >= 60 % y humedad >= P25,1,Humedad,Cumple 1 criterio
2020-04-01,2020-12-11,Solanum tuberosum → Oryza sativa,2,255,493.4500000000001,929.880786401124,996.2223478138324,-502.7723478138322,736.2601829044372,49.532115102904,0.1382314822727849,60.53985261392963,2,0.7843137254901961,Negativo,Superior a la mediana,-502.7723478138322,49.532115102904,0.0,502.7723478138322,False,Cobertura < 75 %,False,Balance < 0 mm,True,Percentil >= P25,False,No cumple simultáneamente cobertura >= 60 % y humedad >= P25,1,Humedad,Cumple 1 criterio
2020-04-01,2020-12-11,Oryza sativa → Solanum tuberosum,2,255,493.44999999999993,929.8807864011238,997.2187013962308,-503.76870139623065,736.4732191686005,49.48262595848918,0.138231482272785,60.53985261392965,2,0.7843137254901961,Negativo,Superior a la mediana,-503.76870139623065,49.48262595848918,0.0,503.76870139623065,False,Cobertura < 75 %,False,Balance < 0 mm,True,Percentil >= P25,False,No cumple simultáneamente cobertura >= 60 % y humedad >= P25,1,Humedad,Cumple 1 criterio
2020-03-15,2020-12-29,Oryza sativa → Phaseolus vulgaris,2,290,535.84,1062.0198310966512,1094.6542218246925,-558.8142218246923,808.0805782463337,48.95061740197757,0.1368563093501945,56.43078301017563,5,1.7241379310344829,Negativo,Superior a la mediana,-558.8142218246923,48.95061740197757,0.0,558.8142218246923,False,Cobertura < 75 %,False,Balance < 0 mm,True,Percentil >= P25,False,No cumple simultáneamente cobertura >= 60 % y humedad >= P25,1,Humedad,Cumple 1 criterio
2020-03-15,2020-12-29,Phaseolus vulgaris → Oryza sativa,2,290,535.84,1062.0198310966512,1094.6810251311017,-558.8410251311016,812.6834496233467,48.94941884425433,0.1368563093501945,56.43078301017563,5,1.7241379310344829,Negativo,Superior a la mediana,-558.8410251311016,48.94941884425433,0.0,558.8410251311016,False,Cobertura < 75 %,False,Balance < 0 mm,True,Percentil >= P25,False,No cumple simultáneamente cobertura >= 60 % y humedad >= P25,1,Humedad,Cumple 1 criterio
2020-03-15,2020-11-09,Oryza sativa → Lycopersicon esculentum,2,240,455.5,897.0894246571488,974.7296860270204,-519.2296860270205,696.8468328762845,46.73090463229958,0.1366037262875275,55.98872724763909,5,2.083333333333333,Negativo,Superior a la mediana,-519.2296860270205,46.73090463229958,0.0,519.2296860270205,False,Cobertura < 75 %,False,Balance < 0 mm,True,Percentil >= P25,False,No cumple simultáneamente cobertura >= 60 % y humedad >= P25,1,Humedad,Cumple 1 criterio
2020-03-15,2020-11-09,Lycopersicon esculentum → Oryza sativa,2,240,455.5,897.0894246571488,974.820865212474,-519.3208652124741,696.222682338263,46.72653368993269,0.1366037262875275,55.98872724763909,5,2.083333333333333,Negativo,Superior a la mediana,-519.3208652124741,46.72653368993269,0.0,519.3208652124741,False,Cobertura < 75 %,False,Balance < 0 mm,True,Percentil >= P25,False,No cumple simultáneamente cobertura >= 60 % y humedad >= P25,1,Humedad,Cumple 1 criterio
2020-04-15,2020-12-10,Lycopersicon esculentum → Oryza sativa,2,240,438.29,877.1041705504863,950.7699876417846,-512.4799876417845,708.6560645232437,46.0984260859033,0.1381735745545786,60.23407454205256,2,0.8333333333333334,Negativo,Superior a la mediana,-512.4799876417845,46.0984260859033,0.0,512.4799876417845,False,Cobertura < 75 %,False,Balance < 0 mm,True,Percentil >= P25,False,No cumple simultáneamente cobertura >= 60 % y humedad >= P25,1,Humedad,Cumple 1 criterio
2020-05-01,2020-12-26,Lycopersicon esculentum → Oryza sativa,2,240,435.95,877.0324655032634,948.1271429691772,-512.1771429691772,712.8094452598095,45.98012020147095,0.1380212690176751,59.794365910544165,2,0.8333333333333334,Negativo,Superior a la mediana,-512.1771429691772,45.98012020147095,0.0,512.1771429691772,False,Cobertura < 75 %,False,Balance < 0 mm,True,Percentil >= P25,False,No cumple simultáneamente cobertura >= 60 % y humedad >= P25,1,Humedad,Cumple 1 criterio
2020-04-15,2020-12-10,Oryza sativa → Lycopersicon esculentum,2,240,438.29,877.1041705504863,953.4399514827464,-515.1499514827465,717.2091660471174,45.96933444192173,0.1381735745545786,60.23407454205256,2,0.8333333333333334,Negativo,Superior a la mediana,-515.1499514827465,45.96933444192173,0.0,515.1499514827465,False,Cobertura < 75 %,False,Balance < 0 mm,True,Percentil >= P25,False,No cumple simultáneamente cobertura >= 60 % y humedad >= P25,1,Humedad,Cumple 1 criterio
2020-05-01,2020-12-26,Oryza sativa → Lycopersicon esculentum,2,240,435.9500000000001,877.0324655032634,950.7816787083248,-514.8316787083246,709.8768645894525,45.85174596467358,0.1380212690176752,59.794365910544165,2,0.8333333333333334,Negativo,Superior a la mediana,-514.8316787083246,45.85174596467358,0.0,514.8316787083246,False,Cobertura < 75 %,False,Balance < 0 mm,True,Percentil >= P25,False,No cumple simultáneamente cobertura >= 60 % y humedad >= P25,1,Humedad,Cumple 1 criterio
2020-04-15,2020-12-25,Solanum tuberosum → Oryza sativa,2,255,448.99,932.6645420480088,995.8706459274864,-546.8806459274865,746.313275623168,45.08517264125615,0.13745061437435,58.05746438359757,2,0.7843137254901961,Negativo,Superior a la mediana,-546.8806459274865,45.08517264125615,0.0,546.8806459274865,False,Cobertura < 75 %,False,Balance < 0 mm,True,Percentil >= P25,False,No cumple simultáneamente cobertura >= 60 % y humedad >= P25,1,Humedad,Cumple 1 criterio
2020-04-15,2020-12-25,Oryza sativa → Solanum tuberosum,2,255,448.99,932.6645420480088,998.5349941037672,-549.5449941037673,754.9640614601235,44.96487380524805,0.13745061437435,58.05746438359756,2,0.7843137254901961,Negativo,Superior a la mediana,-549.5449941037673,44.96487380524805,0.0,549.5449941037673,False,Cobertura < 75 %,False,Balance < 0 mm,True,Percentil >= P25,False,No cumple simultáneamente cobertura >= 60 % y humedad >= P25,1,Humedad,Cumple 1 criterio
