id_escenario,numero_etapas,rotacion,dias_totales,precipitacion_total_mm,ETo_total_mm,ETc_total_mm,balance_P_ETc_total_mm,demanda_no_cubierta_total_mm,cobertura_precipitacion_pct,temperatura_media_c,indicador_temperatura,sm_rootzone_media,smap_percentil_medio,dias_humedad_bajo_P10
12,2,Solanum tuberosum → Lycopersicon esculentum,235,747.0899999999999,900.2072486390751,903.1583922835625,-156.06839228356245,617.6957744918968,82.71970967473862,21.001148936170214,100.0,0.13146925840051243,40.76735263341472,37
3,2,Lycopersicon esculentum → Solanum tuberosum,235,747.09,900.207248639075,903.8765188455809,-156.78651884558082,613.4490574274535,82.6539891703541,21.001148936170214,100.0,0.13146925840051243,40.76735263341472,37
2,2,Lycopersicon esculentum → Phaseolus vulgaris,270,808.4200000000001,1031.648576196592,1000.4639012474889,-192.04390124748895,671.0923302288729,80.80451468483497,20.94196296296296,100.0,0.1328364309233923,45.1204209674155,37
9,2,Phaseolus vulgaris → Lycopersicon esculentum,270,808.4200000000001,1031.648576196592,1004.2782691347245,-195.8582691347245,683.8454881101654,80.49760956159353,20.94196296296296,100.0,0.13283643092339228,45.1204209674155,37
14,2,Solanum tuberosum → Phaseolus vulgaris,285,821.0799999999999,1091.8375151884838,1049.9700728505568,-228.8900728505568,722.5762324706993,78.2003241074153,20.950421052631583,100.0,0.13307168380144913,45.82015147157512,37
11,2,Phaseolus vulgaris → Solanum tuberosum,285,821.08,1091.8375151884838,1054.6201307170543,-233.5401307170543,730.4756490550762,77.85552125216249,20.950421052631583,100.0,0.1330716838014491,45.82015147157511,37
16,2,Zea mays → Lycopersicon esculentum,325,920.8100000000001,1221.3947668050303,1203.1292413963208,-282.3192413963208,856.7668908977839,76.53458733421952,20.852984615384617,100.0,0.13457825054629485,50.215216477511554,37
4,2,Lycopersicon esculentum → Zea mays,325,920.81,1221.39476680503,1209.7875729323277,-288.9775729323278,861.531440465772,76.11336242842259,20.852984615384614,100.0,0.13457825054629485,50.215216477511554,37
7,2,Oryza sativa → Solanum tuberosum,255,790.06,974.1064338936994,1043.7206376193994,-253.66063761939932,723.6199445742628,75.6965007228401,20.950235294117643,100.0,0.13243237969410765,43.82406514518375,37
13,2,Solanum tuberosum → Oryza sativa,255,790.06,974.1064338936993,1044.0958084775805,-254.0358084775806,719.0560947245153,75.66930099566285,20.950235294117643,100.0,0.13243237969410765,43.82406514518376,37
5,2,Oryza sativa → Lycopersicon esculentum,240,752.63,917.5167214497033,997.3790642892836,-244.74906428928372,694.8109894841455,75.46077784741874,20.988500000000002,100.0,0.1318274589371867,41.84426229508196,37
1,2,Lycopersicon esculentum → Oryza sativa,240,752.6300000000001,917.516721449703,998.2882950076192,-245.65829500761936,691.8533707993954,75.39204894656767,20.9885,100.0,0.1318274589371867,41.844262295081975,37
18,2,Zea mays → Solanum tuberosum,340,920.8100000000001,1269.5135947639026,1240.0119039002832,-319.2019039002831,897.9018038674276,74.25815809539583,20.834558823529413,100.0,0.13491561191759122,51.33719061395049,37
15,2,Solanum tuberosum → Zea mays,340,920.81,1269.5135947639023,1245.4318302713773,-324.62183027137746,905.3807860945853,73.93499809615088,20.834558823529413,100.0,0.13491561191759122,51.337190613950504,37
6,2,Oryza sativa → Phaseolus vulgaris,290,827.07,1110.704235948974,1147.3769361698887,-320.3069361698889,807.4320132536989,72.08354760562646,20.953758620689655,100.0,0.1331879735089324,46.21254946297343,37
10,2,Phaseolus vulgaris → Oryza sativa,290,827.07,1110.7042359489737,1149.4002226900411,-322.3302226900413,807.0106251722068,71.95665910559303,20.953758620689655,100.0,0.13318797350893238,46.21254946297343,37
17,2,Zea mays → Oryza sativa,345,920.8100000000001,1286.2500462103246,1329.3563269342958,-408.54632693429585,973.5678769774474,69.26735754314514,20.832376811594205,100.0,0.1349134206744855,51.30593173358675,37
8,2,Oryza sativa → Zea mays,345,920.81,1286.2500462103246,1338.6992757396652,-417.8892757396652,988.0568214942488,68.78393203665767,20.83237681159421,100.0,0.13491342067448553,51.305931733586775,37
23,3,Solanum tuberosum → Lycopersicon esculentum → Oryza sativa,365,965.1099999999999,1358.1355172078163,1427.7336845063594,-462.62368450635944,1048.7043762865515,67.5973404895667,20.81082191780822,100.0,0.13455962246819714,50.160940190133985,37
20,3,Lycopersicon esculentum → Solanum tuberosum → Oryza sativa,365,965.11,1358.1355172078163,1428.4518110683778,-463.3418110683778,1044.457659222108,67.56335723206288,20.81082191780822,100.0,0.13455962246819714,50.160940190133985,37
22,3,Oryza sativa → Solanum tuberosum → Lycopersicon esculentum,365,965.1099999999999,1358.1355172078163,1428.9300963290875,-463.8200963290874,1046.3508489918488,67.54074271928077,20.81082191780822,100.0,0.13455962246819714,50.160940190133985,37
24,3,Solanum tuberosum → Oryza sativa → Lycopersicon esculentum,365,965.1099999999999,1358.1355172078163,1429.3052671872686,-464.19526718726866,1041.7869991421014,67.52301430325245,20.81082191780822,100.0,0.13455962246819714,50.160940190133985,37
21,3,Oryza sativa → Lycopersicon esculentum → Solanum tuberosum,365,965.11,1358.1355172078163,1430.5710024451942,-465.4610024451942,1051.848550024103,67.46327154334821,20.81082191780822,100.0,0.13455962246819714,50.160940190133985,37
19,3,Lycopersicon esculentum → Oryza sativa → Solanum tuberosum,365,965.1100000000001,1358.135517207816,1431.4802331635296,-466.37023316352986,1048.8909313393528,67.42042101881736,20.81082191780822,100.0,0.13455962246819714,50.160940190134,37
