escenario_id,cultivo_1,cultivo_2,cultivo_3,fecha_inicio,fecha_fin,duracion_total_dias,precipitacion_total,ETo_total,ETc_total,demanda_no_cubierta_total,dias_demanda_no_cubierta,dias_humedad_baja,indicador_temperatura,indicador_precipitacion,indicador_hidrico,indice_escenario,variabilidad_indice,clasificacion_indicativa
74,Phaseolus vulgaris,Phaseolus vulgaris,Phaseolus vulgaris,2020-01-01,2021-04-24,480,985.6200000000001,1361.42679292337,583.7954178017076,408.03302474963135,123,37,100.0,86.98222222222223,86.78022172805606,90.79665533318078,6.411173291528248,Alta
266,Solanum tuberosum,Phaseolus vulgaris,Phaseolus vulgaris,2020-01-01,2021-03-20,445,985.6199999999999,1361.4267929233697,600.6673416524909,419.00330905974363,121,37,100.0,88.52266666666667,83.33084181058764,89.62954548143111,6.076599470484105,Alta
282,Solanum tuberosum,Lycopersicon esculentum,Phaseolus vulgaris,2020-01-01,2021-01-29,395,985.6199999999999,1361.4267929233697,480.90026068142726,338.73738050300926,95,37,100.0,77.28431746031747,85.96647347815617,88.00599243024965,5.974953145727744,Alta
90,Phaseolus vulgaris,Lycopersicon esculentum,Phaseolus vulgaris,2020-01-01,2021-03-05,430,985.6200000000001,1361.4267929233697,583.7954178017076,408.03302474963135,123,37,100.0,75.54095238095238,86.78022172805606,87.93633787286333,5.129197371598306,Alta
202,Lycopersicon esculentum,Phaseolus vulgaris,Phaseolus vulgaris,2020-01-01,2021-03-05,430,985.6199999999999,1361.4267929233697,619.1994462937105,433.03815176398746,123,37,100.0,83.46863492063493,81.75279942646375,87.65591847206743,7.568720771996892,Alta
26,Zea mays,Lycopersicon esculentum,Phaseolus vulgaris,2020-01-01,2021-04-29,485,985.6200000000001,1361.42679292337,801.7120231523895,551.8466998327838,172,37,100.0,73.06053968253968,86.64115450521145,87.25365444798007,4.40382527653559,Alta
76,Phaseolus vulgaris,Phaseolus vulgaris,Lycopersicon esculentum,2020-01-01,2021-03-05,430,985.6200000000001,1361.42679292337,583.7954178017076,408.03302474963135,123,37,100.0,71.16787301587301,86.78022172805606,86.84306803159348,7.546154657974735,Alta
218,Lycopersicon esculentum,Lycopersicon esculentum,Phaseolus vulgaris,2020-01-01,2021-01-14,380,985.6199999999999,1361.4267929233697,434.135219788128,302.5722984633555,83,37,100.0,71.21466666666667,86.06091905600192,86.53108024186753,7.945750465496715,Alta
268,Solanum tuberosum,Phaseolus vulgaris,Lycopersicon esculentum,2020-01-01,2021-01-29,395,985.6199999999999,1361.4267929233697,600.6673416524909,419.00330905974363,121,37,100.0,75.24114285714286,83.33084181058764,86.30916452905015,5.218783476070043,Alta
290,Solanum tuberosum,Solanum tuberosum,Phaseolus vulgaris,2020-01-01,2021-02-13,410,985.62,1361.42679292337,480.90026068142726,338.73738050300926,95,37,100.0,69.24355555555557,85.96647347815617,85.99580195405917,6.381677738543621,Alta
258,Solanum tuberosum,Zea mays,Phaseolus vulgaris,2020-01-01,2021-05-14,500,985.6199999999999,1361.4267929233697,855.6943394412049,593.3067416820932,173,37,100.0,80.25744444444445,79.49513168994109,85.8371703715846,5.004671326831582,Alta
73,Phaseolus vulgaris,Phaseolus vulgaris,Zea mays,2020-01-01,2021-06-18,535,985.6200000000001,1361.42679292337,583.7954178017076,408.03302474963135,123,37,100.0,66.92033333333333,86.78022172805606,85.78118311095857,8.476493321029789,Alta
265,Solanum tuberosum,Phaseolus vulgaris,Zea mays,2020-01-01,2021-05-14,500,985.6199999999999,1361.4267929233697,600.6673416524909,419.00330905974363,121,37,100.0,71.7851111111111,83.33084181058764,85.44515659254222,5.651998682475286,Alta
98,Phaseolus vulgaris,Solanum tuberosum,Phaseolus vulgaris,2020-01-01,2021-03-20,445,985.62,1361.4267929233697,583.7954178017076,408.03302474963135,123,37,100.0,64.72977777777777,86.78022172805606,85.23354422206967,6.603748760825949,Alta
79,Phaseolus vulgaris,Phaseolus vulgaris,Coffea arabica,2020-01-01,2021-08-12,590,985.6200000000001,1361.42679292337,583.7954178017076,408.03302474963135,123,37,100.0,63.31977777777778,86.78022172805606,84.88104422206968,9.381847542841115,Alta
78,Phaseolus vulgaris,Phaseolus vulgaris,Oryza sativa,2020-01-01,2021-03-25,450,985.6200000000001,1361.42679292337,583.7954178017076,408.03302474963135,123,37,100.0,63.31977777777778,86.78022172805606,84.88104422206968,9.381847542841115,Alta
75,Phaseolus vulgaris,Phaseolus vulgaris,Manihot esculenta,2020-01-01,2021-08-14,592,985.6200000000001,1361.42679292337,583.7954178017076,408.03302474963135,123,37,100.0,63.31977777777778,86.78022172805606,84.88104422206968,9.381847542841115,Alta
77,Phaseolus vulgaris,Phaseolus vulgaris,Solanum tuberosum,2020-01-01,2021-03-20,445,985.6200000000001,1361.42679292337,583.7954178017076,408.03302474963135,123,37,100.0,63.31977777777778,86.78022172805606,84.88104422206968,9.381847542841115,Alta
92,Phaseolus vulgaris,Lycopersicon esculentum,Lycopersicon esculentum,2020-01-01,2021-01-14,380,985.6200000000001,1361.4267929233697,583.7954178017076,408.03302474963135,123,37,100.0,62.580952380952375,86.78022172805606,84.69633787286332,1.998433159494019,Alta
281,Solanum tuberosum,Lycopersicon esculentum,Zea mays,2020-01-01,2021-03-25,450,985.6199999999999,1361.4267929233697,480.90026068142726,338.73738050300926,95,37,100.0,63.01309523809524,85.96647347815617,84.43818687469408,2.5825894622239796,Alta
204,Lycopersicon esculentum,Phaseolus vulgaris,Lycopersicon esculentum,2020-01-01,2021-01-14,380,985.6199999999999,1361.4267929233697,619.1994462937105,433.03815176398746,123,37,100.0,70.50863492063492,81.75279942646375,84.41591847206742,5.757906375016362,Alta
284,Solanum tuberosum,Lycopersicon esculentum,Lycopersicon esculentum,2020-01-01,2020-12-10,345,920.81,1286.2500462103244,480.90026068142726,338.73738050300926,95,37,100.0,62.79571428571429,85.96647347815617,84.38384163659885,2.5731826005444516,Alta
34,Zea mays,Solanum tuberosum,Phaseolus vulgaris,2020-01-01,2021-05-14,500,985.6200000000001,1361.42679292337,801.7120231523895,551.8466998327838,172,37,100.0,61.146888888888896,86.64115450521145,84.27524174956739,6.193319401488742,Alta
194,Lycopersicon esculentum,Zea mays,Phaseolus vulgaris,2020-01-01,2021-04-29,485,985.6199999999999,1361.4267929233697,877.0654504100122,610.066798505637,175,37,100.0,75.71807936507938,78.32929714425363,84.17770355618399,6.464426681022997,Alta
89,Phaseolus vulgaris,Lycopersicon esculentum,Zea mays,2020-01-01,2021-04-29,485,985.6200000000001,1361.4267929233697,583.7954178017076,408.03302474963135,123,37,100.0,59.22539682539682,86.78022172805606,83.85744898397444,2.249334220982477,Alta
106,Phaseolus vulgaris,Oryza sativa,Phaseolus vulgaris,2020-01-01,2021-03-25,450,985.6200000000001,1361.4267929233697,583.7954178017076,408.03302474963135,123,37,100.0,59.07888888888889,86.78022172805606,83.82082199984745,7.970631644728721,Alta
201,Lycopersicon esculentum,Phaseolus vulgaris,Zea mays,2020-01-01,2021-04-29,485,985.6199999999999,1361.4267929233697,619.1994462937105,433.03815176398746,123,37,100.0,67.15307936507936,81.75279942646375,83.57702958317853,5.809369477753894,Alta
226,Lycopersicon esculentum,Solanum tuberosum,Phaseolus vulgaris,2020-01-01,2021-01-29,395,985.6199999999999,1361.4267929233697,485.49323504750987,340.6308502592839,95,37,100.0,62.17352380952381,84.45586166316495,83.54851870080518,8.556757887254149,Alta
217,Lycopersicon esculentum,Lycopersicon esculentum,Zea mays,2020-01-01,2021-03-10,435,985.6199999999999,1361.4267929233697,434.135219788128,302.5722984633555,83,37,100.0,58.791111111111114,86.06091905600192,83.42519135297864,4.482560706207754,Alta
298,Solanum tuberosum,Oryza sativa,Phaseolus vulgaris,2020-01-01,2021-02-18,415,985.6199999999999,1361.4267929233697,500.35357625125107,357.60069607283305,100,37,100.0,59.90133333333333,85.19866071565411,83.31473065537769,8.705851198474772,Alta
28,Zea mays,Lycopersicon esculentum,Lycopersicon esculentum,2020-01-01,2021-03-10,435,985.6200000000001,1361.42679292337,801.7120231523895,551.8466998327838,172,37,100.0,57.24619047619047,86.64115450521145,83.30006714639276,2.686979269707558,Alta
220,Lycopersicon esculentum,Lycopersicon esculentum,Lycopersicon esculentum,2020-01-01,2020-11-25,330,920.81,1236.6365835080205,434.135219788128,302.5722984633555,83,37,100.0,58.133809523809525,86.06091905600192,83.26086595615325,4.3463637112922555,Alta
42,Zea mays,Oryza sativa,Phaseolus vulgaris,2020-01-01,2021-05-19,505,985.6200000000001,1361.42679292337,801.7120231523895,551.8466998327838,172,37,100.0,56.99577777777778,86.64115450521145,83.2374639717896,7.300722833192253,Alta
270,Solanum tuberosum,Phaseolus vulgaris,Oryza sativa,2020-01-01,2021-02-18,415,985.6199999999999,1361.4267929233697,600.6673416524909,419.00330905974363,121,37,100.0,62.644000000000005,83.33084181058764,83.15987881476444,7.667807999224689,Alta
267,Solanum tuberosum,Phaseolus vulgaris,Manihot esculenta,2020-01-01,2021-07-10,557,985.6199999999999,1361.4267929233697,600.6673416524909,419.00330905974363,121,37,100.0,62.644000000000005,83.33084181058764,83.15987881476444,7.667807999224689,Alta
269,Solanum tuberosum,Phaseolus vulgaris,Solanum tuberosum,2020-01-01,2021-02-13,410,985.6199999999999,1361.4267929233697,600.6673416524909,419.00330905974363,121,37,100.0,62.644000000000005,83.33084181058764,83.15987881476444,7.667807999224689,Alta
271,Solanum tuberosum,Phaseolus vulgaris,Coffea arabica,2020-01-01,2021-07-08,555,985.6199999999999,1361.4267929233697,600.6673416524909,419.00330905974363,121,37,100.0,62.644000000000005,83.33084181058764,83.15987881476444,7.667807999224689,Alta
292,Solanum tuberosum,Solanum tuberosum,Lycopersicon esculentum,2020-01-01,2020-12-25,360,931.51,1341.810417707847,480.90026068142726,338.73738050300926,95,37,100.0,54.29634920634921,85.96647347815617,82.25900036675759,1.143813901712329,Alta
25,Zea mays,Lycopersicon esculentum,Zea mays,2020-01-01,2021-06-23,540,985.6200000000001,1361.42679292337,801.7120231523895,551.8466998327838,172,37,100.0,52.99865079365079,86.64115450521145,82.23818222575785,3.821233841005463,Alta
289,Solanum tuberosum,Solanum tuberosum,Zea mays,2020-01-01,2021-04-09,465,985.62,1361.42679292337,480.90026068142726,338.73738050300926,95,37,100.0,53.701666666666675,85.96647347815617,82.11032973183694,0.9462427291446551,Alta
80,Phaseolus vulgaris,Phaseolus vulgaris,Saccharum officinarum,2020-01-01,2021-08-30,608,985.6200000000001,1361.42679292337,583.7954178017076,408.03302474963135,123,37,90.55797101449275,63.31977777777778,86.78022172805606,82.0484355264175,12.650876291134892,Alta
100,Phaseolus vulgaris,Solanum tuberosum,Lycopersicon esculentum,2020-01-01,2021-01-29,395,985.62,1361.4267929233697,583.7954178017076,408.03302474963135,123,37,100.0,51.44825396825396,86.78022172805606,81.91316326968872,2.1742446608124695,Alta
260,Solanum tuberosum,Zea mays,Lycopersicon esculentum,2020-01-01,2021-03-25,450,985.6199999999999,1361.4267929233697,855.6943394412049,593.3067416820932,173,37,100.0,64.44309523809524,79.49513168994109,81.8835830699973,1.2932628133983672,Alta
330,Oryza sativa,Phaseolus vulgaris,Phaseolus vulgaris,2020-01-01,2021-03-25,450,985.6200000000001,1361.4267929233697,673.5220882184534,477.61958205913356,122,37,100.0,55.176222222222215,83.56184957636545,81.39688786492,18.4278249802061,Alta
93,Phaseolus vulgaris,Lycopersicon esculentum,Solanum tuberosum,2020-01-01,2021-01-29,395,985.6200000000001,1361.4267929233697,583.7954178017076,408.03302474963135,123,37,100.0,49.38095238095238,86.78022172805606,81.39633787286333,4.942627343211619,Alta
95,Phaseolus vulgaris,Lycopersicon esculentum,Coffea arabica,2020-01-01,2021-06-23,540,985.6200000000001,1361.4267929233697,583.7954178017076,408.03302474963135,123,37,100.0,49.38095238095238,86.78022172805606,81.39633787286333,4.942627343211619,Alta
94,Phaseolus vulgaris,Lycopersicon esculentum,Oryza sativa,2020-01-01,2021-02-03,400,985.6200000000001,1361.4267929233697,583.7954178017076,408.03302474963135,123,37,100.0,49.38095238095238,86.78022172805606,81.39633787286333,4.942627343211619,Alta
234,Lycopersicon esculentum,Oryza sativa,Phaseolus vulgaris,2020-01-01,2021-02-03,400,985.6199999999999,1361.4267929233697,515.4066815962561,368.2114157585822,100,37,100.0,55.33596825396825,83.39017814844347,81.35957223029163,10.304018606400248,Alta
29,Zea mays,Lycopersicon esculentum,Solanum tuberosum,2020-01-01,2021-03-25,450,985.6200000000001,1361.42679292337,801.7120231523895,551.8466998327838,172,37,100.0,49.39809523809524,86.64115450521145,81.33804333686896,4.938781894660138,Alta
30,Zea mays,Lycopersicon esculentum,Oryza sativa,2020-01-01,2021-03-30,455,985.6200000000001,1361.42679292337,801.7120231523895,551.8466998327838,172,37,100.0,49.39809523809524,86.64115450521145,81.33804333686896,4.938781894660138,Alta
31,Zea mays,Lycopersicon esculentum,Coffea arabica,2020-01-01,2021-08-17,595,985.6200000000001,1361.42679292337,801.7120231523895,551.8466998327838,172,37,100.0,49.39809523809524,86.64115450521145,81.33804333686896,4.938781894660138,Alta
27,Zea mays,Lycopersicon esculentum,Manihot esculenta,2020-01-01,2021-08-19,597,985.6200000000001,1361.42679292337,801.7120231523895,551.8466998327838,172,37,100.0,49.39809523809524,86.64115450521145,81.33804333686896,4.938781894660138,Alta
91,Phaseolus vulgaris,Lycopersicon esculentum,Manihot esculenta,2020-01-01,2021-06-25,542,985.6200000000001,1361.4267929233697,590.1268729505306,414.3444798984543,125,37,100.0,49.38095238095238,86.39745204657329,81.22409151619607,5.166468277059311,Alta
285,Solanum tuberosum,Lycopersicon esculentum,Solanum tuberosum,2020-01-01,2020-12-25,360,931.51,1341.8104177078467,480.90026068142726,338.73738050300926,95,37,100.0,49.761428571428574,85.96647347815617,81.12527020802742,5.030303586251679,Alta
286,Solanum tuberosum,Lycopersicon esculentum,Oryza sativa,2020-01-01,2020-12-30,365,965.1099999999999,1358.1355172078163,480.90026068142726,338.73738050300926,95,37,100.0,49.761428571428574,85.96647347815617,81.12527020802742,5.030303586251679,Alta
207,Lycopersicon esculentum,Phaseolus vulgaris,Coffea arabica,2020-01-01,2021-06-23,540,985.6199999999999,1361.4267929233697,619.1994462937105,433.03815176398746,123,37,100.0,57.308634920634915,81.75279942646375,81.11591847206742,7.192951253769138,Alta
206,Lycopersicon esculentum,Phaseolus vulgaris,Oryza sativa,2020-01-01,2021-02-03,400,985.6199999999999,1361.4267929233697,619.1994462937105,433.03815176398746,123,37,100.0,57.308634920634915,81.75279942646375,81.11591847206742,7.192951253769138,Alta
205,Lycopersicon esculentum,Phaseolus vulgaris,Solanum tuberosum,2020-01-01,2021-01-29,395,985.6199999999999,1361.4267929233697,619.1994462937105,433.03815176398746,123,37,100.0,57.308634920634915,81.75279942646375,81.11591847206742,7.192951253769138,Alta
97,Phaseolus vulgaris,Solanum tuberosum,Zea mays,2020-01-01,2021-05-14,500,985.62,1361.4267929233697,583.7954178017076,408.03302474963135,123,37,100.0,47.99222222222221,86.78022172805606,81.04915533318078,1.3566016466515867,Alta
203,Lycopersicon esculentum,Phaseolus vulgaris,Manihot esculenta,2020-01-01,2021-06-25,542,985.6199999999999,1361.4267929233697,625.5309014425335,439.34960691281043,125,37,100.0,57.308634920634915,81.370029744981,80.94367211540018,7.341987108599705,Alta
257,Solanum tuberosum,Zea mays,Zea mays,2020-01-01,2021-07-08,555,985.6199999999999,1361.4267929233697,855.6943394412049,593.3067416820932,173,37,100.0,60.19555555555555,79.49513168994109,80.82169814936239,2.4589048404195273,Alta
108,Phaseolus vulgaris,Oryza sativa,Lycopersicon esculentum,2020-01-01,2021-02-03,400,985.6200000000001,1361.4267929233697,583.7954178017076,408.03302474963135,123,37,100.0,45.64523809523809,86.78022172805606,80.46240930143475,3.9548022318341847,Alta
36,Zea mays,Solanum tuberosum,Lycopersicon esculentum,2020-01-01,2021-03-25,450,985.6200000000001,1361.42679292337,801.7120231523895,551.8466998327838,172,37,100.0,45.332539682539675,86.64115450521145,80.32165444798008,1.6225154827549797,Alta
196,Lycopersicon esculentum,Zea mays,Lycopersicon esculentum,2020-01-01,2021-03-10,435,985.6199999999999,1361.4267929233697,877.0654504100122,610.066798505637,175,37,100.0,59.90373015873016,78.32929714425363,80.22411625459668,2.3006329719631604,Alta
221,Lycopersicon esculentum,Lycopersicon esculentum,Solanum tuberosum,2020-01-01,2020-12-10,345,920.81,1286.2500462103244,434.135219788128,302.5722984633555,83,37,100.0,45.69888888888889,86.06091905600192,80.15213579742309,4.061086508237511,Alta
272,Solanum tuberosum,Phaseolus vulgaris,Saccharum officinarum,2020-01-01,2021-07-26,573,985.6199999999999,1361.4267929233697,608.6989656453077,424.448254656486,123,37,90.50395694840138,62.644000000000005,82.92689803044243,80.1292911982195,11.25267334872695,Alta
225,Lycopersicon esculentum,Solanum tuberosum,Zea mays,2020-01-01,2021-03-25,450,985.6199999999999,1361.4267929233697,485.49323504750987,340.6308502592839,95,37,100.0,47.90230158730159,84.45586166316495,79.98071314524964,3.518665898678741,Media
300,Solanum tuberosum,Oryza sativa,Lycopersicon esculentum,2020-01-01,2020-12-30,365,965.1099999999999,1358.1355172078163,500.35357625125107,357.60069607283305,100,37,100.0,46.430952380952384,85.19866071565411,79.94713541728245,4.5021250270161755,Media
228,Lycopersicon esculentum,Solanum tuberosum,Lycopersicon esculentum,2020-01-01,2020-12-10,345,920.81,1286.2500462103244,485.49323504750987,340.6308502592839,95,37,100.0,47.68492063492064,84.45586166316495,79.9263679071544,3.4420960372452116,Media
261,Solanum tuberosum,Zea mays,Solanum tuberosum,2020-01-01,2021-04-09,465,985.6199999999999,1361.4267929233697,855.6943394412049,593.3067416820932,173,37,100.0,56.595,79.49513168994109,79.92155926047349,3.644981034834771,Media
259,Solanum tuberosum,Zea mays,Manihot esculenta,2020-01-01,2021-09-03,612,985.6199999999999,1361.4267929233697,855.6943394412049,593.3067416820932,173,37,100.0,56.595,79.49513168994109,79.92155926047349,3.644981034834771,Media
262,Solanum tuberosum,Zea mays,Oryza sativa,2020-01-01,2021-04-14,470,985.6199999999999,1361.4267929233697,855.6943394412049,593.3067416820932,173,37,100.0,56.595,79.49513168994109,79.92155926047349,3.644981034834771,Media
263,Solanum tuberosum,Zea mays,Coffea arabica,2020-01-01,2021-09-01,610,985.6199999999999,1361.4267929233697,855.6943394412049,593.3067416820932,173,37,100.0,56.595,79.49513168994109,79.92155926047349,3.644981034834771,Media
105,Phaseolus vulgaris,Oryza sativa,Zea mays,2020-01-01,2021-05-19,505,985.6200000000001,1361.4267929233697,583.7954178017076,408.03302474963135,123,37,100.0,42.141666666666666,86.78022172805606,79.5865164442919,3.2508373858099895,Media
346,Oryza sativa,Lycopersicon esculentum,Phaseolus vulgaris,2020-01-01,2021-02-03,400,985.62,1361.42679292337,577.7748463342791,420.7834925892886,101,37,100.0,44.0635873015873,85.43434366314249,79.46135147381094,17.37277271255592,Media
287,Solanum tuberosum,Lycopersicon esculentum,Coffea arabica,2020-01-01,2021-05-19,505,985.6199999999999,1361.4267929233697,608.9635750765256,424.8342096497625,124,37,100.0,49.761428571428574,82.23303112022856,79.44522114696,7.178481231333351,Media
283,Solanum tuberosum,Lycopersicon esculentum,Manihot esculenta,2020-01-01,2021-05-21,507,985.6199999999999,1361.4267929233697,610.8892777206022,426.6618327608804,125,37,100.0,49.761428571428574,82.15377935677809,79.40955785340728,7.225627687616327,Media
297,Solanum tuberosum,Oryza sativa,Zea mays,2020-01-01,2021-04-14,470,985.6199999999999,1361.4267929233697,500.35357625125107,357.60069607283305,100,37,100.0,44.19777777777778,85.19866071565411,79.38884176648881,3.930387463582853,Media
222,Lycopersicon esculentum,Lycopersicon esculentum,Oryza sativa,2020-01-01,2020-12-15,350,920.81,1305.4241511583962,434.135219788128,302.5722984633555,83,37,100.0,42.46,86.06091905600192,79.34241357520087,4.713111606243475,Media
293,Solanum tuberosum,Solanum tuberosum,Solanum tuberosum,2020-01-01,2021-01-09,375,985.62,1361.42679292337,480.90026068142726,338.73738050300926,95,37,100.0,42.61333333333334,85.96647347815617,79.33824639850361,3.064150562308629,Media
294,Solanum tuberosum,Solanum tuberosum,Oryza sativa,2020-01-01,2021-01-14,380,985.62,1361.42679292337,480.90026068142726,338.73738050300926,95,37,100.0,42.567777777777785,85.96647347815617,79.32685750961473,3.080148609035958,Media
44,Zea mays,Oryza sativa,Lycopersicon esculentum,2020-01-01,2021-03-30,455,985.6200000000001,1361.42679292337,801.7120231523895,551.8466998327838,172,37,100.0,41.18142857142857,86.64115450521145,79.28387667020229,3.0610480365120147,Media
33,Zea mays,Solanum tuberosum,Zea mays,2020-01-01,2021-07-08,555,985.6200000000001,1361.42679292337,801.7120231523895,551.8466998327838,172,37,100.0,41.084999999999994,86.64115450521145,79.25976952734516,1.9206935986363862,Media
193,Lycopersicon esculentum,Zea mays,Zea mays,2020-01-01,2021-06-23,540,985.6199999999999,1361.4267929233697,877.0654504100122,610.066798505637,175,37,100.0,55.65619047619048,78.32929714425363,79.16223133396176,2.4783605077283672,Media
102,Phaseolus vulgaris,Solanum tuberosum,Oryza sativa,2020-01-01,2021-02-18,415,985.62,1361.4267929233697,583.7954178017076,408.03302474963135,123,37,100.0,38.8511111111111,86.78022172805606,78.76387755540301,2.932301221867557,Media
103,Phaseolus vulgaris,Solanum tuberosum,Coffea arabica,2020-01-01,2021-07-08,555,985.62,1361.4267929233697,583.7954178017076,408.03302474963135,123,37,100.0,38.8511111111111,86.78022172805606,78.76387755540301,2.932301221867557,Media
99,Phaseolus vulgaris,Solanum tuberosum,Manihot esculenta,2020-01-01,2021-07-10,557,985.62,1361.4267929233697,583.7954178017076,408.03302474963135,123,37,100.0,38.8511111111111,86.78022172805606,78.76387755540301,2.932301221867557,Media
101,Phaseolus vulgaris,Solanum tuberosum,Solanum tuberosum,2020-01-01,2021-02-13,410,985.62,1361.4267929233697,583.7954178017076,408.03302474963135,123,37,100.0,38.8511111111111,86.78022172805606,78.76387755540301,2.932301221867557,Media
32,Zea mays,Lycopersicon esculentum,Saccharum officinarum,2020-01-01,2021-09-04,613,985.6200000000001,1361.42679292337,801.7120231523895,551.8466998327838,172,37,90.84865540963102,49.39809523809524,86.64115450521145,78.59263995975826,8.617831349693045,Media
35,Zea mays,Solanum tuberosum,Manihot esculenta,2020-01-01,2021-09-03,612,985.6200000000001,1361.42679292337,801.7120231523895,551.8466998327838,172,37,100.0,37.48444444444444,86.64115450521145,78.35963063845627,2.8490054828337392,Media
39,Zea mays,Solanum tuberosum,Coffea arabica,2020-01-01,2021-09-01,610,985.6200000000001,1361.42679292337,801.7120231523895,551.8466998327838,172,37,100.0,37.48444444444444,86.64115450521145,78.35963063845627,2.8490054828337392,Media
38,Zea mays,Solanum tuberosum,Oryza sativa,2020-01-01,2021-04-14,470,985.6200000000001,1361.42679292337,801.7120231523895,551.8466998327838,172,37,100.0,37.48444444444444,86.64115450521145,78.35963063845627,2.8490054828337392,Media
37,Zea mays,Solanum tuberosum,Solanum tuberosum,2020-01-01,2021-04-09,465,985.6200000000001,1361.42679292337,801.7120231523895,551.8466998327838,172,37,100.0,37.48444444444444,86.64115450521145,78.35963063845627,2.8490054828337392,Media
199,Lycopersicon esculentum,Zea mays,Coffea arabica,2020-01-01,2021-08-17,595,985.6199999999999,1361.4267929233697,877.0654504100122,610.066798505637,175,37,100.0,52.05563492063493,78.32929714425363,78.26209244507287,3.2240414553179693,Media
195,Lycopersicon esculentum,Zea mays,Manihot esculenta,2020-01-01,2021-08-19,597,985.6199999999999,1361.4267929233697,877.0654504100122,610.066798505637,175,37,100.0,52.05563492063493,78.32929714425363,78.26209244507287,3.2240414553179693,Media
197,Lycopersicon esculentum,Zea mays,Solanum tuberosum,2020-01-01,2021-03-25,450,985.6199999999999,1361.4267929233697,877.0654504100122,610.066798505637,175,37,100.0,52.05563492063493,78.32929714425363,78.26209244507287,3.2240414553179693,Media
198,Lycopersicon esculentum,Zea mays,Oryza sativa,2020-01-01,2021-03-30,455,985.6199999999999,1361.4267929233697,877.0654504100122,610.066798505637,175,37,100.0,52.05563492063493,78.32929714425363,78.26209244507287,3.2240414553179693,Media
41,Zea mays,Oryza sativa,Zea mays,2020-01-01,2021-07-13,560,985.6200000000001,1361.42679292337,801.7120231523895,551.8466998327838,172,37,100.0,36.93388888888888,86.64115450521145,78.22199174956737,2.867493913422092,Media
295,Solanum tuberosum,Solanum tuberosum,Coffea arabica,2020-01-01,2021-06-03,520,985.62,1361.42679292337,553.9902440975673,389.48808582125486,114,37,100.0,42.567777777777785,83.459924311506,78.19891038462215,4.668273542086969,Media
291,Solanum tuberosum,Solanum tuberosum,Manihot esculenta,2020-01-01,2021-06-05,522,985.62,1361.42679292337,553.7100032803847,389.58154333903167,115,37,100.0,42.567777777777785,83.45530849657631,78.19683326790378,4.671202498291249,Media
332,Oryza sativa,Phaseolus vulgaris,Lycopersicon esculentum,2020-01-01,2021-02-03,400,985.6200000000001,1361.4267929233697,673.5220882184534,477.61958205913356,122,37,100.0,41.74257142857143,83.56184957636545,78.03847516650731,16.59557419977884,Media
233,Lycopersicon esculentum,Oryza sativa,Zea mays,2020-01-01,2021-03-30,455,985.6199999999999,1361.4267929233697,515.4066815962561,368.2114157585822,100,37,100.0,40.88007936507936,83.39017814844347,77.7456000080694,5.452336286591619,Media
236,Lycopersicon esculentum,Oryza sativa,Lycopersicon esculentum,2020-01-01,2020-12-15,350,920.81,1305.4241511583962,515.4066815962561,368.2114157585822,100,37,100.0,40.70666666666667,83.39017814844347,77.70224683346623,5.397041126218562,Media
322,Oryza sativa,Zea mays,Phaseolus vulgaris,2020-01-01,2021-05-19,505,985.6199999999999,1361.4267929233697,927.5047451773027,650.8786738516184,174,37,100.0,46.891333333333336,79.55413398172277,77.52219362510859,16.04637922451219,Media
354,Oryza sativa,Solanum tuberosum,Phaseolus vulgaris,2020-01-01,2021-02-18,415,985.6199999999999,1361.4267929233697,577.7748463342791,420.7834925892886,101,37,100.0,36.27577777777777,85.43434366314249,77.51439909285855,16.510077574290182,Media
109,Phaseolus vulgaris,Oryza sativa,Solanum tuberosum,2020-01-01,2021-02-18,415,985.6200000000001,1361.4267929233697,583.7954178017076,408.03302474963135,123,37,100.0,33.333333333333336,86.78022172805606,77.38443311095857,3.372097644089065,Media
111,Phaseolus vulgaris,Oryza sativa,Coffea arabica,2020-01-01,2021-07-13,560,985.6200000000001,1361.4267929233697,583.7954178017076,408.03302474963135,123,37,100.0,33.333333333333336,86.78022172805606,77.38443311095857,3.372097644089065,Media
107,Phaseolus vulgaris,Oryza sativa,Manihot esculenta,2020-01-01,2021-07-15,562,985.6200000000001,1361.4267929233697,583.7954178017076,408.03302474963135,123,37,100.0,33.333333333333336,86.78022172805606,77.38443311095857,3.372097644089065,Media
110,Phaseolus vulgaris,Oryza sativa,Oryza sativa,2020-01-01,2021-02-23,420,985.6200000000001,1361.4267929233697,583.7954178017076,408.03302474963135,123,37,100.0,33.333333333333336,86.78022172805606,77.38443311095857,3.372097644089065,Media
47,Zea mays,Oryza sativa,Coffea arabica,2020-01-01,2021-09-06,615,985.6200000000001,1361.42679292337,801.7120231523895,551.8466998327838,172,37,100.0,33.333333333333336,86.64115450521145,77.32185286067849,3.283595805406282,Media
43,Zea mays,Oryza sativa,Manihot esculenta,2020-01-01,2021-09-08,617,985.6200000000001,1361.42679292337,801.7120231523895,551.8466998327838,172,37,100.0,33.333333333333336,86.64115450521145,77.32185286067849,3.283595805406282,Media
45,Zea mays,Oryza sativa,Solanum tuberosum,2020-01-01,2021-04-14,470,985.6200000000001,1361.42679292337,801.7120231523895,551.8466998327838,172,37,100.0,33.333333333333336,86.64115450521145,77.32185286067849,3.283595805406282,Media
46,Zea mays,Oryza sativa,Oryza sativa,2020-01-01,2021-04-19,475,985.6200000000001,1361.42679292337,801.7120231523895,551.8466998327838,172,37,100.0,33.333333333333336,86.64115450521145,77.32185286067849,3.283595805406282,Media
223,Lycopersicon esculentum,Lycopersicon esculentum,Coffea arabica,2020-01-01,2021-05-04,490,985.6199999999999,1361.4267929233697,615.9242615917169,419.90386019996095,123,37,100.0,42.46,81.51362919083267,77.2961331358747,6.954102400917063,Media
96,Phaseolus vulgaris,Lycopersicon esculentum,Saccharum officinarum,2020-01-01,2021-07-11,558,985.6200000000001,1361.4267929233697,644.0344141973864,458.23121992622646,139,37,90.82692307692308,49.38095238095238,83.73586084365087,77.2744523979579,10.542266792859163,Media
219,Lycopersicon esculentum,Lycopersicon esculentum,Manihot esculenta,2020-01-01,2021-05-06,492,985.6199999999999,1361.4267929233697,624.2853945822258,426.62597950450726,124,37,100.0,42.46,81.253107430672,77.1788983438024,7.096814295713979,Media
264,Solanum tuberosum,Zea mays,Saccharum officinarum,2020-01-01,2021-09-19,628,985.6199999999999,1361.4267929233697,855.6943394412049,593.3067416820932,173,37,90.84220907297832,56.595,79.49513168994109,77.17422198236699,7.444728163544371,Media
329,Oryza sativa,Phaseolus vulgaris,Zea mays,2020-01-01,2021-05-19,505,985.6200000000001,1361.4267929233697,673.5220882184534,477.61958205913356,122,37,100.0,38.239,83.56184957636545,77.16258230936445,16.31239874593829,Media
208,Lycopersicon esculentum,Phaseolus vulgaris,Saccharum officinarum,2020-01-01,2021-07-11,558,985.6199999999999,1361.4267929233697,679.4384426893893,483.23634694058256,139,37,90.82692307692308,57.308634920634915,78.70843854205856,76.99403299716201,11.66776150369094,Media
301,Solanum tuberosum,Oryza sativa,Solanum tuberosum,2020-01-01,2021-01-14,380,985.6199999999999,1361.4267929233697,500.35357625125107,357.60069607283305,100,37,100.0,33.333333333333336,85.19866071565411,76.67273065537769,3.1273105243998036,Media
302,Solanum tuberosum,Oryza sativa,Oryza sativa,2020-01-01,2021-01-19,385,985.6199999999999,1361.4267929233697,500.35357625125107,357.60069607283305,100,37,100.0,33.333333333333336,85.19866071565411,76.67273065537769,3.1273105243998036,Media
229,Lycopersicon esculentum,Solanum tuberosum,Solanum tuberosum,2020-01-01,2020-12-25,360,931.51,1341.8104177078467,485.49323504750987,340.6308502592839,95,37,100.0,34.65063492063492,84.45586166316495,76.66779647858297,1.2168473720972586,Media
230,Lycopersicon esculentum,Solanum tuberosum,Oryza sativa,2020-01-01,2020-12-30,365,965.1099999999999,1358.135517207816,485.49323504750987,340.6308502592839,95,37,100.0,34.65063492063492,84.45586166316495,76.66779647858297,1.2168473720972586,Media
345,Oryza sativa,Lycopersicon esculentum,Zea mays,2020-01-01,2021-03-30,455,985.62,1361.42679292337,577.7748463342791,420.7834925892886,101,37,100.0,29.607698412698415,85.43434366314249,75.84737925158873,14.548132838685351,Media
348,Oryza sativa,Lycopersicon esculentum,Lycopersicon esculentum,2020-01-01,2020-12-15,350,920.81,1305.4241511583964,577.7748463342791,420.7834925892886,101,37,100.0,29.434285714285718,85.43434366314249,75.80402607698555,14.521834017652997,Media
303,Solanum tuberosum,Oryza sativa,Coffea arabica,2020-01-01,2021-06-08,525,985.6199999999999,1361.4267929233697,556.2713789533811,396.0292206770687,114,37,100.0,33.333333333333336,83.21433308048883,75.77978321955331,3.789736463317879,Media
299,Solanum tuberosum,Oryza sativa,Manihot esculenta,2020-01-01,2021-06-10,527,985.6199999999999,1361.4267929233697,556.5631739254094,396.63441495272474,116,37,100.0,33.333333333333336,83.18308275958279,75.7657205751456,3.8026007967164563,Media
104,Phaseolus vulgaris,Solanum tuberosum,Saccharum officinarum,2020-01-01,2021-07-26,573,985.62,1361.4267929233697,591.8270417945243,413.4779703463737,125,37,90.50395694840138,38.8511111111111,86.37627794791085,75.73328993885806,7.055553449451595,Media
40,Zea mays,Solanum tuberosum,Saccharum officinarum,2020-01-01,2021-09-19,628,985.6200000000001,1361.42679292337,801.7120231523895,551.8466998327838,172,37,90.84220907297832,37.48444444444444,86.64115450521145,75.61229336034975,6.455434413574611,Media
200,Lycopersicon esculentum,Zea mays,Saccharum officinarum,2020-01-01,2021-09-04,613,985.6199999999999,1361.4267929233697,877.0654504100122,610.066798505637,175,37,90.84865540963102,52.05563492063493,78.32929714425363,75.51668906796218,6.586383069789595,Media
288,Solanum tuberosum,Lycopersicon esculentum,Saccharum officinarum,2020-01-01,2021-06-06,523,985.6199999999999,1361.4267929233697,691.766688957801,492.89147488844407,141,37,90.91055000978666,49.761428571428574,79.28184372662881,75.3903518227761,12.701904636791333,Media
362,Oryza sativa,Oryza sativa,Phaseolus vulgaris,2020-01-01,2021-02-23,420,985.62,1361.42679292337,577.7748463342791,420.7834925892886,101,37,100.0,26.47577777777778,85.43434366314249,75.06439909285857,16.134228327712272,Media
231,Lycopersicon esculentum,Solanum tuberosum,Coffea arabica,2020-01-01,2021-05-19,505,985.6199999999999,1361.4267929233697,613.5565494426082,426.7276794060371,124,37,100.0,34.65063492063492,80.72241930523732,74.98774741751552,3.567885513571986,Media
331,Oryza sativa,Phaseolus vulgaris,Manihot esculenta,2020-01-01,2021-07-15,562,985.6200000000001,1361.4267929233697,673.5220882184534,477.61958205913356,122,37,100.0,29.430666666666667,83.56184957636545,74.96049897603112,16.006937300418755,Media
333,Oryza sativa,Phaseolus vulgaris,Solanum tuberosum,2020-01-01,2021-02-18,415,985.6200000000001,1361.4267929233697,673.5220882184534,477.61958205913356,122,37,100.0,29.430666666666667,83.56184957636545,74.96049897603112,16.006937300418755,Media
334,Oryza sativa,Phaseolus vulgaris,Oryza sativa,2020-01-01,2021-02-23,420,985.6200000000001,1361.4267929233697,673.5220882184534,477.61958205913356,122,37,100.0,29.430666666666667,83.56184957636545,74.96049897603112,16.006937300418755,Media
335,Oryza sativa,Phaseolus vulgaris,Coffea arabica,2020-01-01,2021-07-13,560,985.6200000000001,1361.4267929233697,673.5220882184534,477.61958205913356,122,37,100.0,29.430666666666667,83.56184957636545,74.96049897603112,16.006937300418755,Media
227,Lycopersicon esculentum,Solanum tuberosum,Manihot esculenta,2020-01-01,2021-05-21,507,985.6199999999999,1361.4267929233697,615.4822520866849,428.555302517155,125,37,100.0,34.65063492063492,80.64316754178684,74.9520841239628,3.6181450138387095,Media
237,Lycopersicon esculentum,Oryza sativa,Solanum tuberosum,2020-01-01,2020-12-30,365,965.1099999999999,1358.135517207816,515.4066815962561,368.2114157585822,100,37,100.0,29.322857142857146,83.39017814844347,74.85629445251385,2.48829736293072,Media
48,Zea mays,Oryza sativa,Saccharum officinarum,2020-01-01,2021-09-24,633,985.6200000000001,1361.42679292337,801.7120231523895,551.8466998327838,172,37,90.68620268620269,33.333333333333336,86.64115450521145,74.52771366653928,6.274678417881138,Media
238,Lycopersicon esculentum,Oryza sativa,Oryza sativa,2020-01-01,2021-01-04,370,985.6199999999999,1361.4267929233697,515.4066815962561,368.2114157585822,100,37,100.0,27.936190476190475,83.39017814844347,74.50962778584719,2.368813375722071,Media
112,Phaseolus vulgaris,Oryza sativa,Saccharum officinarum,2020-01-01,2021-07-31,578,985.6200000000001,1361.4267929233697,583.7954178017076,408.03302474963135,123,37,90.36099865047233,33.333333333333336,86.78022172805606,74.49273270610027,6.471865061079316,Media
296,Solanum tuberosum,Solanum tuberosum,Saccharum officinarum,2020-01-01,2021-06-21,538,985.62,1361.42679292337,621.9030933246432,447.0596403259208,130,37,90.94938107869143,42.567777777777785,80.61649718942921,74.20418250329502,10.310241681712009,Media
356,Oryza sativa,Solanum tuberosum,Lycopersicon esculentum,2020-01-01,2020-12-30,365,965.1099999999999,1358.1355172078163,577.7748463342791,420.7834925892886,101,37,100.0,22.805396825396816,85.43434366314249,74.14680385476333,13.341424522117364,Media
353,Oryza sativa,Solanum tuberosum,Zea mays,2020-01-01,2021-04-14,470,985.6199999999999,1361.4267929233697,577.7748463342791,420.7834925892886,101,37,100.0,20.572222222222212,85.43434366314249,73.58851020396968,12.911074609290024,Media
324,Oryza sativa,Zea mays,Lycopersicon esculentum,2020-01-01,2021-03-30,455,985.6199999999999,1361.4267929233697,927.5047451773027,650.8786738516184,174,37,100.0,31.076984126984126,79.55413398172277,73.56860632352128,12.975519522394572,Media
224,Lycopersicon esculentum,Lycopersicon esculentum,Saccharum officinarum,2020-01-01,2021-05-22,508,985.6199999999999,1361.4267929233697,713.5403499020415,498.9727891934274,140,37,91.21759747102215,42.46,78.44924196083126,73.2824381236807,12.17743262313904,Media
239,Lycopersicon esculentum,Oryza sativa,Coffea arabica,2020-01-01,2021-05-24,510,985.6199999999999,1361.4267929233697,626.5383258743665,441.30078562725794,125,37,100.0,27.936190476190475,80.09719722435504,73.02778637000739,2.923983081376931,Media
235,Lycopersicon esculentum,Oryza sativa,Manihot esculenta,2020-01-01,2021-05-26,512,985.6199999999999,1361.4267929233697,627.1501446924146,442.0667384461833,126,37,100.0,27.936190476190475,80.06268785553705,73.01225715403929,2.9371715174206705,Media
349,Oryza sativa,Lycopersicon esculentum,Solanum tuberosum,2020-01-01,2020-12-30,365,965.11,1358.1355172078163,577.7748463342791,420.7834925892886,101,37,100.0,18.050476190476196,85.43434366314249,72.95807369603317,13.309498199465613,Media
350,Oryza sativa,Lycopersicon esculentum,Oryza sativa,2020-01-01,2021-01-04,370,985.62,1361.42679292337,577.7748463342791,420.7834925892886,101,37,100.0,16.663809523809526,85.43434366314249,72.6114070293665,13.23806238237745,Media
321,Oryza sativa,Zea mays,Zea mays,2020-01-01,2021-07-13,560,985.6199999999999,1361.4267929233697,927.5047451773027,650.8786738516184,174,37,100.0,26.829444444444437,79.55413398172277,72.50672140288637,12.453059637725033,Media
336,Oryza sativa,Phaseolus vulgaris,Saccharum officinarum,2020-01-01,2021-07-31,578,985.6200000000001,1361.4267929233697,673.5220882184534,477.61958205913356,122,37,90.36099865047233,29.430666666666667,83.56184957636545,72.0687985711728,16.51415919592779,Media
364,Oryza sativa,Oryza sativa,Lycopersicon esculentum,2020-01-01,2021-01-04,370,985.62,1361.42679292337,577.7748463342791,420.7834925892886,101,37,100.0,13.876666666666667,85.43434366314249,71.91462131508078,12.468840553634799,Media
304,Solanum tuberosum,Oryza sativa,Saccharum officinarum,2020-01-01,2021-06-26,543,985.6199999999999,1361.4267929233697,620.8118551826204,450.22840218389797,130,37,90.95818895818896,33.333333333333336,80.41565853404303,71.80783636110938,8.566783512335263,Media
323,Oryza sativa,Zea mays,Manihot esculenta,2020-01-01,2021-09-08,617,985.6199999999999,1361.4267929233697,927.5047451773027,650.8786738516184,174,37,100.0,23.22888888888889,79.55413398172277,71.60658251399747,12.13874376578496,Media
327,Oryza sativa,Zea mays,Coffea arabica,2020-01-01,2021-09-06,615,985.6199999999999,1361.4267929233697,927.5047451773027,650.8786738516184,174,37,100.0,23.22888888888889,79.55413398172277,71.60658251399747,12.13874376578496,Media
325,Oryza sativa,Zea mays,Solanum tuberosum,2020-01-01,2021-04-14,470,985.6199999999999,1361.4267929233697,927.5047451773027,650.8786738516184,174,37,100.0,23.22888888888889,79.55413398172277,71.60658251399747,12.13874376578496,Media
326,Oryza sativa,Zea mays,Oryza sativa,2020-01-01,2021-04-19,475,985.6199999999999,1361.4267929233697,927.5047451773027,650.8786738516184,174,37,100.0,23.22888888888889,79.55413398172277,71.60658251399747,12.13874376578496,Media
351,Oryza sativa,Lycopersicon esculentum,Coffea arabica,2020-01-01,2021-05-24,510,985.62,1361.42679292337,688.9064906123895,493.87286245796435,126,37,100.0,16.663809523809526,82.14136273905406,71.12956561352671,13.136170356088414,Media
347,Oryza sativa,Lycopersicon esculentum,Manihot esculenta,2020-01-01,2021-05-26,512,985.62,1361.42679292337,689.5183094304376,494.6388152768897,127,37,100.0,16.663809523809526,82.10685337023605,71.1140363975586,13.136868551012443,Media
361,Oryza sativa,Oryza sativa,Zea mays,2020-01-01,2021-04-19,475,985.62,1361.42679292337,577.7748463342791,420.7834925892886,101,37,100.0,10.633888888888885,85.43434366314249,71.10392687063634,11.61504335496085,Media
232,Lycopersicon esculentum,Solanum tuberosum,Saccharum officinarum,2020-01-01,2021-06-06,523,985.6199999999999,1361.4267929233697,696.3596633238835,494.7849446447187,141,37,90.91055000978666,34.65063492063492,77.77123191163757,70.93287809333164,9.294549406707832,Media
357,Oryza sativa,Solanum tuberosum,Solanum tuberosum,2020-01-01,2021-01-14,380,985.6199999999999,1361.4267929233697,577.7748463342791,420.7834925892886,101,37,100.0,9.70777777777777,85.43434366314249,70.87239909285856,11.380653894157959,Media
358,Oryza sativa,Solanum tuberosum,Oryza sativa,2020-01-01,2021-01-19,385,985.6199999999999,1361.4267929233697,577.7748463342791,420.7834925892886,101,37,100.0,9.70777777777777,85.43434366314249,70.87239909285856,11.380653894157959,Media
359,Oryza sativa,Solanum tuberosum,Coffea arabica,2020-01-01,2021-06-08,525,985.6199999999999,1361.4267929233697,633.6926490364092,459.2120171935242,115,37,100.0,9.70777777777777,83.4500160279772,69.97945165703419,11.123962064508614,Media
355,Oryza sativa,Solanum tuberosum,Manihot esculenta,2020-01-01,2021-06-10,527,985.6199999999999,1361.4267929233697,633.9844440084374,459.8172114691803,117,37,100.0,9.70777777777777,83.41876570707116,69.96538901262647,11.121019124612328,Media
240,Lycopersicon esculentum,Oryza sativa,Saccharum officinarum,2020-01-01,2021-06-11,528,985.6199999999999,1361.4267929233697,704.6362688593448,505.4024359213237,142,37,90.91676841676842,27.936190476190475,77.20915054943889,69.00319589132565,7.800798601849134,Media
328,Oryza sativa,Zea mays,Saccharum officinarum,2020-01-01,2021-09-24,633,985.6199999999999,1361.4267929233697,927.5047451773027,650.8786738516184,174,37,90.68620268620269,23.22888888888889,79.55413398172277,68.81244331985829,12.000006928514624,Media
366,Oryza sativa,Oryza sativa,Oryza sativa,2020-01-01,2021-01-24,390,985.62,1361.42679292337,577.7748463342791,420.7834925892886,101,37,100.0,0.0,85.43434366314249,68.44545464841411,9.26952693140228,Media
365,Oryza sativa,Oryza sativa,Solanum tuberosum,2020-01-01,2021-01-19,385,985.62,1361.42679292337,577.7748463342791,420.7834925892886,101,37,100.0,0.0,85.43434366314249,68.44545464841411,9.26952693140228,Media
367,Oryza sativa,Oryza sativa,Coffea arabica,2020-01-01,2021-06-13,530,985.62,1361.42679292337,614.8920346998674,444.5614028569824,110,37,100.0,0.0,84.14206273017109,67.863928228577,8.886911325201448,Media
363,Oryza sativa,Oryza sativa,Manihot esculenta,2020-01-01,2021-06-15,532,985.62,1361.42679292337,616.5123886832664,446.49515614400923,112,37,100.0,0.0,84.03696718250681,67.81663523212806,8.858425733987922,Media
352,Oryza sativa,Lycopersicon esculentum,Saccharum officinarum,2020-01-01,2021-06-11,528,985.62,1361.42679292337,767.0044335973678,557.97451275203,143,37,90.91676841676842,16.663809523809526,79.2533160641379,67.10497513484496,14.476968986105915,Media
360,Oryza sativa,Solanum tuberosum,Saccharum officinarum,2020-01-01,2021-06-26,543,985.6199999999999,1361.4267929233697,698.2331252656485,513.4111987003535,131,37,90.95818895818896,9.70777777777777,80.6513414815314,66.00750479859026,11.69157781666286,Media
368,Oryza sativa,Oryza sativa,Saccharum officinarum,2020-01-01,2021-07-01,548,985.62,1361.42679292337,676.8634559327227,496.1915293674276,126,37,90.8783260764393,0.0,81.33607064317933,63.86472961236248,8.236569265168724,Media
