etapa,cultivo,fecha_inicio,fecha_fin,dias,temperatura_media_c,indicador_temperatura,precipitacion_mm,ETo_mm,ETc_mm,balance_P_ETc_mm,demanda_no_cubierta_mm,cobertura_precipitacion_pct,indicador_balance,sm_rootzone_media,sm_rootzone_min,sm_rootzone_max,smap_percentil_medio,smap_percentil_min,smap_percentil_max,dias_humedad_bajo_P10,porcentaje_humedad_bajo_P10,id_escenario,numero_etapas,dias_ambientales_analizados,smap_percentil_medio_v5,smap_percentil_min_v5,smap_percentil_max_v5,sm_rootzone_media_v5,sm_rootzone_min_v5,sm_rootzone_max_v5,dias_smap_bajo_P10,dias_smap_P10_P25,dias_smap_P25_P50,dias_smap_P50_P75,dias_smap_P75_P90,dias_smap_sobre_P90,porcentaje_smap_bajo_P10,porcentaje_smap_P10_P25,porcentaje_smap_P25_P50,porcentaje_smap_P50_P75,porcentaje_smap_P75_P90,porcentaje_smap_sobre_P90
1,Lycopersicon esculentum,2020-01-01,2020-04-19,110,20.56563636363636,100.0,486.66,425.9743400119402,434.135219788128,52.52478021187198,302.5722984633555,100.0,100.0,0.1275992113588885,0.1120529761537909,0.1583303194493055,30.12916045702931,0.273224043715847,99.72677595628416,35,31.818181818181817,1,2,110,30.12916045702931,0.273224043715847,99.72677595628416,0.12759921135888852,0.1120529761537909,0.1583303194493055,35,21,30,15,4,5,31.818181818181817,19.090909090909093,27.27272727272727,13.636363636363635,3.6363636363636362,4.545454545454546
2,Oryza sativa,2020-04-20,2020-08-27,130,21.346307692307697,100.0,265.97,491.54238143776286,564.1530752194913,-298.18307521949134,389.2810723360399,47.14500579413146,47.14500579413146,0.1354052068880543,0.1186240669339894,0.1563541945070027,51.75704077343422,5.737704918032787,98.63387978142076,2,1.5384615384615383,1,2,130,51.75704077343422,5.737704918032787,98.63387978142076,0.13540520688805438,0.1186240669339894,0.1563541945070027,2,25,40,33,15,15,1.5384615384615385,19.230769230769234,30.76923076923077,25.384615384615383,11.538461538461538,11.538461538461538
1,Lycopersicon esculentum,2020-01-01,2020-04-19,110,20.56563636363636,100.0,486.66,425.9743400119402,434.135219788128,52.52478021187198,302.5722984633555,100.0,100.0,0.1275992113588885,0.1120529761537909,0.1583303194493055,30.12916045702931,0.273224043715847,99.72677595628416,35,31.818181818181817,2,2,110,30.12916045702931,0.273224043715847,99.72677595628416,0.12759921135888852,0.1120529761537909,0.1583303194493055,35,21,30,15,4,5,31.818181818181817,19.090909090909093,27.27272727272727,13.636363636363635,3.6363636363636362,4.545454545454546
2,Phaseolus vulgaris,2020-04-20,2020-09-26,160,21.2006875,100.0,321.76,605.6742361846519,566.328681459361,-244.56868145936093,368.52003176551744,56.81506350179249,56.81506350179249,0.1364370193739886,0.1186240669339894,0.1563541945070027,55.42691256830601,5.737704918032787,98.63387978142076,2,1.25,2,2,160,55.42691256830601,5.737704918032787,98.63387978142076,0.13643701937398867,0.1186240669339894,0.1563541945070027,2,25,42,48,27,16,1.25,15.625,26.25,30.0,16.875,10.0
1,Lycopersicon esculentum,2020-01-01,2020-04-19,110,20.56563636363636,100.0,486.66,425.9743400119402,434.135219788128,52.52478021187198,302.5722984633555,100.0,100.0,0.1275992113588885,0.1120529761537909,0.1583303194493055,30.12916045702931,0.273224043715847,99.72677595628416,35,31.818181818181817,3,2,110,30.12916045702931,0.273224043715847,99.72677595628416,0.12759921135888852,0.1120529761537909,0.1583303194493055,35,21,30,15,4,5,31.818181818181817,19.090909090909093,27.27272727272727,13.636363636363635,3.6363636363636362,4.545454545454546
2,Solanum tuberosum,2020-04-20,2020-08-22,125,21.384400000000007,100.0,260.43,474.2329086271348,469.74129905745286,-209.3112990574528,310.8767589640979,55.441154636085656,55.44115463608566,0.1348748997971414,0.1186240669339894,0.1563541945070027,50.12896174863389,5.737704918032787,98.63387978142076,2,1.6,3,2,125,50.128961748633884,5.737704918032787,98.63387978142076,0.13487489979714148,0.1186240669339894,0.1563541945070027,2,25,40,33,14,11,1.6,20.0,32.0,26.400000000000002,11.200000000000001,8.799999999999999
1,Lycopersicon esculentum,2020-01-01,2020-04-19,110,20.56563636363636,100.0,486.66,425.9743400119402,434.135219788128,52.52478021187198,302.5722984633555,100.0,100.0,0.1275992113588885,0.1120529761537909,0.1583303194493055,30.12916045702931,0.273224043715847,99.72677595628416,35,31.818181818181817,4,2,110,30.12916045702931,0.273224043715847,99.72677595628416,0.12759921135888852,0.1120529761537909,0.1583303194493055,35,21,30,15,4,5,31.818181818181817,19.090909090909093,27.27272727272727,13.636363636363635,3.6363636363636362,4.545454545454546
2,Zea mays,2020-04-20,2020-11-20,215,21.0,100.0,434.15,795.4204267930899,775.6523531441999,-341.5023531441998,558.9591420024165,55.9722404296359,55.9722404296359,0.1381489217584562,0.1186240669339894,0.1587610784918069,60.49180327868852,5.737704918032787,100.0,2,0.9302325581395348,4,2,215,60.49180327868852,5.737704918032787,100.0,0.13814892175845622,0.1186240669339894,0.1587610784918069,2,25,50,63,45,30,0.9302325581395349,11.627906976744185,23.25581395348837,29.30232558139535,20.930232558139537,13.953488372093023
1,Oryza sativa,2020-01-01,2020-05-09,130,20.77223076923077,100.0,502.69,503.6412831609909,577.7748463342791,-75.08484633427915,420.7834925892886,87.00447989201008,87.00447989201008,0.1274661525582464,0.1120529761537909,0.1583303194493055,29.33795712484237,0.273224043715847,99.72677595628416,35,26.923076923076923,5,2,130,29.33795712484237,0.273224043715847,99.72677595628416,0.12746615255824642,0.1120529761537909,0.1583303194493055,35,34,37,15,4,5,26.923076923076923,26.153846153846157,28.46153846153846,11.538461538461538,3.076923076923077,3.8461538461538463
2,Lycopersicon esculentum,2020-05-10,2020-08-27,110,21.24409090909091,100.0,249.94000000000003,413.8754382887124,419.6042179550046,-169.66421795500457,274.02749689485694,59.56565480159255,59.56565480159255,0.1369817301122979,0.1186240669339894,0.1563541945070027,56.62444113263785,5.737704918032787,98.63387978142076,2,1.818181818181818,5,2,110,56.62444113263785,5.737704918032787,98.63387978142076,0.13698173011229792,0.1186240669339894,0.1563541945070027,2,12,33,33,15,15,1.8181818181818181,10.909090909090908,30.0,30.0,13.636363636363635,13.636363636363635
1,Oryza sativa,2020-01-01,2020-05-09,130,20.77223076923077,100.0,502.69,503.6412831609909,577.7748463342791,-75.08484633427915,420.7834925892886,87.00447989201008,87.00447989201008,0.1274661525582464,0.1120529761537909,0.1583303194493055,29.33795712484237,0.273224043715847,99.72677595628416,35,26.923076923076923,6,2,130,29.33795712484237,0.273224043715847,99.72677595628416,0.12746615255824642,0.1120529761537909,0.1583303194493055,35,34,37,15,4,5,26.923076923076923,26.153846153846157,28.46153846153846,11.538461538461538,3.076923076923077,3.8461538461538463
2,Phaseolus vulgaris,2020-05-10,2020-10-16,160,21.10125,100.0,324.38000000000005,607.062952787983,569.6020898356097,-245.22208983560972,386.6485206644103,56.94852701358906,56.94852701358906,0.1378369530313647,0.1186240669339894,0.1563541945070027,59.92315573770492,5.737704918032787,98.63387978142076,2,1.25,6,2,160,59.92315573770492,5.737704918032787,98.63387978142076,0.13783695303136478,0.1186240669339894,0.1563541945070027,2,12,42,55,33,16,1.25,7.5,26.25,34.375,20.625,10.0
1,Oryza sativa,2020-01-01,2020-05-09,130,20.77223076923077,100.0,502.69,503.6412831609909,577.7748463342791,-75.08484633427915,420.7834925892886,87.00447989201008,87.00447989201008,0.1274661525582464,0.1120529761537909,0.1583303194493055,29.33795712484237,0.273224043715847,99.72677595628416,35,26.923076923076923,7,2,130,29.33795712484237,0.273224043715847,99.72677595628416,0.12746615255824642,0.1120529761537909,0.1583303194493055,35,34,37,15,4,5,26.923076923076923,26.153846153846157,28.46153846153846,11.538461538461538,3.076923076923077,3.8461538461538463
2,Solanum tuberosum,2020-05-10,2020-09-11,125,21.13536,100.0,287.36999999999995,470.4651507327085,465.9457912851202,-178.57579128512018,302.83645198497425,61.67455643443152,61.67455643443154,0.1375972559154033,0.1186240669339894,0.1563541945070027,58.88961748633879,5.737704918032787,98.63387978142076,2,1.6,7,2,125,58.88961748633879,5.737704918032787,98.63387978142076,0.1375972559154033,0.1186240669339894,0.1563541945070027,2,12,34,38,24,15,1.6,9.6,27.200000000000003,30.4,19.2,12.0
1,Oryza sativa,2020-01-01,2020-05-09,130,20.77223076923077,100.0,502.69,503.6412831609909,577.7748463342791,-75.08484633427915,420.7834925892886,87.00447989201008,87.00447989201008,0.1274661525582464,0.1120529761537909,0.1583303194493055,29.33795712484237,0.273224043715847,99.72677595628416,35,26.923076923076923,8,2,130,29.33795712484237,0.273224043715847,99.72677595628416,0.12746615255824642,0.1120529761537909,0.1583303194493055,35,34,37,15,4,5,26.923076923076923,26.153846153846157,28.46153846153846,11.538461538461538,3.076923076923077,3.8461538461538463
2,Zea mays,2020-05-10,2020-12-10,215,20.86874418604652,100.0,418.12,782.6087630493337,760.924429405386,-342.8044294053861,567.2733289049602,54.948952069620645,54.948952069620645,0.1394164200005835,0.1186240669339894,0.1587610784918069,64.58889312492059,5.737704918032787,100.0,2,0.9302325581395348,8,2,215,64.58889312492059,5.737704918032787,100.0,0.13941642000058357,0.1186240669339894,0.1587610784918069,2,12,45,73,51,32,0.9302325581395349,5.5813953488372094,20.930232558139537,33.95348837209302,23.72093023255814,14.883720930232558
1,Phaseolus vulgaris,2020-01-01,2020-06-08,160,20.9428125,100.0,571.4200000000001,617.3069114413081,583.7954178017076,-12.37541780170767,408.03302474963135,97.88017901060148,97.88017901060144,0.1287113595113623,0.1120529761537909,0.1583303194493055,32.69808743169399,0.273224043715847,99.72677595628416,37,23.125,9,2,160,32.69808743169399,0.273224043715847,99.72677595628416,0.1287113595113623,0.1120529761537909,0.1583303194493055,37,46,40,19,6,12,23.125,28.749999999999996,25.0,11.875,3.75,7.5
2,Lycopersicon esculentum,2020-06-09,2020-09-26,110,20.940727272727276,100.0,236.99999999999997,414.34166475528406,420.4828513330169,-183.48285133301684,275.812463360534,56.36377304060352,56.36377304060355,0.1388365347954359,0.1296029929071664,0.1531656049191951,63.1892697466468,30.87431693989071,97.26775956284152,0,0.0,9,2,110,63.1892697466468,30.87431693989071,97.26775956284153,0.13883653479543595,0.1296029929071664,0.1531656049191951,0,0,32,44,25,9,0.0,0.0,29.09090909090909,40.0,22.727272727272727,8.181818181818182
1,Phaseolus vulgaris,2020-01-01,2020-06-08,160,20.9428125,100.0,571.4200000000001,617.3069114413081,583.7954178017076,-12.37541780170767,408.03302474963135,97.88017901060148,97.88017901060144,0.1287113595113623,0.1120529761537909,0.1583303194493055,32.69808743169399,0.273224043715847,99.72677595628416,37,23.125,10,2,160,32.69808743169399,0.273224043715847,99.72677595628416,0.1287113595113623,0.1120529761537909,0.1583303194493055,37,46,40,19,6,12,23.125,28.749999999999996,25.0,11.875,3.75,7.5
2,Oryza sativa,2020-06-09,2020-10-16,130,20.967230769230767,100.0,255.65,493.3973245076656,565.6048048883335,-309.9548048883336,398.9776004225754,45.199403857694,45.19940385769399,0.1386976522751725,0.1296029929071664,0.1531656049191951,62.8457335014712,30.87431693989071,97.26775956284152,0,0.0,10,2,130,62.8457335014712,30.87431693989071,97.26775956284153,0.1386976522751725,0.1296029929071664,0.1531656049191951,0,0,39,51,31,9,0.0,0.0,30.0,39.23076923076923,23.846153846153847,6.923076923076923
1,Phaseolus vulgaris,2020-01-01,2020-06-08,160,20.9428125,100.0,571.4200000000001,617.3069114413081,583.7954178017076,-12.37541780170767,408.03302474963135,97.88017901060148,97.88017901060144,0.1287113595113623,0.1120529761537909,0.1583303194493055,32.69808743169399,0.273224043715847,99.72677595628416,37,23.125,11,2,160,32.69808743169399,0.273224043715847,99.72677595628416,0.1287113595113623,0.1120529761537909,0.1583303194493055,37,46,40,19,6,12,23.125,28.749999999999996,25.0,11.875,3.75,7.5
2,Solanum tuberosum,2020-06-09,2020-10-11,125,20.960160000000005,100.0,249.66,474.5306037471758,470.8247129153467,-221.16471291534663,322.44262430544484,53.02610359046474,53.02610359046476,0.1386528988927602,0.1296029929071664,0.1531656049191951,62.61639344262294,30.87431693989071,97.26775956284152,0,0.0,11,2,125,62.61639344262294,30.87431693989071,97.26775956284153,0.13865289889276022,0.1296029929071664,0.1531656049191951,0,0,39,47,30,9,0.0,0.0,31.2,37.6,24.0,7.199999999999999
1,Solanum tuberosum,2020-01-01,2020-05-04,125,20.67448,100.0,502.0999999999999,482.7544665636957,480.90026068142726,21.199739318572725,338.73738050300926,100.0,100.0,0.1275527241379022,0.1120529761537909,0.1583303194493055,29.65464480874317,0.273224043715847,99.72677595628416,35,28.000000000000004,12,2,125,29.65464480874317,0.273224043715847,99.72677595628416,0.1275527241379022,0.1120529761537909,0.1583303194493055,35,30,36,15,4,5,28.000000000000004,24.0,28.799999999999997,12.0,3.2,4.0
2,Lycopersicon esculentum,2020-05-05,2020-08-22,110,21.37236363636364,100.0,244.99,417.45278207537945,422.2581316021352,-177.26813160213516,278.9583939888876,58.019012936579095,58.01901293657911,0.135919865517115,0.1186240669339894,0.1563541945070027,53.39542970690512,5.737704918032787,98.63387978142076,2,1.818181818181818,12,2,110,53.39542970690512,5.737704918032787,98.63387978142076,0.135919865517115,0.1186240669339894,0.1563541945070027,2,16,34,33,14,11,1.8181818181818181,14.545454545454545,30.909090909090907,30.0,12.727272727272727,10.0
1,Solanum tuberosum,2020-01-01,2020-05-04,125,20.67448,100.0,502.0999999999999,482.7544665636957,480.90026068142726,21.199739318572725,338.73738050300926,100.0,100.0,0.1275527241379022,0.1120529761537909,0.1583303194493055,29.65464480874317,0.273224043715847,99.72677595628416,35,28.000000000000004,13,2,125,29.65464480874317,0.273224043715847,99.72677595628416,0.1275527241379022,0.1120529761537909,0.1583303194493055,35,30,36,15,4,5,28.000000000000004,24.0,28.799999999999997,12.0,3.2,4.0
2,Oryza sativa,2020-05-05,2020-09-11,130,21.21538461538461,100.0,287.96,491.3519673300036,563.1955477961533,-275.2355477961533,380.318714221506,51.12966555343333,51.12966555343335,0.137124356190459,0.1186240669339894,0.1563541945070027,57.44850777637663,5.737704918032787,98.63387978142076,2,1.5384615384615383,13,2,130,57.44850777637663,5.737704918032787,98.63387978142076,0.13712435619045904,0.1186240669339894,0.1563541945070027,2,16,35,38,24,15,1.5384615384615385,12.307692307692308,26.923076923076923,29.230769230769234,18.461538461538463,11.538461538461538
1,Solanum tuberosum,2020-01-01,2020-05-04,125,20.67448,100.0,502.0999999999999,482.7544665636957,480.90026068142726,21.199739318572725,338.73738050300926,100.0,100.0,0.1275527241379022,0.1120529761537909,0.1583303194493055,29.65464480874317,0.273224043715847,99.72677595628416,35,28.000000000000004,14,2,125,29.65464480874317,0.273224043715847,99.72677595628416,0.1275527241379022,0.1120529761537909,0.1583303194493055,35,30,36,15,4,5,28.000000000000004,24.0,28.799999999999997,12.0,3.2,4.0
2,Phaseolus vulgaris,2020-05-05,2020-10-11,160,21.166000000000004,100.0,318.98,609.0830486247883,569.0698121691296,-250.08981216912952,383.83885196769006,56.05287667327502,56.05287667327503,0.1373833710385951,0.1186240669339894,0.1563541945070027,58.449453551912576,5.737704918032787,98.63387978142076,2,1.25,14,2,160,58.449453551912576,5.737704918032787,98.63387978142076,0.13738337103859516,0.1186240669339894,0.1563541945070027,2,16,43,51,32,16,1.25,10.0,26.875,31.874999999999996,20.0,10.0
1,Solanum tuberosum,2020-01-01,2020-05-04,125,20.67448,100.0,502.0999999999999,482.7544665636957,480.90026068142726,21.199739318572725,338.73738050300926,100.0,100.0,0.1275527241379022,0.1120529761537909,0.1583303194493055,29.65464480874317,0.273224043715847,99.72677595628416,35,28.000000000000004,15,2,125,29.65464480874317,0.273224043715847,99.72677595628416,0.1275527241379022,0.1120529761537909,0.1583303194493055,35,30,36,15,4,5,28.000000000000004,24.0,28.799999999999997,12.0,3.2,4.0
2,Zea mays,2020-05-05,2020-12-05,215,20.927627906976745,100.0,418.71,786.7591282002068,764.5315695899501,-345.8215695899502,566.6434055915761,54.76686858393192,54.76686858393192,0.1391963606267127,0.1186240669339894,0.1587610784918069,63.94332189604778,5.737704918032787,100.0,2,0.9302325581395348,15,2,215,63.943321896047784,5.737704918032787,100.0,0.13919636062671273,0.1186240669339894,0.1587610784918069,2,16,44,70,51,32,0.9302325581395349,7.441860465116279,20.46511627906977,32.55813953488372,23.72093023255814,14.883720930232558
1,Zea mays,2020-01-01,2020-08-02,215,20.948883720930237,100.0,683.45,826.1892093116369,801.7120231523895,-118.26202315238945,551.8466998327838,85.24881506861097,85.24881506861097,0.1310022253846359,0.1120529761537909,0.1583303194493055,39.42432329393824,0.273224043715847,99.72677595628416,37,17.209302325581397,16,2,215,39.42432329393824,0.273224043715847,99.72677595628416,0.1310022253846359,0.1120529761537909,0.1583303194493055,37,46,62,38,17,15,17.209302325581397,21.3953488372093,28.837209302325583,17.674418604651162,7.906976744186046,6.976744186046512
2,Lycopersicon esculentum,2020-08-03,2020-11-20,110,20.66554545454545,100.0,237.36,395.20555749339337,401.41721824393136,-164.05721824393137,304.9201910650001,59.130497948835405,59.130497948835405,0.1415677542713555,0.1308848466724157,0.1587610784918069,71.30650769995032,34.42622950819672,100.0,0,0.0,16,2,110,71.30650769995032,34.42622950819672,100.0,0.1415677542713555,0.1308848466724157,0.1587610784918069,0,0,18,40,32,20,0.0,0.0,16.363636363636363,36.36363636363637,29.09090909090909,18.181818181818183
1,Zea mays,2020-01-01,2020-08-02,215,20.948883720930237,100.0,683.45,826.1892093116369,801.7120231523895,-118.26202315238945,551.8466998327838,85.24881506861097,85.24881506861097,0.1310022253846359,0.1120529761537909,0.1583303194493055,39.42432329393824,0.273224043715847,99.72677595628416,37,17.209302325581397,17,2,215,39.42432329393824,0.273224043715847,99.72677595628416,0.1310022253846359,0.1120529761537909,0.1583303194493055,37,46,62,38,17,15,17.209302325581397,21.3953488372093,28.837209302325583,17.674418604651162,7.906976744186046,6.976744186046512
2,Oryza sativa,2020-08-03,2020-12-10,130,20.639692307692307,100.0,237.36,460.0608368986877,527.6443037819064,-290.2843037819064,421.7211771446636,44.98485026725677,44.98485026725677,0.1413819359615444,0.1308848466724157,0.1587610784918069,70.95628415300547,34.42622950819672,100.0,0,0.0,17,2,130,70.95628415300547,34.42622950819672,100.0,0.14138193596154447,0.1308848466724157,0.1587610784918069,0,0,20,50,38,22,0.0,0.0,15.384615384615385,38.46153846153847,29.230769230769234,16.923076923076923
1,Zea mays,2020-01-01,2020-08-02,215,20.948883720930237,100.0,683.45,826.1892093116369,801.7120231523895,-118.26202315238945,551.8466998327838,85.24881506861097,85.24881506861097,0.1310022253846359,0.1120529761537909,0.1583303194493055,39.42432329393824,0.273224043715847,99.72677595628416,37,17.209302325581397,18,2,215,39.42432329393824,0.273224043715847,99.72677595628416,0.1310022253846359,0.1120529761537909,0.1583303194493055,37,46,62,38,17,15,17.209302325581397,21.3953488372093,28.837209302325583,17.674418604651162,7.906976744186046,6.976744186046512
2,Solanum tuberosum,2020-08-03,2020-12-05,125,20.637919999999998,100.0,237.36,443.3243854522657,438.2998807478936,-200.9398807478937,346.05510403464376,54.154703303815744,54.15470330381571,0.1416466367542743,0.1308848466724157,0.1587610784918069,71.82732240437157,34.42622950819672,100.0,0,0.0,18,2,125,71.82732240437157,34.42622950819672,100.0,0.1416466367542743,0.1308848466724157,0.1587610784918069,0,0,18,47,38,22,0.0,0.0,14.399999999999999,37.6,30.4,17.599999999999998
1,Lycopersicon esculentum,2020-01-01,2020-04-19,110,20.56563636363636,100.0,486.66,425.9743400119402,434.135219788128,52.52478021187198,302.5722984633555,100.0,100.0,0.1275992113588885,0.1120529761537909,0.1583303194493055,30.12916045702931,0.273224043715847,99.72677595628416,35,31.818181818181817,19,3,110,30.12916045702931,0.273224043715847,99.72677595628416,0.12759921135888852,0.1120529761537909,0.1583303194493055,35,21,30,15,4,5,31.818181818181817,19.090909090909093,27.27272727272727,13.636363636363635,3.6363636363636362,4.545454545454546
2,Oryza sativa,2020-04-20,2020-08-27,130,21.346307692307697,100.0,265.97,491.54238143776286,564.1530752194913,-298.18307521949134,389.2810723360399,47.14500579413146,47.14500579413146,0.1354052068880543,0.1186240669339894,0.1563541945070027,51.75704077343422,5.737704918032787,98.63387978142076,2,1.5384615384615383,19,3,130,51.75704077343422,5.737704918032787,98.63387978142076,0.13540520688805438,0.1186240669339894,0.1563541945070027,2,25,40,33,15,15,1.5384615384615385,19.230769230769234,30.76923076923077,25.384615384615383,11.538461538461538,11.538461538461538
3,Solanum tuberosum,2020-08-28,2020-12-30,125,20.46968,100.0,212.48,440.6187957581131,433.19193815591046,-220.71193815591047,357.03756053995744,49.04985095164125,49.04985095164124,0.1398053764477371,0.1218940820544957,0.1587610784918069,66.12896174863388,11.475409836065571,100.0,0,0.0,19,3,125,66.12896174863388,11.475409836065573,100.0,0.13980537644773716,0.1218940820544957,0.1587610784918069,0,9,20,43,36,17,0.0,7.199999999999999,16.0,34.4,28.799999999999997,13.600000000000001
1,Lycopersicon esculentum,2020-01-01,2020-04-19,110,20.56563636363636,100.0,486.66,425.9743400119402,434.135219788128,52.52478021187198,302.5722984633555,100.0,100.0,0.1275992113588885,0.1120529761537909,0.1583303194493055,30.12916045702931,0.273224043715847,99.72677595628416,35,31.818181818181817,20,3,110,30.12916045702931,0.273224043715847,99.72677595628416,0.12759921135888852,0.1120529761537909,0.1583303194493055,35,21,30,15,4,5,31.818181818181817,19.090909090909093,27.27272727272727,13.636363636363635,3.6363636363636362,4.545454545454546
2,Solanum tuberosum,2020-04-20,2020-08-22,125,21.384400000000007,100.0,260.43,474.2329086271348,469.74129905745286,-209.3112990574528,310.8767589640979,55.441154636085656,55.44115463608566,0.1348748997971414,0.1186240669339894,0.1563541945070027,50.12896174863389,5.737704918032787,98.63387978142076,2,1.6,20,3,125,50.128961748633884,5.737704918032787,98.63387978142076,0.13487489979714148,0.1186240669339894,0.1563541945070027,2,25,40,33,14,11,1.6,20.0,32.0,26.400000000000002,11.200000000000001,8.799999999999999
3,Oryza sativa,2020-08-23,2020-12-30,130,20.466769230769238,100.0,218.02,457.9282685687412,524.5752922227969,-306.555292222797,431.0086017946546,41.56124072793784,41.56124072793782,0.1401460498213194,0.1218940820544957,0.1587610784918069,67.14165615804959,11.475409836065571,100.0,0,0.0,20,3,130,67.14165615804959,11.475409836065573,100.0,0.14014604982131942,0.1218940820544957,0.1587610784918069,0,9,20,43,37,21,0.0,6.923076923076923,15.384615384615385,33.07692307692307,28.46153846153846,16.153846153846153
1,Oryza sativa,2020-01-01,2020-05-09,130,20.77223076923077,100.0,502.69,503.6412831609909,577.7748463342791,-75.08484633427915,420.7834925892886,87.00447989201008,87.00447989201008,0.1274661525582464,0.1120529761537909,0.1583303194493055,29.33795712484237,0.273224043715847,99.72677595628416,35,26.923076923076923,21,3,130,29.33795712484237,0.273224043715847,99.72677595628416,0.12746615255824642,0.1120529761537909,0.1583303194493055,35,34,37,15,4,5,26.923076923076923,26.153846153846157,28.46153846153846,11.538461538461538,3.076923076923077,3.8461538461538463
2,Lycopersicon esculentum,2020-05-10,2020-08-27,110,21.24409090909091,100.0,249.94000000000003,413.8754382887124,419.6042179550046,-169.66421795500457,274.02749689485694,59.56565480159255,59.56565480159255,0.1369817301122979,0.1186240669339894,0.1563541945070027,56.62444113263785,5.737704918032787,98.63387978142076,2,1.818181818181818,21,3,110,56.62444113263785,5.737704918032787,98.63387978142076,0.13698173011229792,0.1186240669339894,0.1563541945070027,2,12,33,33,15,15,1.8181818181818181,10.909090909090908,30.0,30.0,13.636363636363635,13.636363636363635
3,Solanum tuberosum,2020-08-28,2020-12-30,125,20.46968,100.0,212.48,440.6187957581131,433.19193815591046,-220.71193815591047,357.03756053995744,49.04985095164125,49.04985095164124,0.1398053764477371,0.1218940820544957,0.1587610784918069,66.12896174863388,11.475409836065571,100.0,0,0.0,21,3,125,66.12896174863388,11.475409836065573,100.0,0.13980537644773716,0.1218940820544957,0.1587610784918069,0,9,20,43,36,17,0.0,7.199999999999999,16.0,34.4,28.799999999999997,13.600000000000001
1,Oryza sativa,2020-01-01,2020-05-09,130,20.77223076923077,100.0,502.69,503.6412831609909,577.7748463342791,-75.08484633427915,420.7834925892886,87.00447989201008,87.00447989201008,0.1274661525582464,0.1120529761537909,0.1583303194493055,29.33795712484237,0.273224043715847,99.72677595628416,35,26.923076923076923,22,3,130,29.33795712484237,0.273224043715847,99.72677595628416,0.12746615255824642,0.1120529761537909,0.1583303194493055,35,34,37,15,4,5,26.923076923076923,26.153846153846157,28.46153846153846,11.538461538461538,3.076923076923077,3.8461538461538463
2,Solanum tuberosum,2020-05-10,2020-09-11,125,21.13536,100.0,287.36999999999995,470.4651507327085,465.9457912851202,-178.57579128512018,302.83645198497425,61.67455643443152,61.67455643443154,0.1375972559154033,0.1186240669339894,0.1563541945070027,58.88961748633879,5.737704918032787,98.63387978142076,2,1.6,22,3,125,58.88961748633879,5.737704918032787,98.63387978142076,0.1375972559154033,0.1186240669339894,0.1563541945070027,2,12,34,38,24,15,1.6,9.6,27.200000000000003,30.4,19.2,12.0
3,Lycopersicon esculentum,2020-09-12,2020-12-30,110,20.48763636363637,100.0,175.05,384.0290833141169,385.209458709688,-210.15945870968804,322.73090441758603,45.44280937086905,45.44280937086902,0.13949095798995,0.1218940820544957,0.1587610784918069,64.85096870342771,11.475409836065571,100.0,0,0.0,22,3,110,64.85096870342771,11.475409836065573,100.0,0.13949095798995004,0.1218940820544957,0.1587610784918069,0,9,19,38,27,17,0.0,8.181818181818182,17.272727272727273,34.54545454545455,24.545454545454547,15.454545454545453
1,Solanum tuberosum,2020-01-01,2020-05-04,125,20.67448,100.0,502.0999999999999,482.7544665636957,480.90026068142726,21.199739318572725,338.73738050300926,100.0,100.0,0.1275527241379022,0.1120529761537909,0.1583303194493055,29.65464480874317,0.273224043715847,99.72677595628416,35,28.000000000000004,23,3,125,29.65464480874317,0.273224043715847,99.72677595628416,0.1275527241379022,0.1120529761537909,0.1583303194493055,35,30,36,15,4,5,28.000000000000004,24.0,28.799999999999997,12.0,3.2,4.0
2,Lycopersicon esculentum,2020-05-05,2020-08-22,110,21.37236363636364,100.0,244.99,417.45278207537945,422.2581316021352,-177.26813160213516,278.9583939888876,58.019012936579095,58.01901293657911,0.135919865517115,0.1186240669339894,0.1563541945070027,53.39542970690512,5.737704918032787,98.63387978142076,2,1.818181818181818,23,3,110,53.39542970690512,5.737704918032787,98.63387978142076,0.135919865517115,0.1186240669339894,0.1563541945070027,2,16,34,33,14,11,1.8181818181818181,14.545454545454545,30.909090909090907,30.0,12.727272727272727,10.0
3,Oryza sativa,2020-08-23,2020-12-30,130,20.466769230769238,100.0,218.02,457.9282685687412,524.5752922227969,-306.555292222797,431.0086017946546,41.56124072793784,41.56124072793782,0.1401460498213194,0.1218940820544957,0.1587610784918069,67.14165615804959,11.475409836065571,100.0,0,0.0,23,3,130,67.14165615804959,11.475409836065573,100.0,0.14014604982131942,0.1218940820544957,0.1587610784918069,0,9,20,43,37,21,0.0,6.923076923076923,15.384615384615385,33.07692307692307,28.46153846153846,16.153846153846153
1,Solanum tuberosum,2020-01-01,2020-05-04,125,20.67448,100.0,502.0999999999999,482.7544665636957,480.90026068142726,21.199739318572725,338.73738050300926,100.0,100.0,0.1275527241379022,0.1120529761537909,0.1583303194493055,29.65464480874317,0.273224043715847,99.72677595628416,35,28.000000000000004,24,3,125,29.65464480874317,0.273224043715847,99.72677595628416,0.1275527241379022,0.1120529761537909,0.1583303194493055,35,30,36,15,4,5,28.000000000000004,24.0,28.799999999999997,12.0,3.2,4.0
2,Oryza sativa,2020-05-05,2020-09-11,130,21.21538461538461,100.0,287.96,491.3519673300036,563.1955477961533,-275.2355477961533,380.318714221506,51.12966555343333,51.12966555343335,0.137124356190459,0.1186240669339894,0.1563541945070027,57.44850777637663,5.737704918032787,98.63387978142076,2,1.5384615384615383,24,3,130,57.44850777637663,5.737704918032787,98.63387978142076,0.13712435619045904,0.1186240669339894,0.1563541945070027,2,16,35,38,24,15,1.5384615384615385,12.307692307692308,26.923076923076923,29.230769230769234,18.461538461538463,11.538461538461538
3,Lycopersicon esculentum,2020-09-12,2020-12-30,110,20.48763636363637,100.0,175.05,384.0290833141169,385.209458709688,-210.15945870968804,322.73090441758603,45.44280937086905,45.44280937086902,0.13949095798995,0.1218940820544957,0.1587610784918069,64.85096870342771,11.475409836065571,100.0,0,0.0,24,3,110,64.85096870342771,11.475409836065573,100.0,0.13949095798995004,0.1218940820544957,0.1587610784918069,0,9,19,38,27,17,0.0,8.181818181818182,17.272727272727273,34.54545454545455,24.545454545454547,15.454545454545453
