fecha,T2M,T2M_MAX,T2M_MIN,RH2M,WS10M,u2,ALLSKY_SFC_SW_DWN,Rs,Ra,Rso,Rns,Rnl,Rn,es,ea,deficit_presion_vapor,delta,ETo
2020-01-01,18.98,25.31,13.92,77.7,1.74,1.3014348707922228,16.09,16.09,32.569847537434505,25.052075328843873,12.3893,2.7719502816750716,9.61734971832493,2.4085345579619237,1.8714313515364147,0.537103206425509,0.15027799961407648,3.0342546341829326
2020-01-02,18.51,26.06,11.65,74.1,1.92,1.4360660643224528,22.14,22.14,32.60075451745195,25.075848359733694,17.047800000000002,4.651382760525226,12.396417239474776,2.371950630490797,1.7576154171936804,0.6143352132971165,0.14853970740057032,3.8439241433245037
2020-01-03,18.66,26.28,11.33,69.87,2.06,1.540779214845965,22.11,22.11,32.63384847365134,25.101303568963136,17.0247,4.786492325544155,12.238207674455843,2.379634616206001,1.662650706343133,0.7169839098628681,0.14884629503143865,3.942666111588288
2020-01-04,18.83,25.78,12.36,70.89,2.09,1.5632177471010031,22.37,22.37,32.669100733206854,25.128418901968047,17.2249,4.835633282476193,12.389266717523808,2.3770892871655005,1.6851185956716233,0.6919706914938772,0.1484897752363173,3.953382104472361
2020-01-05,18.79,24.68,13.47,80.17,1.73,1.2939553600405433,20.17,20.17,32.70648055076183,25.157170710034986,15.5309,3.9059576657265707,11.624942334273431,2.3261708189135537,1.8648911455229962,0.46127967339055753,0.1453544449724183,3.449275434365756
2020-01-06,18.76,25.04,13.28,79.16,1.89,1.4136275320674143,20.72,20.72,32.745955136086096,25.187533771574703,15.9544,4.067895456826348,11.88650454317365,2.350379253561984,1.8605602171196665,0.4898190364423176,0.14690156305289306,3.563599805963903
2020-01-07,19.14,26.57,13.54,72.1,1.77,1.323873403047261,21.92,21.92,32.78748968381762,25.219481314998834,16.878400000000003,4.534723580910882,12.343676419089121,2.5139422347056035,1.81255235122274,0.7013898834828636,0.15665913054940367,3.9404315733668436
2020-01-08,18.76,26.27,12.2,70.97,1.93,1.4435455750741322,21.46,21.46,32.831047405282725,25.252985043195366,16.5242,4.489487901574215,12.034712098425786,2.418316801184691,1.7162794338007752,0.7020373673839158,0.15114774243889265,3.8625201821577457
2020-01-09,19.08,26.9,13.44,65.62,2.47,1.8474391556648222,23.4,23.4,32.87658956238828,25.28801515959782,18.018,5.211084615156385,12.806915384843617,2.5429524720057723,1.668685412130188,0.8742670598755844,0.15854111598840032,4.3971423787146
2020-01-10,18.71,26.78,11.83,66.98,2.95,2.2064556717454353,23.68,23.68,32.92407550357705,25.324540395841396,18.2336,5.274591776430524,12.959008223569475,2.4532498144478714,1.6431867257171842,0.8100630887306872,0.1533909967401881,4.417660163355734
2020-01-11,19.7,26.97,13.78,70.34,1.84,1.3762299783090173,22.68,22.68,32.97346270183639,25.362528040998512,17.4636,4.752737393823526,12.710862606176473,2.567497206492731,1.8059775350469869,0.761519671445744,0.1592999674818273,4.119383514388907
2020-01-12,20.34,27.39,13.5,68.54,2.15,1.6080948116110796,23.43,23.43,33.02470679474801,25.401943972384277,18.0411,5.0134738317243785,13.02762616827562,2.59760031797793,1.7803952579420734,0.8172050600358567,0.16036799588812978,4.320726771844242
2020-01-13,21.06,27.65,14.79,67.44,2.32,1.7352464943896302,23.62,23.62,33.077761626565106,25.44275268792135,18.1874,5.047579089633042,13.139820910366957,2.69300259545704,1.816160950376228,0.8768416450808121,0.16533247773615717,4.46962619570819
2020-01-14,21.19,27.23,16.69,69.52,1.69,1.2640373170338255,22.43,22.43,33.13257929230042,25.484917340051638,17.2711,4.565826884777386,12.705273115222614,2.756860298270733,1.9165692793578133,0.8402910189129198,0.1690827178530578,4.2021818268357265
2020-01-15,21.46,27.6,16.44,69.29,1.38,1.0321724837317627,19.88,19.88,33.18911018380726,25.528399771180865,15.307599999999999,3.810129957653648,11.49747004234635,2.7814019965238606,1.9272334433913831,0.8541685531324774,0.17023209000784384,3.8196816035734087
2020-01-16,21.75,27.76,17.01,70.97,1.19,0.8900617794498534,21.92,21.92,33.24730303783233,25.573160550639873,16.878400000000003,4.280239836459427,12.598160163540577,2.833193370212257,2.0107173348396388,0.8224760353726182,0.1730138927382295,4.072625467248526
2020-01-17,22.1,29.43,15.9,66.41,1.85,1.3837094890606967,22.41,22.41,33.30710498601748,25.619159013144923,17.2557,4.5014788458408574,12.754221154159143,2.956502013284801,1.9634129870224362,0.9930890262623646,0.18005707451394434,4.428315338591565
2020-01-18,22.49,28.81,16.68,68.72,1.61,1.20420123102039,21.41,21.41,33.368461606824,25.666353298736883,16.4857,4.133661334110387,12.352038665889614,2.9303430940543898,2.0137317742341767,0.916611319820213,0.17792851992845185,4.182959840843289
2020-01-19,22.35,28.57,18.08,68.89,1.67,1.2490782955304665,17.87,17.87,33.43131697935115,25.714700394177317,13.759900000000002,3.104107543807537,10.655792456192465,2.99080128976815,2.060363008521279,0.9304382812468712,0.1817953872190653,3.7510453443257985
2020-01-20,20.8,24.58,18.32,78.23,1.49,1.1144471020002367,14.15,14.15,33.49561373901689,25.76415617577701,10.8955,2.031680693101188,8.863819306898812,2.597636203215588,2.032130801775555,0.5655054014400331,0.15979907953672534,2.8590507888805274
2020-01-21,20.22,25.49,17.73,83.35,1.42,1.0620905267384806,17.06,17.06,33.561293135066464,25.81467545363042,13.136199999999999,2.6542214636556194,10.481978536344378,2.6453147620726836,2.2048698541875815,0.44044490788510204,0.16346597990377162,3.201405185829242
2020-01-22,18.11,19.8,16.92,93.05,1.71,1.2789963385371843,11.99,11.99,33.628295089870804,25.866212017226825,9.2323,1.4008509340541992,7.831449065945801,2.118707782144295,1.9714575912852663,0.14725019085902846,0.13309667976833356,2.0978392306450253
2020-01-23,19.05,24.24,15.18,83.38,1.61,1.20420123102039,15.55,15.55,33.696558259973784,25.918718682406634,11.973500000000001,2.374837346766513,9.598662653233488,2.3761910868774336,1.981268128238404,0.3949229586390297,0.14817900458487016,2.86935264275105
2020-01-24,19.42,24.06,16.65,87.33,1.48,1.1069675912485573,14.67,14.67,33.76602009884413,25.97214733962893,11.2959,2.0350084919561158,9.260891508043883,2.44492288672949,2.1351511569808634,0.30977172974862643,0.15202594505587969,2.7165122939031123
2020-01-25,19.53,24.08,16.52,87.63,1.42,1.0620905267384806,18.65,18.65,33.83661692128398,26.026449003513207,14.3605,3.041155349877517,11.319344650122483,2.438920682308929,2.1372261939073143,0.3016944884016146,0.15152284884894665,3.2521895786318242
2020-01-26,19.8,25.06,15.36,84.7,1.79,1.3388324245506198,17.63,17.63,33.90828396944304,26.081573863616196,13.575099999999999,2.8204153639918017,10.754684636008196,2.4621959168698453,2.085479941588759,0.37671597528108647,0.1526477501021949,3.176908260350611
2020-01-27,19.03,21.74,17.35,91.48,1.5,1.121926612751916,19.85,19.85,33.98095548038364,26.13747133640149,15.284500000000001,3.3376293413630065,11.946870658636994,2.291724471182102,2.0964695462373872,0.19525492494471486,0.14293397815620054,3.261876815512251
2020-01-28,19.73,23.69,17.07,86.61,1.89,1.4136275320674143,19.12,19.12,34.054564755138244,26.194090118357234,14.7224,3.1616004557148734,11.560799544285127,2.437593346299712,2.111199597230181,0.3263937490695312,0.1512047997553282,3.3234002934852103
2020-01-29,19.9,25.05,16.28,85.36,1.68,1.2565578062821459,19.91,19.91,34.12904422919758,26.251378240214194,15.3307,3.3267540037310512,12.00394599626895,2.514143171053407,2.146072610811188,0.36807056024221874,0.15574712230191726,3.5109783751083112
2020-01-30,20.56,26.19,15.73,75.97,1.6,1.1967217202687106,19.29,19.29,34.204325544363826,26.309283122213767,14.853299999999999,3.3750459669771224,11.478254033022877,2.5932721566730192,1.9701088574244927,0.6231632992485265,0.15982771647829427,3.624390921822767
2020-01-31,20.59,27.18,14.75,72.18,1.57,1.1742831880136722,19.57,19.57,34.28033962189965,26.367751630372773,15.068900000000001,3.519325868844897,11.549574131155104,2.6406277289626017,1.906005094765206,0.7346226341973956,0.16270845797414538,3.7499258762001384
2020-02-01,21.05,26.96,17.1,74.76,1.29,0.9648568869666478,21.49,21.49,34.35701673690036,26.42673013368902,16.5473,3.879885609371272,12.667414390628728,2.753512618158355,2.0585260333351862,0.6949865848231687,0.16906047829044366,4.005641030618579
2020-02-02,20.44,26.7,16.43,75.18,1.57,1.1742831880136722,16.66,16.66,34.43428659381269,26.486164562228847,12.8282,2.6094892309087117,10.218710769091288,2.685950271308499,2.0192974139697295,0.6666528573387693,0.16569380583967916,3.3427449144212495
2020-02-03,20.36,28.29,14.36,69.46,1.83,1.3687504675573376,22.13,22.13,34.51207840302018,26.546000466035064,17.0401,4.212939378082486,12.827160621917514,2.740281795167044,1.9033997349230287,0.8368820602440155,0.16915045668714235,4.262069812545409
2020-02-04,19.44,27.69,12.84,66.09,2.22,1.6604513868728359,24.45,24.45,34.590320958411844,26.606183074791222,18.8265,5.087800128956175,13.738699871043824,2.597201536577411,1.716490495524011,0.8807110410534,0.16146951153047256,4.600488188004019
2020-02-05,19.1,27.35,12.23,62.3,2.43,1.8175211126581043,25.36,25.36,34.66894271584676,26.666657358175012,19.5272,5.558592955530192,13.96860704446981,2.531592337040191,1.577182025976039,0.9544103110641522,0.15780824309822522,4.785203296887103
2020-02-06,19.0,27.7,11.02,62.25,2.32,1.7352464943896302,25.12,25.12,34.74787187242471,26.72736808683164,19.3424,5.463928124244938,13.878471875755064,2.514431853030983,1.5652338285117866,0.9491980245191962,0.15686086711203795,4.726954046422917
2020-02-07,19.75,27.66,11.56,65.63,2.25,1.6828899191278741,24.74,24.74,34.827036446468895,26.788259893894946,19.049799999999998,5.174328577581264,13.875471422418734,2.5340635772476032,1.663105925747602,0.8709576515000013,0.15716442369998831,4.611074460499368
2020-02-08,20.81,27.21,16.66,69.53,1.94,1.4510250858258114,22.61,22.61,34.906364358123916,26.849277336981753,17.4097,4.2884311079672734,13.121268892032727,2.7529359937643996,1.9141163964643872,0.8388195973000123,0.16933955201708792,4.363212675069524
2020-02-09,20.29,27.55,13.8,67.38,1.98,1.4809431288325292,23.64,23.64,34.98578351046937,26.91036496058283,18.2028,4.709297658460571,13.493502341539429,2.6299935073463065,1.7720896252499412,0.8579038820963654,0.1624308930986115,4.463675256830085
2020-02-10,21.05,28.94,14.42,64.21,2.42,1.8100416019064245,24.78,24.78,35.06522187104608,26.97146735877122,19.0806,5.022520179748578,14.058079820251422,2.817254779992024,1.8089592942328785,1.0082954857591455,0.1729741267320021,4.916313507089217
2020-02-11,21.4,29.22,13.95,63.64,2.45,1.8324801341614632,24.03,24.03,35.14460755368954,27.032529238146918,18.5031,4.809253189635852,13.693846810364148,2.8251560869664285,1.7979293337454352,1.0272267532209933,0.172990217125717,4.850507563693527
2020-02-12,22.22,29.51,15.79,62.74,1.97,1.4734636180808498,22.58,22.58,35.223868900562394,27.093495480934582,17.386599999999998,4.356276039397507,13.030323960602491,2.95964993705311,1.8568843705071214,1.1027655665459886,0.18008213687104027,4.643046818547143
2020-02-13,22.19,28.3,17.46,68.5,1.54,1.151844655758634,23.97,23.97,35.302934564275496,27.154311208149426,18.4569,4.509246926137919,13.947653073862082,2.9207020386948686,2.000680896505985,0.9200211421888835,0.17775341607769013,4.611961074754263
2020-02-14,21.79,28.34,17.62,70.42,1.56,1.166803677261993,21.21,21.21,35.38173358998477,27.214921842744484,16.3317,3.6800554486054087,12.651644551394593,2.9352977915887335,2.067036704836786,0.8682610867519474,0.17919373424026325,4.220991192010182
2020-02-15,22.17,29.09,16.86,59.96,2.64,1.9745908384433726,21.73,21.73,35.46019549734916,27.275273172651026,16.7321,4.19811837858604,12.53398162141396,2.9735814028223526,1.7829594091322827,1.19062199369007,0.1809995446820751,4.819264668310588
2020-02-16,21.75,28.53,16.11,61.0,2.54,1.8997957309265778,22.97,22.97,35.538250362233235,27.33531141362256,17.686899999999998,4.554220293117503,13.132679706882495,2.864628981406528,1.7474236786579822,1.117205302748546,0.17493356314283692,4.844640100563613
2020-02-17,22.72,30.69,17.14,57.45,2.63,1.9671113276916927,24.33,24.33,35.615828898036284,27.39498327179155,18.734099999999998,4.898971053213793,13.835128946786206,3.1844488469982632,1.8294658626005023,1.354982984397761,0.19301573867027247,5.376526757040151
2020-02-18,22.82,31.13,15.97,63.13,1.92,1.4360660643224528,25.4,25.4,35.692862536528736,27.45423600584717,19.558,4.867883272707167,14.690116727292832,3.1703772903812046,2.0014591834176545,1.1689181069635501,0.19201511283910339,5.178844575293617
2020-02-19,23.1,30.83,17.47,65.33,1.73,1.2939553600405433,24.31,24.31,35.76928350807531,27.51301748874137,18.7187,4.432305141131289,14.286394858868709,3.2227484471664076,2.1054215605338142,1.1173268866325934,0.19476746067859585,4.97394182882615
2020-02-20,22.0,28.98,16.09,69.18,1.85,1.3837094890606967,22.02,22.02,35.84502492112397,27.571276268830136,16.9554,3.86484127365249,13.09055872634751,2.914907935737843,2.01653330994344,0.898374625794403,0.17766086124742203,4.4228780588489744
2020-02-21,20.67,24.58,17.97,78.21,1.01,0.7554305859196235,20.78,20.78,35.92002084083897,27.62896163035652,16.000600000000002,3.4676834497840976,12.532916550215905,2.5747431527043307,2.013706619730057,0.5610365329742737,0.15855044255059236,3.7959889635131425
2020-02-22,20.09,24.41,17.5,82.64,1.05,0.7853486289263413,17.74,17.74,35.994206366755876,27.686023653181284,13.659799999999999,2.6022228547045327,11.057577145295467,2.529064482534955,2.090018888366887,0.4390455941680682,0.15644025558646624,3.3072428726010794
2020-02-23,20.53,25.68,17.33,81.77,1.47,1.0994880804968779,16.53,16.53,36.067517709337174,27.742413271667967,12.728100000000001,2.259415942747263,10.468684057252737,2.6385004548328124,2.1575018219167905,0.48099863291602185,0.16265305704879265,3.229804886467766
2020-02-24,21.38,28.06,16.71,77.54,1.57,1.1742831880136722,17.22,17.22,36.13989226530665,27.798082332628567,13.2594,2.4057460037097993,10.8536539962902,2.847779575478162,2.208168282825767,0.6396112926523951,0.17440246558925934,3.5209327544783124
2020-02-25,21.27,27.6,16.74,76.82,1.72,1.286475849288864,20.58,20.58,36.21126869164199,27.852983652237185,15.846599999999999,3.259545409842271,12.587054590157727,2.799406670557758,2.15050420432247,0.6489024662352882,0.1715859313375339,4.00984640904958
2020-02-26,20.65,26.03,17.55,78.93,1.57,1.1742831880136722,19.82,19.82,36.28158697810549,27.90707107181918,15.2614,3.0788426081183444,12.182557391881655,2.6868568350712896,2.120736099921769,0.5661207351495205,0.1654799633356814,3.7855238556219724
2020-02-27,20.63,27.04,15.93,79.01,1.74,1.3014348707922228,19.25,19.25,36.35078851819469,27.960299512424992,14.8225,2.9145700097901592,11.90792999020984,2.691944133280385,2.1269050597048325,0.5650390735755524,0.16581899567023536,3.726136241618912
2020-02-28,20.97,27.23,15.49,74.06,1.9,1.4211070428190937,19.62,19.62,36.41881617839557,28.012625028098306,15.107400000000002,3.138475576431115,11.968924423568886,2.6868132810235084,1.9898539159260105,0.6969593650974979,0.1650674777839425,3.887218638837831
2020-02-29,22.2,28.0,17.52,68.82,1.63,1.2191602525237488,21.26,21.26,36.48561436562336,28.064004857750177,16.3702,3.611331085670427,12.758868914329573,2.891221829717379,1.9897388632115003,0.9014829665058788,0.17594569456130352,4.280862800027337
2020-03-01,21.27,26.76,17.15,76.68,1.64,1.2266397632754282,23.11,23.11,36.55112909273792,28.114397475552156,17.7947,3.8832210802488447,13.911478919751154,2.7358361692565794,2.0978391745859453,0.6379969946706341,0.1676894614940926,4.332175320636316
2020-03-02,21.09,26.24,17.02,79.27,1.69,1.2640373170338255,23.23,23.23,36.61530804202342,28.163762639763576,17.8871,3.854363045605037,14.032736954394963,2.6748060437223438,2.120318750858702,0.5544872928636417,0.16417720052862783,4.272763868408447
2020-03-03,20.93,26.82,16.54,76.19,1.96,1.4659841073291702,22.86,22.86,36.678100626524255,28.212061439909927,17.6022,3.8387169897322786,13.763483010267722,2.7049104307093863,2.060871257157481,0.6440391735519051,0.16623078363734947,4.319383879703837
2020-03-04,20.64,28.13,13.99,67.86,1.91,1.4285865535707731,23.78,23.78,36.73945804913302,28.259256342232135,18.3106,4.3581038608183365,13.952496139181665,2.7031020985355205,1.8343250840662042,0.8687770144693163,0.16649339637001911,4.598482138959539
2020-03-05,20.0,28.25,11.71,62.21,2.17,1.6230538331144386,25.11,25.11,36.79933335932884,28.305311233328556,19.3347,4.9875115025553995,14.347188497444602,2.605635092116704,1.6209655908058016,0.9846695013109024,0.16128945566744873,4.867352694470461
2020-03-06,20.9,28.05,14.01,63.71,2.06,1.540779214845965,26.22,26.22,36.857681507468854,28.350191461914893,20.1894,5.1836557356727315,15.005744264327268,2.695295674798925,1.717172874414395,0.9781228003845299,0.1656784002956474,5.0202504434135715
2020-03-07,21.67,27.63,17.81,73.62,1.59,1.1892422095170312,20.94,20.94,36.9144593965388,28.393863878629716,16.123800000000003,3.3174762442950136,12.80632375570499,2.86935854167663,2.112421758382335,0.7569367832942948,0.17533065673437914,4.162574327111929
2020-03-08,20.61,24.65,17.3,82.18,1.42,1.0620905267384806,17.43,17.43,36.96962593127345,28.43629687381691,13.421100000000001,2.4166867740862727,11.004413225913728,2.5386052071024556,2.0862257591967985,0.4523794479056571,0.15639784249276936,3.318742993196773
2020-03-09,20.61,26.06,17.0,79.91,1.46,1.0920085697451982,19.04,19.04,37.02314206456155,28.47746041321945,14.6608,2.7840764406800482,11.876723559319952,2.655555028810273,2.122054023522289,0.533501005287984,0.16360286190415455,3.6578946540523436
2020-03-10,21.07,26.5,17.14,77.18,1.68,1.2565578062821459,18.35,18.35,37.07497084105509,28.517326071522753,14.129500000000002,2.653095775523058,11.476404224476944,2.7085351718084056,2.0904474456017277,0.618087726206678,0.1662732031027727,3.654990455686266
2020-03-11,20.71,25.69,17.84,79.54,1.71,1.2789963385371843,13.57,13.57,37.12507743790729,28.555867063689526,10.4489,1.4713046198636008,8.9775953801364,2.671823224549274,2.125168192806493,0.5466550317427812,0.16447753821371897,2.9160716717048847
2020-03-12,20.62,25.3,16.7,84.23,1.8,1.3463119353022994,15.46,15.46,37.173429202568805,28.593058274031872,11.904200000000001,1.8755622653432908,10.02863773465671,2.563011449792523,2.1588245441602423,0.4041869056322809,0.1578892130501999,3.0391543127164624
2020-03-13,20.61,25.12,17.46,84.77,1.52,1.136885634255275,13.5,13.5,37.219995687577224,28.628876282970648,10.395,1.4004358104756558,8.994564189524343,2.5927169373472676,2.197846147789279,0.3948707895579888,0.1597315463078257,2.751291900187232
2020-03-14,19.68,23.78,17.13,87.61,1.46,1.0920085697451982,16.71,16.71,37.26474868228038,28.663299391436418,12.866700000000002,2.150239283615154,10.716460716384848,2.449246135397084,2.1457845392213852,0.30346159617569857,0.15198675265151337,3.0954818724373707
2020-03-15,19.38,23.69,16.03,84.84,1.77,1.323873403047261,20.99,20.99,37.30766224143924,28.696307642870234,16.1623,3.258101812790325,12.904198187209673,2.3753092941438974,2.015212405151683,0.3600968889922145,0.14774339038181528,3.6859685912977582
2020-03-16,20.09,25.7,14.69,78.15,1.84,1.3762299783090173,22.33,22.33,37.34871271066278,28.727882842787597,17.1941,3.6854142698946375,13.508685730105361,2.486946793365592,1.9435489190152102,0.5433978743503818,0.15383498312154187,4.072028414846871
2020-03-17,20.34,26.19,15.63,75.14,1.91,1.4285865535707731,22.6,22.6,37.387878748632495,28.75800857587314,17.402,3.7814154990974,13.620584500902602,2.587568379288923,1.9442988801976968,0.6432694990912262,0.15974865430147608,4.244282104652327
2020-03-18,20.02,25.77,14.91,75.88,1.69,1.2640373170338255,22.0,22.0,37.42514134608057,28.786670220578255,16.94,3.65239785679855,13.28760214320145,2.5057485542470967,1.901362002962697,0.6043865512843998,0.15508234418237132,4.072709990618711
2020-03-19,20.58,26.18,16.41,73.89,2.0,1.4959021503358882,22.8,22.8,37.460483841492156,28.813854961198935,17.556,3.8387194420673776,13.717280557932623,2.6319137507642423,1.9447210704396987,0.6871926803245436,0.16218410334204247,4.3380474190712395
2020-03-20,19.5,24.15,16.6,80.58,1.8,1.3463119353022994,13.81,13.81,37.49389193350794,28.839551797415634,10.633700000000001,1.5477763408769196,9.08592365912308,2.4500202535567612,1.9742263203160382,0.47579393324072305,0.152247997749009,2.8463327492466513
2020-03-21,19.0,23.67,14.82,78.09,1.85,1.3837094890606967,19.59,19.59,37.52535369001009,28.86375155128196,15.0843,3.092310802693304,11.991989197306697,2.305503136037979,1.8003673989320577,0.5051357371059213,0.14382701229802786,3.5873784861281734
2020-03-22,19.94,25.62,15.28,73.58,1.7,1.271516827785505,22.86,22.86,37.55485955388077,28.88644687165401,17.6022,3.9252607554767347,13.676939244523265,2.5114990034143116,1.8479609667122505,0.6635380367020611,0.1555349387142816,4.23600731526691
2020-03-23,20.1,24.59,16.94,74.63,1.17,0.8751027579464945,22.71,22.71,37.5824023454286,28.907632236056767,17.486700000000003,3.8615789036735664,13.625121096326437,2.510803759172725,1.8738128454706042,0.6369909137021206,0.155298635223942,4.140786645454341
2020-03-24,20.22,25.07,17.21,77.25,1.42,1.0620905267384806,18.04,18.04,37.60797726148552,28.927303949989433,13.8908,2.5836474117997486,11.307152588200251,2.572338854309577,1.9871317649541484,0.5852070893554286,0.15895646805176175,3.5213580655362953
2020-03-25,20.74,26.1,17.19,78.54,1.49,1.1144471020002367,19.57,19.57,37.63158187118218,28.945460143675906,15.068900000000001,2.863553322108587,12.205346677891415,2.6712730695168285,2.098017868798517,0.5732552007183114,0.1644054360860292,3.785817309238655
2020-03-26,21.07,26.51,16.7,77.59,1.69,1.2640373170338255,21.46,21.46,37.65321610841677,28.962100766272012,16.5242,3.327664201012577,13.196535798987423,2.6826585030543573,2.081474732519876,0.6011837705344814,0.16468467043605733,4.094974473083258
2020-03-27,20.91,26.91,15.57,76.11,1.77,1.323873403047261,21.11,21.11,37.67288226103849,28.977227577545584,16.2547,3.294373694057841,12.960326305942159,2.6577508202286495,2.022814149276025,0.6349366709526243,0.16335788409491303,4.064922203853836
2020-03-28,21.19,28.01,14.91,71.08,1.74,1.3014348707922228,23.09,23.09,37.69058495677294,28.99084413705061,17.7793,3.887100652005907,13.892199347994092,2.7388109468341755,1.946746821009732,0.7920641258244434,0.16797572182634854,4.481964011361124
2020-03-29,21.44,28.21,16.48,72.2,1.89,1.4136275320674143,23.21,23.21,37.70633114592291,29.002955790820984,17.8717,3.808684928336754,14.063015071663246,2.850592228368438,2.0581275888820123,0.7924646394864259,0.17449376091285707,4.580194076436374
2020-03-30,21.57,28.44,17.65,74.98,1.69,1.2640373170338255,21.1,21.1,37.72013008088431,29.013569655614592,16.247,3.1500054921212217,13.096994507878778,2.948429497971242,2.2107324375788373,0.7376970603924047,0.18030146444159892,4.2612825786466235
2020-03-31,20.8,26.88,16.88,78.23,1.68,1.2565578062821459,14.47,14.47,37.73199329252251,29.022694600742465,11.141900000000001,1.62730963869923,9.51459036130077,2.7316796797414975,2.1369930134617734,0.5946866662797241,0.16804504721311797,3.1115875226429766
2020-04-01,19.64,22.99,16.94,83.58,1.36,1.017213462228404,12.66,12.66,37.741934563460475,29.030341227522527,9.7482,1.2364905537676112,8.51170944623239,2.3690562746009767,1.9800572343114962,0.3889990402894805,0.14705638696855242,2.5607323389534273
2020-04-02,21.09,26.32,16.91,79.69,1.61,1.20420123102039,15.89,15.89,37.749969898335394,29.036521846401616,12.2353,1.9538575458987606,10.28144245410124,2.6761289147178844,2.132607132138682,0.5435217825792025,0.1642583971661254,3.250500510178696
2020-04-03,21.27,26.25,17.59,81.46,1.33,0.9947749299733656,18.14,18.14,37.75611749108634,29.041250451793793,13.9678,2.422200016604873,11.545599983395128,2.7114075697599302,2.208712606326439,0.5026949634334912,0.1661921427800992,3.546318729112706
2020-04-04,21.48,26.14,18.05,82.53,1.22,0.9125003117048918,15.91,15.91,37.760397689340266,29.044542694686744,12.2507,1.8867928827505676,10.363907117249433,2.729923164521163,2.253005587679316,0.476917576841847,0.16705557006429028,3.1983273965019574
2020-04-05,21.7,27.41,18.88,79.93,1.02,0.762910096671303,18.17,18.17,37.76283295596887,29.046415853072133,13.990900000000002,2.362304484135801,11.6285955158642,2.916499754022109,2.331158253389872,0.5853415006322371,0.17816991386506764,3.6519882567088144
2020-04-06,20.9,25.54,18.4,81.73,1.13,0.8451847149397768,10.28,10.28,37.76344782789394,29.04688880025946,7.9155999999999995,0.6292387651960508,7.286361234803949,2.693792600558478,2.201636692436444,0.4921559081220339,0.16558600711666846,2.34079121882631
2020-04-07,21.95,28.4,17.65,70.83,1.19,0.8900617794498534,17.64,17.64,37.76226887222296,29.045981971136456,13.5828,2.448605408590108,11.134194591409893,2.943933156757873,2.0851878549316014,0.8587453018262714,0.17949913864199193,3.706320231953816
2020-04-08,22.47,28.86,18.19,71.48,1.22,0.9125003117048918,19.14,19.14,37.75932463980121,29.04371732644229,14.7378,2.750912276667152,11.986887723332849,3.0310797573286914,2.1666158105385485,0.8644639467901429,0.18407352517239817,3.9741211244483456
2020-04-09,21.05,25.74,17.49,72.77,0.96,0.7180330321612264,16.82,16.82,37.75464561627098,29.04011831512331,12.951400000000001,2.327942078907807,10.623457921092195,2.654422759403405,1.9316234420178577,0.7227993173855471,0.16297654796654745,3.3720996276545567
2020-04-10,21.4,27.55,17.82,75.0,1.16,0.8676232471948151,18.77,18.77,37.748264170731865,29.035209834843535,14.4529,2.6529574876596183,11.799942512340381,2.8613786226226825,2.146033966967012,0.7153446556556706,0.17520819875757357,3.783515554685143
2020-04-11,21.31,26.65,17.57,79.47,1.28,0.9573773762149684,16.89,16.89,37.7402145021,29.029018190725278,13.0053,2.1616396904320654,10.843660309567934,2.750811926489669,2.18607023798134,0.5647416885083292,0.16855522673199677,3.403942726356705
2020-04-12,20.59,27.8,14.93,67.85,2.86,2.13914007498032,19.63,19.63,37.7305325832673,29.02157105239754,15.1151,3.1236119066036694,11.991488093396331,2.7169054732515154,1.8434203636011532,0.8734851096503622,0.16740848971844244,4.288764119370986
2020-04-13,20.52,27.78,14.15,66.92,2.06,1.540779214845965,21.59,21.59,37.71925610316453,29.012897409432096,16.6243,3.6810049860618013,12.9432950139382,2.673006131488766,1.7887757031922822,0.8842304282964839,0.1647929775750505,4.373105884741337
2020-04-14,19.91,25.56,14.01,75.5,1.85,1.3837094890606967,18.47,18.47,37.70642440683529,29.003027525249568,14.2219,2.768785953979889,11.453114046020112,2.4373179280504806,1.8401750356781128,0.5971428923723678,0.15097618195613707,3.584325503813914
2020-04-15,20.29,25.64,16.49,78.24,1.68,1.2565578062821459,18.07,18.07,37.69207843362943,28.991992889579087,13.9139,2.549049033923233,11.364850966076768,2.583273503309631,2.021153188989455,0.5621203143201758,0.15954542134362412,3.545881858476116
2020-04-16,20.41,27.01,15.73,73.4,1.76,1.3163938922955818,20.32,20.32,37.676260653627835,28.97982616955746,15.6464,3.171011560074963,12.475388439925037,2.677298610184748,1.9651371798756052,0.7121614303091428,0.16519854759331026,4.018682157398414
2020-04-17,20.81,27.59,14.79,70.61,1.61,1.20420123102039,17.33,17.33,37.65901500241089,28.966561159554406,13.3441,2.486257196297541,10.857842803702457,2.6865260580528876,1.8969560495911437,0.7895700084617439,0.16525452105801597,3.628510926153942
2020-04-18,20.02,24.46,17.3,80.31,1.2,0.897541290201533,11.75,11.75,37.64038681428574,28.952232729812305,9.0475,1.0220322931669994,8.025467706833,2.521089933916576,2.024687325928402,0.4964026079881738,0.1560318317588889,2.5292477099271777
2020-04-19,18.87,21.42,17.28,90.24,1.69,1.2640373170338255,17.91,17.91,37.62042275408775,28.936876773989212,13.790700000000001,2.4403084948389813,11.35039150516102,2.262137414240446,2.0413528026105783,0.22078461162986773,0.14126494354727362,3.106141700146386
2020-04-20,20.83,26.73,16.37,76.66,1.71,1.2789963385371843,21.98,21.98,37.59917074767293,28.92053015569506,16.9246,3.485083065800851,13.439516934199151,2.6854794241831876,2.0586885265788317,0.6267908976043559,0.16516454316847218,4.188602219458617
2020-04-21,20.15,25.01,16.48,81.93,1.75,1.3089143815439022,9.72,9.72,37.57667991121857,28.9032306541111,7.484400000000001,0.5285506679147701,6.955849332085231,2.5222268393672236,2.0664604494935666,0.45576638987365703,0.15594458698810987,2.2758441657574853
2020-04-22,19.9,23.94,16.87,83.31,1.41,1.0546110159868012,20.43,20.43,37.553000479449935,28.8850169087833,15.7311,3.0881399175660085,12.64296008243399,2.447505702359797,2.0390170006359467,0.4084887017238503,0.15161903838608948,3.6928832342788707
2020-04-23,21.05,26.93,16.9,78.14,1.18,0.882582268698174,17.56,17.56,37.52818373291037,28.86592836368,13.521199999999999,2.372619188537298,11.1485808114627,2.738104064553539,2.139554516042135,0.5985495485114036,0.16811442217832875,3.499251075606849
2020-04-24,21.67,29.01,15.99,72.81,1.6,1.1967217202687106,20.17,20.17,37.502281924392435,28.846005210604172,15.5309,3.0380438236736085,12.492856176326391,2.9125593208395455,2.120634441503273,0.7919248793362725,0.17797041780712572,4.1174120662451
2020-04-25,21.58,29.3,15.3,70.39,1.85,1.3837094890606967,21.91,21.91,37.47534820464717,28.82528833205051,16.8707,3.541927960718933,13.328772039281066,2.9071065506111307,2.046312300975175,0.8607942496359557,0.17776076226698997,4.453439178810106
2020-04-26,20.91,26.76,16.54,73.09,1.5,1.121926612751916,22.45,22.45,37.447436547487385,28.803819243596347,17.2865,3.735558982691658,13.550941017308343,2.6987024019836734,1.972481585609867,0.7262208163738064,0.16587496120196288,4.286164115763466
2020-04-27,21.32,28.85,15.76,65.93,1.45,1.0845290589935188,22.34,22.34,37.41860167440056,28.781640035915423,17.2018,3.8460393666998773,13.355760633300122,2.8808425159751234,1.899339470782399,0.9815030451927245,0.1765091636426745,4.472230207763646
2020-04-28,21.87,28.38,17.19,72.21,1.46,1.0920085697451982,19.28,19.28,37.388898978784894,28.758793316501762,14.845600000000001,2.8652324531998974,11.980367546800103,2.9127792563264507,2.10331790099333,0.8094613553331209,0.1777092646023042,3.9620593398617436
2020-04-29,21.61,27.62,17.9,75.95,1.44,1.0770495482418394,16.58,16.58,37.35838444992132,28.735322151190477,12.766599999999999,2.1508933421480125,10.615706657851986,2.874072337429406,2.1828579402776342,0.6912143971517719,0.17570009621353885,3.4813790903677484
2020-04-30,21.28,26.99,18.12,78.07,1.12,0.8377052041880975,17.2,17.2,37.327114596791944,28.711270005560426,13.244,2.2772178944394756,10.966782105560524,2.821431463116782,2.202691543255271,0.6187399198615107,0.17292253632653598,3.473373451215684
2020-05-01,21.55,27.79,17.52,75.66,1.42,1.0620905267384806,15.84,15.84,37.295146371854045,28.686680686302694,12.1968,1.9894502540896286,10.20734974591037,2.8682350552686033,2.1701066428162252,0.6981284124523781,0.1754245434096307,3.36898757341097
2020-05-02,22.56,30.02,17.39,70.24,1.41,1.0546110159868012,19.3,19.3,37.26253709487592,28.661598282636657,14.861,2.83584449262681,12.02515550737319,3.117038488349404,2.189407834216621,0.9276306541327828,0.1891625895590088,4.087561164355641
2020-05-03,23.45,30.71,17.68,66.84,1.47,1.0994880804968779,14.95,14.95,37.22934437693939,28.636067107854238,11.5115,1.8356122045405572,9.675887795459442,3.220887133534443,2.1528409600544216,1.0680461734800213,0.1941327588402309,3.5438216831392846
2020-05-04,22.36,28.02,17.56,69.76,1.42,1.0620905267384806,18.66,18.66,37.19562604471063,28.61013164107052,14.3682,2.818922409090082,11.549277590909918,2.8959543535381655,2.0202177570282247,0.8757365965099408,0.17601657283077013,3.8771179857202123
2020-05-05,23.16,30.66,16.88,66.16,1.55,1.1593241665103133,21.43,21.43,37.16144006507862,28.583836469257175,16.5011,3.4791849897968663,13.021915010203134,3.164700917031939,2.093766126708331,1.0709347903236082,0.19117123884365889,4.518047256638968
2020-05-06,22.57,29.78,16.22,67.33,1.52,1.136885634255275,18.58,18.58,37.12684447025774,28.557226229632846,14.3066,2.8081637019509675,11.498436298049032,3.0169056440412074,2.031282570132945,0.9856230739082625,0.18307177348010578,3.9931635547165225
2020-05-07,23.11,30.34,18.33,65.41,0.97,0.7255125429129057,16.67,16.67,37.09189728344803,28.53034555248255,12.835900000000002,2.3129573916909587,10.522942608309044,3.216861543165546,2.1041491353845836,1.1127124077809625,0.19439675351993624,3.646031641317633
2020-05-08,23.32,30.71,16.82,62.18,1.27,0.9498978654632889,19.26,19.26,37.05665644514363,28.503239004475578,14.830200000000001,3.0853809435116446,11.744819056488357,3.167342735692319,1.969453713053484,1.1978890226388352,0.19109597236810458,4.151030403010967
2020-05-09,23.92,30.49,19.47,61.01,1.27,0.9498978654632889,21.62,21.62,37.02117974017687,28.475951032549244,16.6474,3.6931214136950383,12.954278586304962,3.313221115222972,2.0213962023975354,1.2918249128254367,0.1989800447909716,4.578543741611044
2020-05-10,24.06,32.16,16.85,61.4,1.66,1.241598784778787,22.93,22.93,36.985524725581726,28.44852590842295,17.6561,3.963631158320497,13.692468841679501,3.358660375113417,2.0622174703196383,1.2964429047937789,0.2014929251367418,4.943520358379509
2020-05-11,23.53,31.24,17.05,65.81,1.67,1.2490782955304665,18.68,18.68,36.94974865935824,28.42100767380517,14.3836,2.793895236750921,11.589704763249078,3.2491099665128336,2.1382392689620957,1.1108706975507379,0.19571372443959606,4.18875054323294
2020-05-12,22.36,29.25,17.26,72.71,1.64,1.2266397632754282,16.6,16.6,36.91390843021434,28.393440086352268,12.782000000000002,2.210855758517901,10.5711442414821,3.0169010321399936,2.193588740468989,0.8233122916710047,0.18336773146928553,3.6334200717273735
2020-05-13,20.75,25.75,17.66,82.52,1.7,1.271516827785505,15.73,15.73,36.878060488360035,28.36586656643677,12.1121,1.9575164401064244,10.154583559893576,2.6661788420661288,2.2001307804729695,0.46604806159315926,0.1640791905755689,3.15295206555609
2020-05-14,20.02,23.26,17.6,85.57,1.51,1.1294061235035955,19.89,19.89,36.84226077742377,28.338330144778812,15.3153,3.005109231901757,12.310190768098243,2.433284746416397,2.0821617575085107,0.3511229889078864,0.15059751382390685,3.547701414621863
2020-05-15,21.62,28.05,17.38,72.34,1.5,1.121926612751916,16.45,16.45,36.80656466755861,28.31087341099273,12.6665,2.251198384248652,10.415301615751346,2.887918185800816,2.0891200156083105,0.7987981701925055,0.17653289484002008,3.5235746498780687
2020-05-16,22.96,30.08,17.85,68.67,1.26,0.9424183547116096,22.56,22.56,36.7710268898014,28.28353846309744,17.371199999999998,3.730566496399184,13.640633503600814,3.153588335332209,2.165569109872628,0.9880192254595812,0.19079285365060542,4.5597498038257385
2020-05-17,22.33,28.65,17.58,69.95,1.26,0.9424183547116096,19.05,19.05,36.735701471745344,28.256366858037083,14.668500000000002,2.9324737618559853,11.736026238144017,2.9677380483709515,2.0759327648354806,0.8918052835354708,0.1804212851748203,3.917506637235212
2020-05-18,21.94,29.56,15.81,71.47,1.45,1.0845290589935188,20.9,20.9,36.70064167458242,28.229399563255306,16.093,3.3318482690038578,12.761151730996142,2.966742972742024,2.120331202618724,0.8464117701232996,0.18090386716757043,4.218090602649549
2020-05-19,21.54,26.86,17.6,72.21,1.26,0.9424183547116096,14.1,14.1,36.6658999315691,28.20267690936432,10.857,1.7230086767265023,9.133991323273497,2.7744038183110327,2.0033969972023966,0.771006821108636,0.1696988289096558,3.0745576088990467
2020-05-20,23.23,30.84,16.73,61.87,1.32,0.9872954192216863,23.03,23.03,36.6315277879649,28.17623854394684,17.7331,4.140662001465456,13.592437998534544,3.1783261948252957,1.9664304167384103,1.2118957780868853,0.1918911485743098,4.712164018229922
2020-05-21,23.01,30.89,17.33,65.43,1.54,1.151844655758634,22.45,22.45,36.59757584249059,28.150123386526914,17.2865,3.8162339339944125,13.470266066005587,3.2215799646890857,2.107879770896069,1.1137001937930169,0.19483149607724035,4.686420690875111
2020-05-22,22.54,28.76,18.19,71.09,1.07,0.8003076504297002,19.62,19.62,36.564093690349104,28.124369584742723,15.107400000000002,3.0358921720832486,12.071507827916754,3.019615600458028,2.146644730365612,0.8729708700924159,0.18327853273180245,3.967053533512568
2020-05-23,23.37,30.77,18.6,65.63,1.26,0.9424183547116096,21.53,21.53,36.53112986784914,28.0990144717522,16.578100000000003,3.5560346133130687,13.022065386686934,3.2886261200291145,2.1583253225751076,1.130300797454007,0.19833727955734817,4.494201505171209
2020-05-24,23.21,30.67,18.19,64.52,1.5,1.121926612751916,22.42,22.42,36.49873179866855,28.074094524899873,17.2634,3.8545216433106266,13.408878356689375,3.248825425999976,2.096142164855184,1.1526832611447917,0.19617765172637355,4.689247867867619
2020-05-25,22.2,28.77,17.16,67.89,1.57,1.1742831880136722,19.64,19.64,36.466945741791285,28.04964532567102,15.122800000000002,3.1874338869445795,11.935366113055423,2.9551036284554715,2.0062198533584197,0.9488837750970518,0.17983323004310978,4.091066928184689
2020-05-26,21.93,27.32,17.81,69.33,1.34,1.002254440725045,14.3,14.3,36.43581674114881,28.025701520956844,11.011000000000001,1.8284549868934352,9.182545013106566,2.836142082906302,1.9662973060789393,0.8698447768273627,0.1729535251936758,3.186003360944499
2020-05-27,20.97,25.87,18.04,76.26,1.29,0.9648568869666478,19.11,19.11,36.405388576994284,28.00229678565246,14.7147,2.956814612305351,11.75788538769465,2.7024401027308893,2.0608808223425763,0.641559280388313,0.16602752962797468,3.702302065571237
2020-05-28,19.91,25.0,17.09,78.96,1.24,0.9274593332082507,12.02,12.02,36.37570371903473,27.979463786607134,9.2554,1.1925361339651699,8.06286386603483,2.558293256505734,2.0200283553369274,0.5382649011688065,0.1584698260929415,2.582445259496454
2020-05-29,20.0,24.96,17.18,80.68,1.37,1.0246929729800835,18.58,18.58,36.346803281344314,27.95723414794442,14.3066,2.7936915912478284,11.512908408752171,2.560090824983936,2.0654812775970397,0.49460954738689633,0.1584702542847065,3.497788345538276
2020-05-30,19.0,22.34,16.87,85.01,1.26,0.9424183547116096,15.15,15.15,36.318726979078704,27.935638417767755,11.6655,1.9801999400699337,9.685300059930066,2.3105221791533417,1.9641749044982557,0.34634727465508597,0.1441401213823721,2.818308441545778
2020-05-31,19.44,24.5,16.43,82.82,1.31,0.9798159084700068,15.52,15.52,36.291513087009,27.91470603626558,11.9504,2.041643018568867,9.908756981431132,2.4717405543321194,2.047095527097861,0.42464502723425834,0.15366953019133603,2.985771741203317
2020-06-01,19.69,25.47,15.75,79.79,1.08,0.8077871611813797,19.07,19.07,36.265198399890565,27.894465305227826,14.683900000000001,2.9619379483573014,11.7219620516427,2.5235029165268714,2.013502977096791,0.5099999394300805,0.15658253373241457,3.537068386054001
2020-06-02,21.23,28.39,16.06,70.01,1.45,1.0845290589935188,16.79,16.79,36.23981819468083,27.8749433589846,12.9283,2.4679318975636413,10.460368102436359,2.8459425907259503,1.9924444077672379,0.8534981829587125,0.1744922717301103,3.5627448782775986
2020-06-03,21.09,26.63,16.91,70.29,1.6,1.1967217202687106,12.06,12.06,36.215406194617714,27.856166136776054,9.286200000000001,1.2794596338698778,8.006740366130122,2.7076903183688423,1.9032355247814596,0.8044547935873827,0.1661956078690582,2.8710678227681234
2020-06-04,21.97,28.41,16.66,65.94,1.1,0.8227461826847385,22.52,22.52,36.19199453516853,27.838158356560932,17.3404,4.097152108267321,13.243247891732679,2.8837400867455676,1.9015382132000271,0.9822018735455404,0.17580188738325794,4.344442673046112
2020-06-05,22.19,29.3,16.97,65.61,1.3,0.9723363977183274,19.08,19.08,36.169613731857766,27.820943490270356,14.6916,3.1291397216690284,11.56246027833097,3.004848845210781,1.9714813273427934,1.0333675178679875,0.18287457602898582,3.9821748827010754
2020-06-06,21.51,28.73,17.5,69.32,1.23,0.9199798224565712,11.84,11.84,36.14829264998038,27.804543740511907,9.1168,1.183887670926982,7.932912329073018,2.9717930634250003,2.06004695156621,0.9117461118587902,0.18181445698887314,2.847756592877775
2020-06-07,21.57,26.83,16.78,67.8,1.27,0.9498978654632889,22.31,22.31,36.128058476205894,27.788980018728047,17.1787,4.088814097052729,13.08988590294727,2.7204068971909043,1.8444358762954332,0.8759710208954712,0.1663574956694896,4.234260628809445
2020-06-08,21.29,27.5,16.79,70.16,1.4,1.0471315052351216,21.06,21.06,36.108936692077336,27.774271924812044,16.2162,3.6257632293523434,12.590436770647656,2.791680915993969,1.9586433306613684,0.8330375853326006,0.17108592392365016,4.113514901637063
2020-06-09,20.8,26.82,15.91,73.31,1.81,1.3537914460539788,19.99,19.99,36.090951049407835,27.76043772818352,15.392299999999999,3.31674926645212,12.075550733547878,2.667861441810546,1.9558092229913115,0.7120522188192346,0.16411913346645954,3.914096220663248
2020-06-10,19.0,22.03,16.77,81.82,1.07,0.8003076504297002,13.81,13.81,36.074123547576505,27.747494350324896,10.633700000000001,1.7214798067795376,8.912220193220463,2.2792175562560555,1.8648558045287045,0.414361751727351,0.14218720693517226,2.6450130157662706
2020-06-11,19.75,25.13,15.91,81.51,1.63,1.2191602525237488,19.32,19.32,36.05847441272473,27.735457348779605,14.8764,3.0221404011203585,11.854259598879642,2.500125359233086,2.037852180310889,0.4622731789221972,0.15505955130312069,3.55678824486003
2020-06-12,19.05,22.75,16.57,84.66,1.48,1.1069675912485573,17.93,17.93,36.04402207885266,27.72434090261189,13.8061,2.707986724211604,11.098113275788396,2.326393784937061,1.9695249783277158,0.3568688066093453,0.14507365052757787,3.2040947365224195
2020-06-13,21.34,28.59,15.98,70.22,1.39,1.0396519944834421,20.13,20.13,36.03078317081533,27.714157799327737,15.5001,3.341460157007397,12.158639842992603,2.8638531796771303,2.010997702769281,0.8528554769078491,0.17544109133530586,4.023175982583667
2020-06-14,20.87,28.11,16.41,75.08,1.28,0.9573773762149684,18.7,18.7,36.01877248921705,27.70491942325597,14.399,2.851427103376629,11.54757289662337,2.8353309537530844,2.128766480077816,0.7065644736752685,0.1743268022255923,3.723225135300693
2020-06-15,20.42,26.18,15.88,74.08,1.53,1.1443651450069545,16.11,16.11,36.00800299720233,27.69663574538809,12.4047,2.3327653871884864,10.071934612811514,2.600884998265041,1.9267356067147423,0.6741493915502987,0.16047111063065592,3.285507272083842
2020-06-16,20.8,26.42,15.76,70.91,1.64,1.2266397632754282,19.13,19.13,35.998485809140995,27.68931531467507,14.7301,3.202642853385935,11.527457146614065,2.618202431708151,1.85656734432425,0.7616350873839011,0.16106425453643675,3.7744037900753176
2020-06-17,21.84,29.48,15.21,67.46,1.54,1.151844655758634,13.05,13.05,35.99023018120486,27.68296525077915,10.0485,1.540824818009777,8.507675181990223,2.9233400289375853,1.972085183521295,0.9512548454162904,0.17839487702277762,3.130092031945848
2020-06-18,21.56,28.23,16.04,73.37,1.25,0.9349388439599301,17.24,17.24,35.98324350383318,27.677591238278403,13.274799999999999,2.5389054958657895,10.73589450413421,2.826892238108408,2.0740908351001393,0.7528014030082688,0.17288261132425436,3.5160953290324697
2020-06-19,21.43,27.82,17.02,72.41,1.4,1.0471315052351216,22.23,22.23,35.97753129608364,27.673197522321612,17.1171,3.834534856905634,13.282565143094367,2.840340590873193,2.056690621851279,0.7836499690219139,0.173879666010628,4.279390435699067
2020-06-20,21.51,28.86,16.59,68.03,1.15,0.8601437364431356,16.81,16.81,35.973097201865606,27.669786905730987,12.9437,2.521045951707529,10.42265404829247,2.930667482192692,1.9937330881356885,0.9369343940570036,0.1792983917513137,3.5425356534275636
2020-06-21,22.22,30.04,15.9,60.66,1.26,0.9424183547116096,20.08,20.08,35.96994298805207,27.66736074754989,15.461599999999999,3.5789160706838152,11.882683929316183,3.0297574058167505,1.8378508423684408,1.1919065634483097,0.18434787878447303,4.169141145981247
2020-06-22,21.8,28.8,15.91,60.4,1.65,1.2341192740271076,16.15,16.15,35.96806854446703,27.66591896303315,12.4355,2.5499930720394643,9.885506927960535,2.8837364984824565,1.7417768450834037,1.1419596533990528,0.17603243735486576,3.7058037704241693
2020-06-23,21.0,29.42,15.1,62.69,2.08,1.5557382363493237,19.02,19.02,35.967471885744295,27.665460025076797,14.6454,3.269408979430962,11.375991020569039,2.910145269804888,1.8243700696406844,1.0857752001642038,0.17874660857907607,4.213525961980972
2020-06-24,21.04,29.65,13.19,57.17,2.18,1.6305333438661183,20.13,20.13,35.9681491550543,27.665980967084664,15.5001,3.792114382671457,11.707985617328543,2.8375562120808704,1.6222308864466337,1.2153253256342367,0.17423408430827794,4.471352096882871
2020-06-25,21.28,30.7,14.51,61.25,2.18,1.6305333438661183,21.17,21.17,35.970094629695005,27.667477387268804,16.300900000000002,3.838744293991023,12.462155706008978,3.0343578918403393,1.858544208752208,1.1758136830881314,0.18597257088777067,4.645455825759037
2020-06-26,21.46,29.19,15.93,64.4,1.41,1.0546110159868012,17.04,17.04,35.973300728543194,27.669943454380853,13.1208,2.6737334994341904,10.447066500565809,2.9300216348421935,1.8869339328383727,1.0430877020038207,0.17932816158568798,3.7027628764966165
2020-06-27,21.72,29.42,15.52,65.88,1.23,0.9199798224565712,18.05,18.05,35.977758021361986,27.67337191487121,13.8985,2.897954768278672,11.000545231721329,2.9336084282257273,1.932661232515109,1.0009471957106184,0.17918741350889394,3.7704791079307562
2020-06-28,20.79,27.22,17.33,72.92,1.17,0.8751027579464945,14.59,14.59,35.983455239960975,27.67775410147318,11.2343,1.8959928269294701,9.338307173070529,2.795121227906068,2.038202399389105,0.7569188285169632,0.17196111298880548,3.108744089297385
2020-06-29,21.62,28.83,16.03,65.93,1.3,0.9723363977183274,21.44,21.44,35.99037929120429,27.683079943208515,16.5088,3.827705894588933,12.681094105411068,2.8941333297353165,1.9081021042944943,0.9860312254408221,0.17691281465769332,4.247809162867585
2020-06-30,21.48,29.93,14.25,59.93,1.81,1.3537914460539788,21.0,21.0,35.99851527186272,27.689337976811366,16.17,3.898658477500957,12.271341522499045,2.925391931419171,1.7531873844995092,1.1722045469196618,0.17901713246586,4.451871884625522
2020-07-01,21.49,29.89,15.7,66.53,1.59,1.1892422095170312,17.73,17.73,36.00784648530503,27.696515359566924,13.6521,2.760143159683555,10.891956840316446,3.000051609057514,1.9959343355059638,1.00411727355155,0.1835716868636921,3.862345257080348
2020-07-02,21.03,28.37,15.97,68.83,1.13,0.8451847149397768,15.18,15.18,36.018354460023595,27.704597883560947,11.6886,2.103175251948103,9.585424748051896,2.8384682617892847,1.9537177045895646,0.8847505571997201,0.17430358063580745,3.2547002494927577
2020-07-03,22.24,30.71,15.25,61.3,1.29,0.9648568869666478,17.84,17.84,36.03001896998925,27.713569991336332,13.7368,2.9037998194993073,10.833000180500694,3.0759690726070663,1.8855690415081314,1.1904000310989349,0.18713081885402913,3.886238444089205
2020-07-04,21.21,28.06,16.22,66.32,1.11,0.8302256934364179,16.41,16.41,36.04281805682956,27.72341479295216,12.6357,2.4939280787476563,10.141771921252344,2.818575603270053,1.869279340088699,0.9492962631813542,0.17284107040069138,3.441158172047357
2020-07-05,21.63,29.89,15.08,61.85,1.57,1.1742831880136722,15.42,15.42,36.05672805382431,27.73411408444058,11.8734,2.2653608101743066,9.608039189825693,2.965258393335544,1.8340123162780342,1.13124607705751,0.18124655279118018,3.596564615721647
2020-07-06,20.54,28.54,14.21,61.69,1.49,1.1144471020002367,16.23,16.23,36.07172361171137,27.745648367656152,12.497100000000001,2.561174866049266,9.935925133950736,2.76046933786343,1.70293353452795,1.0575358033354803,0.17015875393944888,3.584108970754471
2020-07-07,19.85,26.95,15.14,74.81,1.39,1.0396519944834421,19.92,19.92,36.087777726295556,27.757996871512017,15.338400000000002,3.2659386676349644,12.072461332365037,2.6378364953490503,1.9733654821706248,0.6644710131784255,0.163473277265583,3.809417532678663
2020-07-08,20.27,27.28,15.75,74.94,1.72,1.286475849288864,17.89,17.89,36.104861767851865,27.771137574596295,13.775300000000001,2.7073502848640176,11.067949715135985,2.7068910582555143,2.0285441590566826,0.6783468991988317,0.16720612245009742,3.6115233686408375
2020-07-09,20.59,27.89,14.06,70.85,1.48,1.1069675912485573,21.6,21.6,36.122945512314104,27.785047229161762,16.632,3.7879231701980203,12.844076829801981,2.6803139020533986,1.8990023996048329,0.7813115024485657,0.16515381441559857,4.133683990089708
2020-07-10,20.48,26.78,16.23,74.51,1.47,1.0994880804968779,18.55,18.55,36.14199717423854,27.7997013864808,14.2835,2.8983089274552256,11.385191072544774,2.682376194324724,1.998638502391352,0.683737691933372,0.16542197494915206,3.656624322409555
2020-07-11,19.57,23.97,16.32,81.18,1.31,0.9798159084700068,14.48,14.48,36.16198344153108,27.815074423556872,11.149600000000001,1.843801863328725,9.305798136671276,2.4171673607969817,1.96225646349499,0.45491089730199175,0.15012461406155503,2.8328367298997463
2020-07-12,19.92,25.59,16.1,75.16,1.6,1.1967217202687106,18.12,18.12,36.182869511925446,27.831139571182813,13.9524,2.8330758426746616,11.11932415732534,2.5553792195477403,1.9206230214120816,0.6347561981356586,0.15827701277074752,3.534007528251145
2020-07-13,20.77,28.21,15.62,67.3,1.45,1.0845290589935188,22.58,22.58,36.2046191311982,27.84786894333503,17.386599999999998,4.101925823326293,13.284674176673704,2.8005079567907556,1.8847418549201784,0.9157661018705772,0.17231922048435255,4.386373972155323
2020-07-14,21.09,28.85,14.86,61.51,1.49,1.1144471020002367,20.34,20.34,36.22719463310512,27.865233567891796,15.6618,3.6766366007313898,11.98516339926861,2.830560744620026,1.7410779140157777,1.089482830604248,0.17373728464110774,4.180500170679756
2020-07-15,20.8,27.68,14.34,63.99,1.64,1.2266397632754282,21.28,21.28,36.25055698102195,27.883203418662465,16.3856,3.9318928692894843,12.453707130710516,2.672145016681747,1.70990559617465,0.962239420507097,0.16438264662534496,4.217261060215749
2020-07-16,20.44,26.03,16.37,71.66,1.55,1.1593241665103133,21.53,21.53,36.274665811270204,27.901747448712815,16.578100000000003,3.783947832545678,12.794152167454325,2.6145558927046664,1.873590752712164,0.7409651399925024,0.16128955218212168,4.080699106042069
2020-07-17,21.23,27.42,15.58,67.74,1.49,1.1144471020002367,20.33,20.33,36.29947947810794,27.920833624971063,15.6541,3.5234691663313833,12.130630833668617,2.7121084599675918,1.8371822707820464,0.8749261891855453,0.16628654699513115,4.021922500955121
2020-07-18,21.14,27.18,16.74,69.58,1.31,0.9798159084700068,20.68,20.68,36.32495510036219,27.940428964096586,15.9236,3.5361819525188256,12.387418047481175,2.754597763162989,1.9166491236088077,0.8379486395541815,0.16900932989268716,4.03400280751389
2020-07-19,21.64,28.67,16.75,68.18,1.32,0.9872954192216863,20.44,20.44,36.3510486096787,27.96049956959266,15.738800000000001,3.418510368353348,12.320289631646652,2.91858013912381,1.989887938854614,0.9286922002691962,0.17837964262988923,4.116768596014358
2020-07-20,20.98,28.74,15.14,66.73,1.43,1.06957003749016,17.35,17.35,36.37771480036181,27.981010670142293,13.3595,2.6798412716427826,10.679658728357218,2.8333306175251214,1.8906815210745136,0.9426490964506078,0.17405546078504294,3.6865675008972536
2020-07-21,20.58,27.59,15.14,70.3,1.48,1.1069675912485573,15.46,15.46,36.40490738077515,28.00192665914463,11.904200000000001,2.148599731206153,9.755600268793849,2.7057018785886653,1.9021084206478316,0.8035934579408337,0.16673108416351395,3.316968686489973
2020-07-22,20.21,26.31,15.55,72.57,1.51,1.1294061235035955,16.75,16.75,36.43257902627165,28.023211135427623,12.8975,2.4830711465454796,10.41442885345452,2.5951052004510915,1.883267843967357,0.7118373564837346,0.16037575885007702,3.4063306175298087
2020-07-23,21.51,29.83,14.65,65.18,1.33,0.9947749299733656,17.51,17.51,36.460681433618454,28.044826945110643,13.482700000000001,2.7041796518365815,10.77852034816342,2.934581730095744,1.9127603716764063,1.0218213584193376,0.17953786564529775,3.754794548938984
2020-07-24,20.64,28.42,15.56,71.35,1.67,1.2490782955304665,14.17,14.17,36.48916537688011,28.06673622458864,10.9109,1.74933833597745,9.16156166402255,2.8205838956855978,2.0124866095716736,0.8080972861139242,0.17372950610844412,3.220432701034444
2020-07-25,20.34,27.57,15.54,72.04,1.57,1.1742831880136722,16.82,16.82,36.51798076472032,28.088900444607575,12.951400000000001,2.444514651551583,10.506885348448417,2.7259310168420585,1.963760704533019,0.7621703123090395,0.16829074552953102,3.511816314303588
2020-07-26,19.75,25.14,15.46,75.83,1.44,1.0770495482418394,18.86,18.86,36.54707669908032,28.1112804553986,14.5222,2.999452988569076,11.522747011430923,2.4754006893890645,1.8770963427637275,0.598304346625337,0.15352610971069278,3.567641018372178
2020-07-27,21.04,28.6,15.6,69.13,1.47,1.0994880804968779,18.61,18.61,36.57640153518846,28.13383653283626,14.3297,2.916589970888234,11.413110029111767,2.84317838517703,1.9654892176728804,0.8776891675041494,0.17457930185042264,3.851173942973823
2020-07-28,21.98,29.57,16.28,64.47,1.4,1.0471315052351216,23.09,23.09,36.60590294285324,28.156528425583854,17.7793,4.161970768694559,13.61732923130544,2.995296082577179,1.9310673844375075,1.0642286981396716,0.18258860750171285,4.614452793530403
2020-07-29,21.65,29.84,15.44,67.82,1.73,1.2939553600405433,21.93,21.93,36.635527968988725,28.179315403186745,16.8861,3.721170543912938,13.16492945608706,2.9792695486172907,2.0205406078722463,0.9587289407450443,0.18207483330942129,4.488012331536988
2020-07-30,21.57,25.92,18.13,76.44,1.32,0.9872954192216863,19.89,19.89,36.66522310131842,28.2021563050721,15.3153,3.1048522571881616,12.210447742811839,2.7132482961514053,2.074006997578134,0.6392412985732712,0.1659197350746838,3.8274155447214846
2020-07-31,21.79,27.83,18.02,72.08,1.44,1.0770495482418394,21.26,21.26,36.69493433320074,28.225009590411346,16.3702,3.4590151681419363,12.911184831858064,2.9046310584244575,2.093658066912349,0.8109729915121084,0.17732159491307015,4.217594729336366
2020-08-01,20.53,25.3,16.89,74.91,1.4,1.0471315052351216,19.96,19.96,36.72460722951598,28.2478333887991,15.369200000000001,3.235609876560449,12.133590123439552,2.574545177395679,1.9285917923871032,0.6459533850085759,0.15871046860978003,3.789040719191739
2020-08-02,21.88,27.85,17.06,62.65,1.65,1.2341192740271076,20.86,20.86,36.75418699355168,28.270585551700076,16.0622,3.710227344459659,12.351972655540342,2.8460758343194157,1.7830665102011138,1.0630093241183018,0.17362627613724574,4.307955256533312
2020-08-03,21.28,28.0,17.18,71.77,1.21,0.9050208009532122,20.46,20.46,36.783618534820334,28.293223704613105,15.7542,3.273557503062576,12.480642496937424,2.8699370242640883,2.059753802314336,0.8101832219497522,0.1758953906273342,4.0483783972813825
2020-08-04,21.28,27.85,16.31,70.37,1.16,0.8676232471948151,20.23,20.23,36.81284653774039,28.315705299899154,15.577100000000002,3.2914773146246197,12.285622685375381,2.8008230964545593,1.9709392129750734,0.8298838834794859,0.17165947143222093,3.978606360882273
2020-08-05,21.03,27.64,15.5,68.85,1.45,1.0845290589935188,17.81,17.81,36.84181553110797,28.337987670217625,13.7137,2.7365680844493907,10.977131915550608,2.7312201200272046,1.8804450526387302,0.8507750673884744,0.16771772749194205,3.6833432566083517
2020-08-06,21.35,28.26,16.72,70.02,1.3,0.9723363977183274,16.19,16.19,36.87046995828464,28.360028082513377,12.466300000000002,2.235244857241454,10.231055142758548,2.870572049118245,2.009974548792595,0.8605975003256501,0.17583909519769747,3.469972064823868
2020-08-07,22.01,29.1,15.77,63.94,1.13,0.8451847149397768,19.65,19.65,36.898754248022605,28.381783792494026,15.1305,3.27137495828669,11.859125041713309,2.910315111042582,1.8608554820006267,1.0494596290419553,0.1773672522278561,4.0067777778107505
2020-08-08,23.23,30.81,17.5,60.76,0.98,0.7329920536645851,20.44,20.44,36.92661288584695,28.403212099535757,15.738800000000001,3.4417747383018744,12.297025261698128,3.222105587191992,1.9577513547778542,1.2643542324141377,0.19453432531897763,4.247163864125888
2020-08-09,22.69,30.23,16.84,63.48,1.01,0.7554305859196235,16.38,16.38,36.953990485910545,28.424270401952672,12.612599999999999,2.3375811105637756,10.275018889436224,3.1087658031253795,1.9734445318239908,1.1353212713013887,0.18847192746129304,3.5865878581047883
2020-08-10,22.19,28.71,16.84,66.77,1.55,1.1593241665103133,19.3,19.3,36.98083186323552,28.444916252563498,14.861,3.077143630330013,11.783856369669987,2.928601486624256,1.9554272126190155,0.9731742740052405,0.17823417509931352,4.058857587238752
2020-08-11,21.47,27.34,17.57,73.16,1.23,0.9199798224565712,19.06,19.06,37.00708210625224,28.465107414487097,14.6762,2.8837223548015594,11.79247764519844,2.8229598394444233,2.06527741853754,0.7576824209068831,0.17276223036399022,3.811010266599204
2020-08-12,22.38,30.27,16.71,67.22,1.52,1.136885634255275,19.91,19.91,37.03268664954396,28.484801917096224,15.3307,3.1137093127605078,12.216990687239493,3.105811558035936,2.087726529311756,1.0180850287241796,0.1887426511054399,4.236369056357191
2020-08-13,22.44,28.88,17.32,65.09,1.16,0.8676232471948151,19.89,19.89,37.05759134670354,28.50395811205743,15.3153,3.2519002734252083,12.063399726574792,2.977679192891183,1.9381713866528714,1.0395078062383118,0.18087235277503264,4.078836513473983
2020-08-14,22.34,30.1,16.05,63.65,1.27,0.9498978654632889,16.61,16.61,37.081742543205785,28.522534729383025,12.7897,2.3972006980043425,10.392499301995658,3.045782460557917,1.9386405361451142,1.107141924412803,0.18515167042030387,3.6936808454828314
2020-08-15,20.65,25.3,17.58,76.07,1.34,1.002254440725045,18.99,18.99,37.105087149197416,28.54049093341967,14.6223,2.887243293591159,11.735056706408841,2.6174683107721974,1.9911081440044103,0.6263601667677872,0.16120641578113662,3.6697513379189233
2020-08-16,21.69,29.7,16.9,67.68,1.11,0.8302256934364179,18.4,18.4,37.12757271210447,28.557786378696512,14.168,2.7425427383379666,11.425457261662032,3.0480403995578147,2.0629137424207293,0.9851266571370854,0.18622015412954931,3.8667397016133362
2020-08-17,21.15,28.07,16.52,70.34,1.41,1.0546110159868012,12.6,12.6,37.149147488955116,28.574381265554496,9.702,1.30629943554848,8.39570056445152,2.8374648732223497,1.9958727918246009,0.8415920813977489,0.1740801991614023,2.9696602371300824
2020-08-18,21.26,28.43,16.81,73.85,1.36,1.017213462228404,15.86,15.86,37.16976051831481,28.590236395477383,12.2122,2.029890767793168,10.182309232206832,2.8950634830756354,2.1380043822513564,0.7570591008242791,0.17746281542814313,3.4011071353313844
2020-08-19,20.92,26.94,17.0,77.81,1.59,1.1892422095170312,13.59,13.59,37.18936169172872,28.605313226043897,10.4643,1.4698169836553199,8.99448301634468,2.7452693138983926,2.136094053144339,0.6091752607540535,0.16872411394587702,2.972362938932547
2020-08-20,21.12,28.69,16.17,76.5,1.27,0.9498978654632889,16.84,16.84,37.207901824565575,28.61957392541935,12.966800000000001,2.200819461337215,10.765980538662786,2.8862993031904267,2.2080189669406765,0.6782803362497503,0.17711733717420372,3.4926959280361967
2020-08-21,20.5,26.45,16.23,79.34,1.19,0.8900617794498534,16.96,16.96,37.2253327261564,28.63298142630498,13.0592,2.276910767621478,10.782289232378522,2.648536414632745,2.1013487913696203,0.5471876232631248,0.1633097358860494,3.344462245472686
2020-08-22,20.28,26.2,16.49,75.73,1.42,1.0620905267384806,16.84,16.84,37.2416072691202,28.645499479261876,12.966800000000001,2.3288623316216577,10.637937668378344,2.63868424047169,1.998275575309211,0.6404086651624792,0.16298029501328376,3.401675954214022
2020-08-23,19.27,23.51,16.87,81.07,1.55,1.1593241665103133,13.62,13.62,37.2566794577689,28.65709270532668,10.4874,1.5293724406209637,8.958027559379035,2.409549490970156,1.953421772329505,0.4561277186406507,0.15000165702622673,2.763013432473396
2020-08-24,20.5,25.44,17.25,75.99,1.43,1.06957003749016,19.64,19.64,37.270504495483166,28.667726647835742,15.122800000000002,3.031964915810475,12.090835084189527,2.6101993175631804,1.9834904614162607,0.6267088561469196,0.16094585628731012,3.7764439001039616
2020-08-25,20.04,24.95,16.42,77.42,1.54,1.151844655758634,17.56,17.56,37.28303885095099,28.677367823374478,13.521199999999999,2.524740049828113,10.996459950171886,2.51299911034472,1.945563911228882,0.5674351991158377,0.15550691138035208,3.421240103114977
2020-08-26,20.5,27.55,15.86,76.57,1.42,1.0620905267384806,15.63,15.63,37.29424032316118,28.685983771769116,12.035100000000002,1.9644676003306223,10.07063239966938,2.7420515241009253,2.099588852004078,0.6424626720968472,0.16907591215767948,3.2697636920101525
2020-08-27,21.66,29.21,15.49,67.57,1.43,1.06957003749016,19.7,19.7,37.30406810504406,28.69354310503779,15.169,3.111167189624796,12.057832810375205,2.907220441189879,1.9644088521120011,0.9428115890778779,0.17765790843318083,4.07901168292553
2020-08-28,22.27,30.93,16.13,60.26,1.57,1.1742831880136722,20.51,20.51,37.3124828456533,28.700015555219604,15.792700000000002,3.4457450021344713,12.34695499786553,3.154079710772696,1.9006484337116265,1.2534312770610696,0.19183843577008766,4.479054684173853
2020-08-29,20.65,28.14,15.43,65.28,1.63,1.2191602525237488,22.33,22.33,37.319446710782756,28.705372020999878,17.1941,3.9424904622141885,13.25160953778581,2.7819929639124656,1.8160850068420575,0.9659079570704081,0.17133927184331865,4.459200074069646
2020-08-30,19.41,24.17,15.87,72.92,1.94,1.4510250858258114,18.58,18.58,37.324923441914635,28.7095846130519,14.3066,2.9334490828962974,11.373150917103702,2.4088719072652456,1.756549394777817,0.6523225124874286,0.14979595547633454,3.631992479329018
2020-08-31,19.77,24.28,16.46,75.3,1.34,1.002254440725045,18.25,18.25,37.32887841339605,28.71262669801597,14.0525,2.771505946741087,11.280994053258913,2.4534194602336825,1.8474248535559628,0.6059946066777198,0.152139142700139,3.4904106280938936
2020-09-01,20.32,26.21,16.58,75.62,1.53,1.1443651450069545,20.68,20.68,37.3312786877433,28.71447294103839,15.9236,3.2665181307973574,12.657081869202642,2.6450731446479905,2.0002043119828103,0.6448688326651801,0.16332418076015884,3.9679063737223887
2020-09-02,18.51,22.29,16.16,88.51,1.62,1.2116807417720696,15.65,15.65,37.3320930689753,28.715099346794418,12.050500000000001,1.9616610309374438,10.088838969062557,2.263990037243568,2.003857581964282,0.26013245527928586,0.14177884369388466,2.8322690513345354
2020-09-03,19.91,25.92,15.86,80.87,1.77,1.323873403047261,21.39,21.39,37.3312921538799,28.71448329892134,16.4703,3.322861377124888,13.147438622875114,2.5738333061896776,2.081458994715592,0.4923743114740855,0.15943243230105614,3.9555150300472537
2020-09-04,19.96,25.03,16.67,82.91,1.46,1.0920085697451982,21.1,21.1,37.32884838111968,28.71260359778963,16.247,3.2269263828915453,13.020073617108455,2.5355090665997815,2.1021905671178787,0.4333184994819028,0.15699744739554755,3.8475058242000615
2020-09-05,21.42,28.18,16.06,71.16,1.3,0.9723363977183274,23.81,23.81,37.324736078086254,28.709440496542385,18.3337,4.071936993288993,14.261763006711007,2.8224972306702916,2.0084890293449793,0.8140082013253123,0.1728006904467004,4.552311058786799
2020-09-06,20.88,28.66,14.86,74.5,1.68,1.2565578062821459,18.16,18.16,37.31893150541598,28.704975735335864,13.9832,2.578867760617714,11.404332239382287,2.8088390530621665,2.092585094531314,0.7162539585308525,0.17268460276670058,3.74908417356018
2020-09-07,20.25,26.86,16.75,81.07,1.23,0.9199798224565712,18.87,18.87,37.31141289908297,28.699192573716637,14.529900000000001,2.639407301209742,11.89049269879026,2.721701587647111,2.206483477105513,0.515218110541598,0.16814708867228695,3.65504017615503
2020-09-08,19.55,24.04,16.73,82.32,1.33,0.9947749299733656,14.04,14.04,37.30216050998866,28.692075821073075,10.8108,1.598784054432459,9.212015945567542,2.447955189736138,2.0151567121907887,0.43279847754534906,0.15206045219523032,2.800050220726518
2020-09-09,19.92,24.46,16.99,80.14,1.28,0.9573773762149684,17.58,17.58,37.29115664097213,28.683611865102943,13.536599999999998,2.477643632934509,11.05895636706549,2.5019023622898855,2.005024553139114,0.4968778091507713,0.1549647226987327,3.3537048302747556
2020-09-10,21.13,27.17,16.22,71.18,1.3,0.9723363977183274,20.91,20.91,37.27838568116812,28.67378869824089,16.1007,3.4189890298174976,12.681710970182502,2.7225245282650015,1.9378929592190284,0.7846315690459731,0.1670543927619544,4.06633636662925
2020-09-11,21.12,26.78,16.58,75.22,1.45,1.0845290589935188,18.97,18.97,37.2638341376451,28.662595941993857,14.6069,2.8316403532154255,11.775259646784574,2.7031662181200957,2.033321629269936,0.6698445888501596,0.16587940202995163,3.7493314728929574
2020-09-12,20.62,25.98,17.63,78.89,1.46,1.0920085697451982,14.8,14.8,37.247490664259956,28.65002486913547,11.396,1.7577261636042638,9.638273836395737,2.6869628999336586,2.119745031757663,0.5672178681759954,0.16552499513802446,3.084947841979496
2020-09-13,20.99,25.97,17.16,73.15,1.41,1.0546110159868012,20.19,20.19,37.22934608767022,28.636068423714182,15.546300000000002,3.229040092216174,12.317259907783829,2.6564738385356703,1.943210612888843,0.7132632256468274,0.16317826559946422,3.914007650307738
2020-09-14,21.83,30.42,14.81,66.93,1.57,1.1742831880136722,21.55,21.55,37.209393430450234,28.62072123883371,16.593500000000002,3.543733370101016,13.049766629898986,3.015477947580328,2.0182593903155137,0.9972185572648145,0.18403173509647242,4.455047048925534
2020-09-15,21.66,27.97,16.81,65.94,1.32,0.9872954192216863,18.29,18.29,37.18762793126229,28.603979652168327,14.0833,2.8530303781663653,11.230269621833635,2.843926568848776,1.8752851794988827,0.9686413893498931,0.17379007068085858,3.824692734978629
2020-09-16,20.57,26.68,15.96,74.97,1.75,1.3089143815439022,20.95,20.95,37.16404706203939,28.585841719179456,16.1315,3.3645635441298563,12.766936455870143,2.6562986076194406,1.9914270661322946,0.664871541487146,0.1636994454405383,4.042575304183319
2020-09-17,20.05,26.02,16.52,77.29,1.64,1.2266397632754282,18.25,18.25,37.13865054214113,28.566307224004113,14.0525,2.6605542512747755,11.391945748725224,2.622490889206801,2.0269232082679367,0.5955676809388644,0.16226976117561556,3.5924067821994794
2020-09-18,20.11,26.09,16.24,78.9,1.94,1.4510250858258114,17.18,17.18,37.1114403494502,28.545377687990104,13.2286,2.369088418810409,10.85951158118959,2.6128566193880918,2.0615438726972046,0.5513127466908871,0.16159826859543136,3.43529005059044
2020-09-19,20.21,25.88,16.25,81.27,1.56,1.166803677261993,20.34,20.34,37.08242072838225,28.52305637585706,15.6618,3.0842737675920677,12.577526232407932,2.592597102026649,2.1070036648170576,0.48559343720959136,0.16022076005156174,3.7946044026320016
2020-09-20,20.89,27.03,17.54,78.55,1.32,0.9872954192216863,15.71,15.71,37.05159819478768,28.499348299466785,12.0967,1.9586318603348627,10.138068139665137,2.7883312294744433,2.1902341807521752,0.5980970487222681,0.17141052374734347,3.248266332200933
2020-09-21,20.81,26.57,16.57,71.09,1.61,1.20420123102039,20.22,20.22,37.01898153772954,28.474260219190803,15.5694,3.309642875908312,12.259757124091688,2.680965975821918,1.9058987122118014,0.7750672636101166,0.16491250735471766,3.992279771234903
2020-09-22,21.31,29.81,14.23,67.77,1.74,1.3014348707922228,22.62,22.62,36.98458181812776,28.44780064286751,17.4174,3.877717460357751,13.53968253964225,2.9098323153825434,1.9719933601347495,0.9378389552477939,0.17829915631392684,4.562787094827231
2020-09-23,20.52,25.81,17.1,75.6,1.03,0.7703896074229825,20.2,20.2,36.94841236426555,28.419979822345777,15.554,3.2088305792825147,12.345169420717486,2.6369564929924953,1.9935391087023262,0.6434173842901691,0.1625704883714826,3.816857021701892
2020-09-24,20.91,28.55,15.68,67.61,1.28,0.9573773762149684,18.84,18.84,36.910488764159645,28.390809747616316,14.5068,2.977387697468077,11.529412302531924,2.8420665912258953,1.9215212223278277,0.9205453688980676,0.17468679955465588,3.8677984715750666
2020-09-25,20.68,27.33,15.53,67.52,1.44,1.0770495482418394,21.64,21.64,36.870828854802205,28.36030413853676,16.6628,3.8008458988865934,12.861954101113408,2.699682095707451,1.822825351021671,0.87685674468578,0.1662311860398502,4.212374008387043
2020-09-26,20.86,28.0,15.66,68.99,1.36,1.017213462228404,17.89,17.89,36.82945270828772,28.328478434160747,13.775300000000001,2.7337123392795957,11.041587660720406,2.779551588802292,1.917612641114701,0.8619389476875909,0.17091051714600952,3.698207787169113
2020-09-27,19.72,25.15,16.24,71.75,1.39,1.0396519944834421,18.24,18.24,36.786382614844264,28.29534977968591,14.044799999999999,2.889293450690785,11.155506549309214,2.5212699578537503,1.8090111947600658,0.7122587630936845,0.15640746046159884,3.5691022737126996
2020-09-28,20.71,28.03,14.48,66.46,1.51,1.1294061235035955,22.08,22.08,36.741643062794274,28.2609370110401,17.0016,3.954644737082692,13.046955262917308,2.717811926441555,1.806257806313057,0.9115541201284978,0.16730860443224208,4.31175632849997
2020-09-29,21.05,26.98,17.33,73.98,1.17,0.8751027579464945,21.83,21.83,36.6952607154753,28.22526063712929,16.8091,3.6190159035614373,13.190084096438564,2.769892311320066,2.049166331914585,0.720725979405481,0.17006616053860482,4.1565778704954335
2020-09-30,20.73,28.68,15.77,69.97,1.65,1.2341192740271076,18.69,18.69,36.64726438515752,28.18834281977546,14.391300000000001,2.895178543518642,11.496121456481358,2.8619706413481976,2.0025208577513336,0.859449783596864,0.17615570938230177,3.906420442504965
2020-10-01,21.09,27.5,15.78,68.61,1.39,1.0396519944834421,20.9,20.9,36.59768500399963,28.150207351376434,16.093,3.591361564957346,12.501638435042654,2.732081429473702,1.8744810687619067,0.8576003607117952,0.1676927124342198,4.0924197198876735
2020-10-02,20.82,26.7,16.57,72.64,1.59,1.1892422095170312,17.63,17.63,36.54655559209043,28.110879630324114,13.575099999999999,2.6556277827356145,10.919472217264385,2.694310357792159,1.9571470439002243,0.7371633138919349,0.16572051027373313,3.596470919317475
2020-10-03,21.58,28.93,17.38,69.16,1.68,1.2565578062821459,20.16,20.16,36.49391122262886,28.070386634221666,15.523200000000001,3.257270777392181,12.26592922260782,2.98719484057232,2.0659439517398166,0.9212508888325033,0.18265791867467923,4.196633608833961
2020-10-04,20.79,27.22,16.91,70.86,1.8,1.3463119353022994,17.78,17.78,36.439788984299824,28.028756890943736,13.690600000000002,2.718711757847856,10.971888242152145,2.769160945550142,1.9622274460168307,0.8069334995333113,0.17036398761089372,3.7310993367112464
2020-10-05,21.39,28.31,16.81,70.04,1.3,0.9723363977183274,21.33,21.33,36.38422794090876,27.9860204475882,16.4241,3.60031141627493,12.823788583725069,2.8816084779432156,2.0182785779514285,0.8633298999917871,0.17646055695334512,4.201219932445121
2020-10-06,19.74,23.88,17.06,76.72,1.32,0.9872954192216863,15.38,15.38,36.327269088342135,27.942208837371002,11.842600000000001,2.12072918832855,9.721870811671451,2.453801132018662,1.8825562284847175,0.5712449035339446,0.15219833150841544,3.044517895379635
2020-10-07,21.36,29.14,17.09,68.79,1.52,1.136885634255275,18.92,18.92,36.26895530892595,27.897355044519664,14.568400000000002,2.979416811363738,11.588983188636265,2.993504323525474,2.059231624153174,0.9342726993723001,0.18335522792871078,3.98220729110666
2020-10-08,21.32,29.73,14.98,65.99,1.63,1.2191602525237488,18.92,18.92,36.20933132325861,27.851493467224056,14.568400000000002,3.0857149858302866,11.482685014169716,2.9404734281000358,1.9404184152032136,1.0000550128968222,0.18016274844227795,4.0275356703480325
2020-10-09,22.11,29.78,15.63,66.97,1.07,0.8003076504297002,21.19,21.19,36.14844363959867,27.804659878706502,16.316300000000002,3.63728192889874,12.679018071101261,2.982786591330264,1.9975721802138775,0.9852144111163863,0.18164385437229486,4.199936811511572
2020-10-10,21.59,29.17,15.95,66.56,1.51,1.1294061235035955,20.95,20.95,36.08634050089194,27.756891386476063,16.1315,3.635999659484371,12.495500340515628,2.928843255861085,1.9494380711011383,0.9794051847599465,0.1790760610255605,4.255066389125626
2020-10-11,22.54,31.19,16.65,62.74,1.83,1.3687504675573376,23.35,23.35,36.02307182952632,27.708226389835055,17.9795,4.2586127666882465,13.720887233311755,3.2182912353228694,2.0191559210415684,1.199135314281301,0.19533734539725037,4.917974502011717
2020-10-12,20.62,27.29,16.06,74.16,1.63,1.2191602525237488,15.94,15.94,35.958689169905625,27.658704535708008,12.2738,2.239994900035458,10.033805099964543,2.7258586123475883,2.0214967469169713,0.704361865430617,0.16792108799377795,3.342784388773135
2020-10-13,20.45,26.22,16.47,71.76,1.22,0.9125003117048918,16.82,16.82,35.8932456289378,27.608366672866374,12.951400000000001,2.571513337106465,10.379886662893536,2.639499943988241,1.894105159805962,0.7453947841822792,0.16281569345199023,3.372869796215716
2020-10-14,21.11,28.42,15.73,66.24,1.61,1.20420123102039,18.16,18.16,35.82679581453497,27.557254804624005,13.9832,2.989552283678331,10.99364771632167,2.830261304670441,1.8747650882137001,0.9554962164567409,0.17369201589491118,3.8335200502944247
2020-10-15,21.98,29.24,16.37,66.52,1.44,1.0770495482418394,21.28,21.28,35.75939577222602,27.50541204008081,16.3856,3.7595454371931774,12.626054562806823,2.9616382884362737,1.9700817894678093,0.9915564989684644,0.1805368805290392,4.285996615740806
2020-10-16,21.56,26.7,17.01,66.78,1.44,1.0770495482418394,20.59,20.59,35.69110291998468,27.452882543993816,15.8543,3.728383361291484,12.125916638708517,2.721013077623641,1.8170925332370675,0.9039205443865734,0.16640742082966561,4.031549909465724
2020-10-17,21.8,29.99,16.02,61.05,1.98,1.4809431288325292,17.16,17.16,35.621975981378135,27.399711485356434,13.2132,2.8048900654327906,10.40830993456721,3.030621360519764,1.8501943405973156,1.1804270199224483,0.1849987559795276,4.017724741911402
2020-10-18,21.46,29.24,16.98,66.1,1.68,1.2565578062821459,20.1,20.1,35.55207491714333,27.345944984768305,15.477000000000002,3.476188207463219,12.000811792536783,2.9984226026618344,1.9819573403594724,1.016465262302362,0.1835145538170336,4.207501772647345
2020-10-19,20.4,24.32,17.68,76.53,0.92,0.6881149891545086,12.72,12.72,35.48146085529939,27.291630060679182,9.794400000000001,1.4884512563911296,8.305948743608871,2.5322684729620066,1.9379450623578236,0.594323410604183,0.1562618152098645,2.624828207246069
2020-10-20,20.37,24.96,17.4,77.73,1.61,1.20420123102039,19.39,19.39,35.41019601990615,27.236814574591413,14.9303,3.1959799398032573,11.734320060196744,2.5738175771685468,2.0006284027331116,0.5731891744354352,0.15886272272567645,3.644352812414775
2020-10-21,21.43,27.84,15.8,64.5,1.76,1.3163938922955818,18.31,18.31,35.338343658579994,27.18154717530656,14.0987,3.1823059642537155,10.916394035746283,2.7700233954095497,1.7866650900391596,0.98335830537039,0.16957499547171084,3.870151605306217
2020-10-22,21.95,28.88,17.14,67.06,1.44,1.0770495482418394,15.78,15.78,35.2659679688782,27.125877242301733,12.150599999999999,2.3464436042715264,9.804156395728473,2.96648549352911,1.9893251719606213,0.9771603215684888,0.18087421233057369,3.484743655487238
2020-10-23,22.11,29.68,17.88,67.33,1.33,0.9947749299733656,18.59,18.59,35.193134023664896,27.069854828322566,14.3143,3.032058689544945,11.282241310455055,3.107135939445395,2.092034628028584,1.0151013114168106,0.18921640245400026,3.9160808492480714
2020-10-24,21.99,29.39,16.64,66.1,1.5,1.121926612751916,17.61,17.61,35.11990769557028,27.013530601278745,13.5597,2.867707229823555,10.691992770176444,2.9954041484553704,1.9799621421289997,1.0154420063263707,0.1825811110567184,3.7848096428483475
2020-10-25,21.33,28.04,16.62,71.37,1.47,1.0994880804968779,17.65,17.65,35.04635558065631,26.95695578552922,13.590499999999999,2.813823560183901,10.776676439816098,2.840149138715187,2.0270144403010293,0.8131346984141579,0.17400242474395605,3.621763135088403
2020-10-26,21.76,28.51,16.46,69.43,1.65,1.2341192740271076,17.84,17.84,34.972544921400484,26.900182102642823,13.7368,2.9062508685243262,10.830549131475674,2.8830206733000336,2.0016812534722135,0.8813394198278202,0.17604309217399322,3.7396006322448376
2020-10-27,20.56,23.88,17.88,76.9,1.31,0.9798159084700068,14.88,14.88,34.89854352910996,26.843261711720796,11.457600000000001,2.1280978603234213,9.32950213967658,2.5054800651500395,1.9267141701003805,0.578765895049659,0.15441694249652568,2.951051370685406
2020-10-28,19.5,25.07,16.08,83.72,1.51,1.1294061235035955,17.51,17.51,34.824419705876345,26.786247149365966,13.482700000000001,2.671933680784753,10.810766319215247,2.5043043741931448,2.096603622074501,0.407700752118644,0.1556212958531602,3.230240476040251
2020-10-29,18.89,22.17,16.55,90.59,1.32,0.9872954192216863,16.19,16.19,34.750242166181685,26.729191269383627,12.466300000000002,2.333694424913527,10.132605575086476,2.2773034648373893,2.063009208796191,0.21429425604119823,0.14218982299606253,2.8177447444128645
2020-10-30,20.08,25.33,16.17,82.93,1.59,1.1892422095170312,13.53,13.53,34.676079958263585,26.672147182297184,10.418099999999999,1.681102712485917,8.736997287514082,2.5343531130497765,2.1017390366521798,0.43261407639759675,0.15677957624604155,2.7103742203074335
2020-10-31,19.32,22.06,17.11,84.36,1.24,0.9274593332082507,15.51,15.51,34.60200238534749,26.61516819476158,11.9427,2.2794232913854495,9.66327670861455,2.302447086644535,1.9423443622933296,0.3601027243512054,0.14327836305691163,2.818017871883295
2020-11-01,19.32,23.4,15.99,82.54,1.55,1.1593241665103133,15.88,15.88,34.52807892685102,26.55830774895527,12.2276,2.395065413589532,9.832534586410468,2.347627944817101,1.9377321056520356,0.40989583916506556,0.14608991057868584,2.9312656285770275
2020-11-02,19.9,23.96,17.16,82.31,1.76,1.3163938922955818,18.61,18.61,34.45437915966447,26.501619362030716,14.3297,3.068408123077936,11.261291876922066,2.467112698171765,2.0306804618651797,0.43643223630658534,0.15283366021425698,3.369515868285002
2020-11-03,20.45,25.24,16.93,82.13,1.71,1.2789963385371843,17.81,17.81,34.38097267960903,26.445156565701673,13.7137,2.8097885731647176,10.903911426835283,2.5712483415884755,2.111766262946615,0.4594820786418605,0.15860564146875863,3.3235883457226096
2020-11-04,19.93,24.17,17.21,81.6,1.41,1.0546110159868012,16.85,16.85,34.30792902317219,26.388972846043586,12.9745,2.631551488499279,10.342948511500722,2.4890840978312028,2.0310926238302613,0.4579914740009414,0.15415878856497753,3.1362676666364546
2020-11-05,19.42,23.2,16.75,81.29,1.59,1.1892422095170312,14.17,14.17,34.23531758961758,26.33312158358205,10.9109,1.9837151936009738,8.927184806399026,2.3754224921135667,1.9309809438391183,0.4444415482744484,0.14770439232691981,2.7384854492120985
2020-11-06,18.9,21.7,16.62,84.12,1.7,1.271516827785505,17.94,17.94,34.16320756356373,26.27765599374195,13.8138,3.0234030747689524,10.790396925231049,2.2437626984878634,1.8874531819679907,0.35630951651987264,0.14008467505326552,3.0972291465050668
2020-11-07,18.92,23.61,15.88,80.71,1.16,0.8676232471948151,17.5,17.5,34.09166783812379,26.222629067728057,13.475,2.9217901843021554,10.553209815697844,2.359586938753756,1.904422618268156,0.45516432048559974,0.14729292405806677,3.141422761648275
2020-11-08,19.97,25.93,15.63,75.39,1.72,1.286475849288864,16.96,16.96,34.020766938695566,26.168093513905855,13.0592,2.799727836459783,10.259472163540217,2.5616563224586884,1.9312327015016053,0.630423620957083,0.15860414183998567,3.320498270975165
2020-11-09,20.37,26.62,15.88,78.86,1.6,1.1967217202687106,13.92,13.92,33.95057294748801,26.11410169974883,10.7184,1.8797001063691932,8.838699893630807,2.6455100919273664,2.0862492584939214,0.559260833433445,0.16328777141392348,2.8733103119907617
2020-11-10,19.48,25.26,16.35,85.97,1.72,1.286475849288864,17.32,17.32,33.88115342886784,26.060705594416564,13.336400000000001,2.6722335399299952,10.664166460070007,2.538252839111614,2.1821359657842545,0.3561168733273594,0.15775547682225885,3.1576912698572905
2020-11-11,17.83,20.04,16.06,93.78,1.69,1.2640373170338255,12.97,12.97,33.81257535560641,26.00795671202534,9.9869,1.6445393545586384,8.342360645441362,2.084672094750789,1.9550054904572898,0.12966660429349908,0.1312461730865478,2.1965934144543393
2020-11-12,19.32,24.13,16.0,84.96,1.38,1.0321724837317627,16.68,16.68,33.7449050361046,25.955906055670933,12.8436,2.6209800900347653,10.222619909965236,2.412783348190551,2.0499007326226923,0.36288261556785883,0.15014444872369295,3.0058448572909753
2020-11-13,18.52,22.01,16.0,88.71,1.65,1.2341192740271076,15.16,15.16,33.67820804266931,25.90460406226038,11.6732,2.2496185333162195,9.42358146668378,2.2319149099229794,1.9799317165926749,0.2519831933303045,0.1397592618749799,2.6430144249331553
2020-11-14,19.89,24.63,16.45,81.43,1.76,1.3163938922955818,13.81,13.81,33.612549140913025,25.85410054820748,10.633700000000001,1.9091529580756617,8.724547041924339,2.484921222252318,2.0234713512800626,0.4614498709722552,0.1539488405194889,2.7394076387213397
2020-11-15,18.52,22.03,16.33,83.36,1.93,1.4435455750741322,18.66,18.66,33.54799222034409,25.804444656044268,14.3682,3.324138324138706,11.044061675861293,2.2528691794445646,1.877991747984989,0.3748774314595755,0.14107138772191335,3.1902353904157827
2020-11-16,18.86,22.84,15.13,77.29,1.02,0.762910096671303,15.64,15.64,33.48460022621219,25.75568480199789,12.042800000000002,2.6090337731015585,9.433766226898443,2.251017772242233,1.739811636166022,0.5112061360762108,0.1405815245555123,2.835482546165799
2020-11-17,18.44,22.07,16.53,86.62,1.62,1.2116807417720696,10.25,10.25,33.422435092670675,25.707868624580428,7.8925,0.9713949303078363,6.921105069692164,2.2679972892709075,1.9645392519664602,0.3034580373044473,0.14210755374933864,2.0682318728009577
2020-11-18,19.46,24.39,15.98,80.55,1.54,1.151844655758634,17.48,17.48,33.361557677313684,25.66104293423614,13.4596,2.979957522575817,10.479642477424182,2.435224724772088,1.961573515803917,0.47365120896817103,0.15137573488666456,3.1827003471005804
2020-11-19,19.98,24.7,16.85,82.48,1.34,1.002254440725045,16.14,16.14,33.30202769714323,25.61525366408863,12.427800000000001,2.5374677642767787,9.890332235723223,2.515498049698287,2.074782791391147,0.44071525830713965,0.15573416005979837,3.0036938709383287
2020-11-20,20.2,26.58,16.19,77.92,1.36,1.017213462228404,17.26,17.26,33.24390366601824,25.57054582182791,13.290200000000002,2.8732477039584072,10.416952296041595,2.659448694021507,2.0722424223815583,0.5872062716399489,0.16436490901084191,3.297066036053443
2020-11-21,19.59,24.73,16.14,81.17,1.72,1.286475849288864,18.24,18.24,33.18724283363433,25.526963442774854,14.044799999999999,3.1730557202989935,10.871744279701005,2.4758987353844963,2.009687003511596,0.46621173187290044,0.15374833969290969,3.3009633940376983
2020-11-22,20.43,25.35,16.85,80.81,1.25,0.9349388439599301,18.36,18.36,33.132101126080116,25.484549544158302,14.1372,3.1617340914617422,10.975465908538258,2.5769043315823668,2.0823963903517106,0.4945079412306561,0.15897919811192157,3.345961240778403
2020-11-23,20.42,25.51,16.32,79.87,1.4,1.0471315052351216,16.23,16.23,33.07853308801316,25.443346080637962,12.497100000000001,2.6239373674207136,9.873162632579287,2.5605398079400348,2.045103144601706,0.5154366633383289,0.15798186658319602,3.0722357335701953
2020-11-24,19.92,23.87,16.87,83.1,0.98,0.7329920536645851,11.44,11.44,33.02659182649541,25.40339390110374,8.8088,1.3211364920178257,7.487663507982174,2.441268284056865,2.028693944051255,0.4125743400056101,0.15120912325524627,2.2876536252324358
2020-11-25,19.88,25.23,17.18,82.12,1.61,1.20420123102039,17.48,17.48,32.9763289565256,25.36473270678036,13.4596,2.9087353688687902,10.55086463113121,2.5856900655452284,2.123368681825742,0.4623213837194866,0.16020425139891858,3.235002709371776
2020-11-26,20.95,28.07,15.94,73.78,1.59,1.1892422095170312,16.3,16.3,32.92779454830303,25.32740101066372,12.551,2.683992910173379,9.867007089826622,2.803346978685146,2.068309400873901,0.7350375778112452,0.17225353714491262,3.3281278712911853
2020-11-27,19.59,23.43,16.92,80.34,1.23,0.9199798224565712,13.9,13.9,32.88103707625506,25.291436098313866,10.703000000000001,2.0698833662931473,8.633116633706853,2.405634068786774,1.9326864108632944,0.4729476579234797,0.1493850449934607,2.656725550833831
2020-11-28,20.24,26.25,16.28,75.76,1.29,0.9648568869666478,15.62,15.62,32.83610336985756,25.25687399002704,12.0274,2.5472594157485284,9.480140584251473,2.6312497915203177,1.9934348420557928,0.6378149494645249,0.16257158881411854,3.0620160943970745
2020-11-29,20.79,27.73,16.69,75.27,1.32,0.9872954192216863,19.05,19.05,32.793038566275875,25.22374940440808,14.668500000000002,3.4148903646296613,11.25360963537034,2.810449617325804,2.115425426961133,0.6950241903646712,0.17290414432448684,3.6340200558681692
2020-11-30,21.09,27.71,17.24,75.37,1.25,0.9349388439599301,18.55,18.55,32.75188606485105,25.19209572336213,14.2835,3.26505330273441,11.01844669726559,2.8419847179366697,2.142003881908868,0.6999808360278017,0.17443847789676162,3.565633166309372
2020-12-01,20.22,25.42,17.34,80.73,1.36,1.017213462228404,15.16,15.16,32.71268748345448,25.161944958523517,11.6732,2.338842906254311,9.33435709374569,2.6138868992315825,2.1101908937496567,0.5036960054819257,0.16152390992054716,2.926964918856623
2020-12-02,20.69,27.27,16.75,79.51,1.28,0.9573773762149684,15.49,15.49,32.675482616731585,25.1333277191376,11.9273,2.3802961874536366,9.547003812546365,2.764724458477666,2.1982324169355922,0.5664920415420736,0.17022293077552406,3.052559579819347
2020-12-03,20.45,26.79,16.6,78.18,1.31,0.9798159084700068,13.38,13.38,32.6403093962539,25.10627318141057,10.3026,1.8708381022165348,8.431761897783465,2.7054009242647656,2.115082442590194,0.5903184816745717,0.16688074896651162,2.7554254686512
2020-12-04,20.95,28.88,14.45,70.7,1.82,1.3612709568056582,20.68,20.68,32.607203852596626,25.08080905934027,15.9236,4.045756330540312,11.877843669459688,2.8119366271170723,1.9880391953717702,0.8238974317453021,0.17278133385951142,4.002945325949622
2020-12-05,21.32,28.05,16.57,73.17,1.68,1.2565578062821459,20.28,20.28,32.57620007935765,25.056961577040315,15.6156,3.8452662351101274,11.770333764889873,2.8382505127947155,2.0767479002118936,0.7615026125828219,0.17389955245513092,3.8925932239053718
2020-12-06,19.92,23.73,17.3,83.0,1.0,0.7479510751679441,19.75,19.75,32.54733019913191,25.034755442568283,15.2075,3.6569584252236473,11.550541574776352,2.4553887874780247,2.0379726936067604,0.4174160938712643,0.1520837296867394,3.403417030192871
2020-12-07,21.33,28.7,16.39,73.72,1.44,1.0770495482418394,16.44,16.44,32.520624331454464,25.014213823268143,12.658800000000001,2.731825059513752,9.92697494048625,2.900416146447142,2.1381867831608328,0.7622293632863091,0.17769469756670184,3.3504087082908565
2020-12-08,20.67,26.54,16.88,77.38,1.14,0.8526642256914563,15.74,15.74,32.49611056272349,24.995358322635653,12.1198,2.557980192580622,9.561819807419377,2.6966442986733705,2.086663358313454,0.6099809403599163,0.16605700902908377,3.0523070030651076
2020-12-09,20.77,28.19,15.84,72.19,1.6,1.1967217202687106,16.51,16.51,32.473814918114094,24.978208958714998,12.712700000000002,2.8449253097849576,9.867774690215043,2.810868277210127,2.0291658093179907,0.7817024678921363,0.17295670567138982,3.3725389863794244
2020-12-10,20.73,27.2,16.2,76.23,1.59,1.1892422095170312,18.77,18.77,32.453761335492295,24.962784144033964,14.4529,3.4146403223981645,11.038259677601836,2.724516716471653,2.0768990929663413,0.6476176235053117,0.16769535227933616,3.5577797184937454
2020-12-11,21.01,27.6,15.56,71.49,1.55,1.1593241665103133,19.69,19.69,32.43597164133792,24.949100667084302,15.1613,3.8322677307239683,11.329032269276032,2.730295982627908,1.9518885979806913,0.7784073846472166,0.1676869421733066,3.741762627330979
2020-12-12,20.95,27.45,16.61,69.13,1.61,1.20420123102039,20.32,20.32,32.42046552868428,24.937173675353375,15.6464,4.087109069402982,11.559290930597019,2.7754543721068226,1.9186716074374461,0.8567827646693764,0.17053965720788064,3.894313941298843
2020-12-13,20.86,29.16,13.51,59.08,1.91,1.4285865535707731,21.77,21.77,32.40726053708187,24.92701665991263,16.7629,4.914727861851231,11.848172138148767,2.795670171087811,1.6516819370786786,1.1439882340091323,0.17190162493662464,4.332861237650484
2020-12-14,21.07,29.0,14.47,65.31,1.75,1.3089143815439022,20.82,20.82,32.396372034592524,24.91864144156788,16.0314,4.336104614972731,11.69529538502727,2.8268488002832846,1.8462149514650132,0.9806338488182713,0.17353631202673578,4.086428623272766
2020-12-15,20.43,26.08,16.7,77.88,1.33,0.9947749299733656,16.31,16.31,32.387813201820336,24.912058158576166,12.5587,2.7483694931690144,9.810330506830987,2.63928225658331,2.0554730214270815,0.5838092351562283,0.1628275336418813,3.118738518518831
2020-12-16,21.0,27.57,17.42,76.69,1.18,0.882582268698174,18.36,18.36,32.38159501798478,24.90727525593353,14.1372,3.231144685037215,10.906055314962785,2.8381132601259207,2.1765490591905685,0.6615642009353522,0.17432226675227996,3.4973659499533407
2020-12-17,21.58,28.59,16.6,69.8,1.85,1.3837094890606967,18.77,18.77,32.3777262490414,24.904299476237664,14.4529,3.5342633841066124,10.918636615893387,2.9004466539573306,2.0245117644622166,0.875934889495114,0.1773535297541156,3.810332154073182
2020-12-18,21.34,27.68,16.8,72.07,1.3,0.9723363977183274,18.93,18.93,32.376213437854915,24.903135852129243,14.5761,3.5594227927747384,11.016677207225262,2.811687997615195,2.026383539881271,0.7853044577339241,0.17224542595148104,3.625416528270957
2020-12-19,20.77,27.5,16.05,72.14,1.52,1.136885634255275,19.29,19.29,32.37706089642946,24.903787700315615,14.853299999999999,3.6963610531945226,11.156938946805477,2.74768601293339,1.9821806897301477,0.7655053232032425,0.16906901147569822,3.683447294282041
2020-12-20,20.64,28.21,14.56,73.98,1.71,1.2789963385371843,20.54,20.54,32.38027070020039,24.906256617180137,15.8158,3.973497569877238,11.84230243012276,2.742014846779149,2.0285425836472144,0.7134722631319348,0.1688901669621041,3.8567276788387974
2020-12-21,21.68,28.64,17.2,72.71,1.56,1.166803677261993,20.69,20.69,32.38584268439176,24.910542475980453,15.931300000000002,3.938181201348016,11.993118798651986,2.9427594391994036,2.1396803882418864,0.8030790509575172,0.17980189409134006,3.9873489545031706
2020-12-22,20.44,25.91,16.67,77.73,1.36,1.017213462228404,19.42,19.42,32.39377444244357,24.916643425638746,14.953400000000002,3.6334026090490883,11.319997390950913,2.6205864474849196,2.036981845630028,0.5836046018548915,0.16166157156890582,3.528780316641053
2020-12-23,19.37,23.34,16.31,81.89,1.21,0.9050208009532122,19.2,19.2,32.40406132651251,24.924555891126893,14.783999999999999,3.6255440092263624,11.158455990773636,2.361168940285549,1.933561245199836,0.42760769508571306,0.14687530943018864,3.282419160158481
2020-12-24,20.75,27.43,15.8,76.05,1.62,1.2116807417720696,18.16,18.16,32.4166964500499,24.93427457544938,13.9832,3.2526345004109487,10.730565499589051,2.7257326340322354,2.072919668181515,0.6528129658507202,0.16774418777205563,3.4833160772181184
2020-12-25,20.76,27.04,16.73,74.32,1.8,1.3463119353022994,18.8,18.8,32.43167069246005,24.94579246322642,14.476,3.4840668281895333,10.991933171810468,2.739268416846066,2.035824287399996,0.70344412944607,0.16856412805720308,3.631112435511361
2020-12-26,19.02,22.31,16.54,87.02,1.68,1.2565578062821459,18.63,18.63,32.448972705842436,24.959100825879883,14.3451,3.3681515485362707,10.97694845146373,2.2881303819482337,1.9911310583713528,0.29699932357688086,0.14272095168874702,3.0990259524861457
2020-12-27,19.54,24.85,16.04,81.62,1.86,1.391188999812376,19.86,19.86,32.46858892382026,24.97418922842407,15.2922,3.7159381325790832,11.576261867420916,2.481260882968241,2.0252051326786784,0.4560557502895626,0.15414131529858638,3.482717276552604
2020-12-28,19.21,23.87,15.92,80.78,1.18,0.882582268698174,19.77,19.77,32.490503572458074,24.9910455378633,15.2229,3.786577508255274,11.436322491744725,2.3848648499933565,1.9264938258246334,0.4583710241687231,0.14853442706106737,3.387141720841064
2020-12-29,19.35,25.23,15.14,79.39,1.74,1.3014348707922228,17.63,17.63,32.51469868327068,25.00965593319814,13.575099999999999,3.1534084083276865,10.421691591672312,2.4661071729714994,1.9578424846220732,0.5082646883494262,0.1534268480979444,3.2259089180739067
2020-12-30,19.01,22.74,16.79,88.32,1.05,0.7853486289263413,18.53,18.53,32.54115410832473,25.030004917041218,14.2681,3.255596176545096,11.012503823454905,2.3388252231761,2.0656504371091318,0.27317478606696843,0.145894399795354,3.130305632015716
2020-12-31,18.94,22.67,16.3,86.73,1.45,1.0845290589935188,19.92,19.92,32.569847537434505,25.052075328843873,15.338400000000002,3.699733041409368,11.638666958590633,2.3036353374956464,1.997942928209974,0.3056924092856723,0.1437778002222375,3.2912757155535037
