indicador,valor
temperatura_media_c,18.810000000000002
temperatura_maxima_c,26.57
temperatura_minima_c,11.33
precipitacion_total_mm,20.49
precipitacion_media_diaria_mm,2.927142857142857
precipitacion_maxima_diaria_mm,17.8
dias_secos,5.0
dias_con_lluvia,2.0
humedad_relativa_media_pct,74.85571428571428
radiacion_media_kwh_m2_dia,20.78857142857143
viento_medio_m_s,1.885714285714286
humedad_superficial_media_m3_m3,0.17204049229621882
humedad_superficial_min_m3_m3,0.1519648991525172
humedad_superficial_max_m3_m3,0.2092947158962487
humedad_raiz_media_m3_m3,0.13585567713848173
humedad_raiz_min_m3_m3,0.1286009605973958
humedad_raiz_max_m3_m3,0.1473568398505449
saturacion_superficial_media,0.40130639927727835
saturacion_raiz_media,0.31690679756658413
temperatura_suelo_media_c,18.96093684605192
temperatura_suelo_min_c,18.47617111206057
temperatura_suelo_max_c,19.61197433471682
cambio_humedad_superficial_m3_m3,-0.0573298167437315
cambio_humedad_raiz_m3_m3,-0.018755879253149088
porcentaje_dias_secos,71.42857142857143
