rotacion,numero_etapa,cultivo,cantidad_registros,duracion_promedio_dias,precipitacion_promedio_mm,ETo_promedio_mm,ETc_promedio_mm,balance_promedio_mm,demanda_no_cubierta_promedio_mm,cobertura_promedio_pct,humedad_suelo_promedio,percentil_humedad_promedio,dias_P10_promedio,porcentaje_P10_promedio
Lycopersicon esculentum → Oryza sativa,1,Lycopersicon esculentum,9,110.0,352.0156,420.1444,425.6629,-73.6473,288.054,77.551,0.1309,39.9483,16.0,14.5455
Lycopersicon esculentum → Oryza sativa,2,Oryza sativa,9,130.0,255.9811,480.955,551.7596,-295.7785,404.8329,46.3839,0.139,63.0636,0.4444,0.3419
Lycopersicon esculentum → Oryza sativa → Solanum tuberosum,1,Lycopersicon esculentum,1,110.0,486.66,425.9743,434.1352,52.5248,302.5723,100.0,0.1276,32.0945,35.0,31.8182
Lycopersicon esculentum → Oryza sativa → Solanum tuberosum,2,Oryza sativa,1,130.0,265.97,491.5424,564.1531,-298.1831,389.2811,47.145,0.1354,51.7373,2.0,1.5385
Lycopersicon esculentum → Oryza sativa → Solanum tuberosum,3,Solanum tuberosum,1,125.0,212.48,440.6188,433.1919,-220.7119,357.0376,49.0499,0.1398,65.3516,0.0,0.0
Lycopersicon esculentum → Phaseolus vulgaris,1,Lycopersicon esculentum,7,110.0,393.9757,420.7339,426.312,-32.3363,288.4445,85.8643,0.1298,37.0504,20.0,18.1818
Lycopersicon esculentum → Phaseolus vulgaris,2,Phaseolus vulgaris,7,160.0,311.9443,592.0918,555.9399,-243.9956,398.5535,56.1024,0.1389,62.8339,0.5714,0.3571
Lycopersicon esculentum → Solanum tuberosum,1,Lycopersicon esculentum,9,110.0,352.0156,420.1444,425.6629,-73.6473,288.054,77.551,0.1309,39.9483,16.0,14.5455
Lycopersicon esculentum → Solanum tuberosum,2,Solanum tuberosum,9,125.0,252.5711,463.374,459.0522,-206.4811,328.6263,55.003,0.1389,62.9582,0.4444,0.3556
Lycopersicon esculentum → Solanum tuberosum → Oryza sativa,1,Lycopersicon esculentum,1,110.0,486.66,425.9743,434.1352,52.5248,302.5723,100.0,0.1276,32.0945,35.0,31.8182
Lycopersicon esculentum → Solanum tuberosum → Oryza sativa,2,Solanum tuberosum,1,125.0,260.43,474.2329,469.7413,-209.3113,310.8768,55.4412,0.1349,50.2116,2.0,1.6
Lycopersicon esculentum → Solanum tuberosum → Oryza sativa,3,Oryza sativa,1,130.0,218.02,457.9283,524.5753,-306.5553,431.0086,41.5612,0.1401,66.295,0.0,0.0
Lycopersicon esculentum → Zea mays,1,Lycopersicon esculentum,3,110.0,465.8567,427.6777,433.4235,32.4332,303.0061,99.6647,0.1271,30.2327,32.3333,29.3939
Lycopersicon esculentum → Zea mays,2,Zea mays,3,215.0,417.3833,787.6452,765.8459,-348.4625,566.532,54.4866,0.1389,62.4737,1.3333,0.6202
Oryza sativa → Lycopersicon esculentum,1,Oryza sativa,9,130.0,396.3033,496.1894,568.8548,-172.5514,393.0929,69.4948,0.1317,41.9464,16.2222,12.4786
Oryza sativa → Lycopersicon esculentum,2,Lycopersicon esculentum,9,110.0,211.6933,404.91,410.2829,-198.5895,300.5347,51.4677,0.1396,64.9049,0.2222,0.202
Oryza sativa → Lycopersicon esculentum → Solanum tuberosum,1,Oryza sativa,1,130.0,502.69,503.6413,577.7748,-75.0848,420.7835,87.0045,0.1275,31.1049,35.0,26.9231
Oryza sativa → Lycopersicon esculentum → Solanum tuberosum,2,Lycopersicon esculentum,1,110.0,249.94,413.8754,419.6042,-169.6642,274.0275,59.5657,0.137,56.4783,2.0,1.8182
Oryza sativa → Lycopersicon esculentum → Solanum tuberosum,3,Solanum tuberosum,1,125.0,212.48,440.6188,433.1919,-220.7119,357.0376,49.0499,0.1398,65.3516,0.0,0.0
Oryza sativa → Phaseolus vulgaris,1,Oryza sativa,6,130.0,457.8467,498.8118,571.6907,-113.8441,397.6936,79.9869,0.1298,36.8892,23.3333,17.9487
Oryza sativa → Phaseolus vulgaris,2,Phaseolus vulgaris,6,160.0,315.6,587.2665,551.9804,-236.3804,404.7876,57.1226,0.1395,64.634,0.3333,0.2083
Oryza sativa → Solanum tuberosum,1,Oryza sativa,8,130.0,409.4938,496.6806,569.4519,-159.9582,394.763,71.738,0.1311,40.2485,18.0,13.8462
Oryza sativa → Solanum tuberosum,2,Solanum tuberosum,8,125.0,248.2038,460.484,456.3292,-208.1255,332.9913,54.3215,0.1396,65.0694,0.25,0.2
Oryza sativa → Solanum tuberosum → Lycopersicon esculentum,1,Oryza sativa,1,130.0,502.69,503.6413,577.7748,-75.0848,420.7835,87.0045,0.1275,31.1049,35.0,26.9231
Oryza sativa → Solanum tuberosum → Lycopersicon esculentum,2,Solanum tuberosum,1,125.0,287.37,470.4652,465.9458,-178.5758,302.8365,61.6746,0.1376,58.7056,2.0,1.6
Oryza sativa → Solanum tuberosum → Lycopersicon esculentum,3,Lycopersicon esculentum,1,110.0,175.05,384.0291,385.2095,-210.1595,322.7309,45.4428,0.1395,64.0306,0.0,0.0
Oryza sativa → Zea mays,1,Oryza sativa,2,130.0,506.215,504.1927,578.2329,-72.0179,414.8824,87.5447,0.1272,30.3064,35.0,26.9231
Oryza sativa → Zea mays,2,Zea mays,2,215.0,409.425,780.2636,758.089,-348.664,570.1379,54.004,0.1395,64.0916,1.0,0.4651
Phaseolus vulgaris → Lycopersicon esculentum,1,Phaseolus vulgaris,7,160.0,499.85,610.1339,572.3114,-72.4614,382.2613,87.1202,0.1319,42.6189,20.5714,12.8571
Phaseolus vulgaris → Lycopersicon esculentum,2,Lycopersicon esculentum,7,110.0,206.07,402.6917,407.6618,-201.5918,307.7288,50.4592,0.1401,66.4541,0.0,0.0
Phaseolus vulgaris → Oryza sativa,1,Phaseolus vulgaris,6,160.0,522.9233,611.8186,573.1768,-50.2534,383.9438,91.019,0.1312,40.6962,23.6667,14.7917
Phaseolus vulgaris → Oryza sativa,2,Oryza sativa,6,130.0,250.5233,474.2597,544.1458,-293.6225,417.2019,45.9948,0.14,66.351,0.0,0.0
Phaseolus vulgaris → Solanum tuberosum,1,Phaseolus vulgaris,6,160.0,522.9233,611.8186,573.1768,-50.2534,383.9438,91.019,0.1312,40.6962,23.6667,14.7917
Phaseolus vulgaris → Solanum tuberosum,2,Solanum tuberosum,6,125.0,240.4517,457.4303,452.8712,-212.4195,342.2186,53.0751,0.1401,66.4741,0.0,0.0
Solanum tuberosum → Lycopersicon esculentum,1,Solanum tuberosum,9,125.0,383.79,476.9467,472.3113,-88.5213,318.6376,79.0938,0.1315,41.4967,16.2222,12.9778
Solanum tuberosum → Lycopersicon esculentum,2,Lycopersicon esculentum,9,110.0,220.7967,406.5717,411.8813,-191.0846,298.1579,53.5203,0.1394,64.3363,0.2222,0.202
Solanum tuberosum → Lycopersicon esculentum → Oryza sativa,1,Solanum tuberosum,1,125.0,502.1,482.7545,480.9003,21.1997,338.7374,100.0,0.1276,31.4899,35.0,28.0
Solanum tuberosum → Lycopersicon esculentum → Oryza sativa,2,Lycopersicon esculentum,1,110.0,244.99,417.4528,422.2581,-177.2681,278.9584,58.019,0.1359,53.3692,2.0,1.8182
Solanum tuberosum → Lycopersicon esculentum → Oryza sativa,3,Oryza sativa,1,130.0,218.02,457.9283,524.5753,-306.5553,431.0086,41.5612,0.1401,66.295,0.0,0.0
Solanum tuberosum → Oryza sativa,1,Solanum tuberosum,8,125.0,397.3662,477.5025,472.9677,-75.6014,319.684,81.6158,0.1309,39.8809,18.0,14.4
Solanum tuberosum → Oryza sativa,2,Oryza sativa,8,130.0,260.3312,479.6622,550.2574,-289.9261,406.2819,47.2862,0.1394,64.4682,0.25,0.1923
Solanum tuberosum → Oryza sativa → Lycopersicon esculentum,1,Solanum tuberosum,1,125.0,502.1,482.7545,480.9003,21.1997,338.7374,100.0,0.1276,31.4899,35.0,28.0
Solanum tuberosum → Oryza sativa → Lycopersicon esculentum,2,Oryza sativa,1,130.0,287.96,491.352,563.1955,-275.2355,380.3187,51.1297,0.1371,57.2738,2.0,1.5385
Solanum tuberosum → Oryza sativa → Lycopersicon esculentum,3,Lycopersicon esculentum,1,110.0,175.05,384.0291,385.2095,-210.1595,322.7309,45.4428,0.1395,64.0306,0.0,0.0
Solanum tuberosum → Phaseolus vulgaris,1,Solanum tuberosum,6,125.0,449.2567,479.2407,473.929,-24.6723,321.2988,91.6798,0.1297,36.5667,23.3333,18.6667
Solanum tuberosum → Phaseolus vulgaris,2,Phaseolus vulgaris,6,160.0,314.1183,590.0082,554.1399,-240.0216,403.0689,56.668,0.1393,64.0614,0.3333,0.2083
Solanum tuberosum → Zea mays,1,Solanum tuberosum,2,125.0,503.3,483.2821,481.3015,21.9985,338.7472,100.0,0.1273,30.6506,35.0,28.0
Solanum tuberosum → Zea mays,2,Zea mays,2,215.0,408.045,783.7366,760.9797,-352.9347,571.0334,53.6156,0.1394,63.8543,1.0,0.4651
Zea mays → Lycopersicon esculentum,1,Zea mays,3,215.0,682.1,826.0867,797.4303,-115.3303,543.533,85.5376,0.1315,41.8764,33.6667,15.6589
Zea mays → Lycopersicon esculentum,2,Lycopersicon esculentum,3,110.0,201.14,389.2362,393.6618,-192.5218,318.0209,51.006,0.1416,70.4909,0.0,0.0
Zea mays → Oryza sativa,1,Zea mays,2,215.0,684.32,825.6489,799.4796,-115.1596,546.7779,85.5966,0.1312,40.9495,36.0,16.7442
Zea mays → Oryza sativa,2,Oryza sativa,2,130.0,231.32,458.8074,525.8516,-294.5316,424.4321,43.9862,0.1409,68.5799,0.0,0.0
Zea mays → Solanum tuberosum,1,Zea mays,2,215.0,684.32,825.6489,799.4796,-115.1596,546.7779,85.5966,0.1312,40.9495,36.0,16.7442
Zea mays → Solanum tuberosum,2,Solanum tuberosum,2,125.0,227.025,441.3699,436.2264,-209.2014,354.1049,52.0328,0.1414,70.047,0.0,0.0
