fecha_inicio_escenario,fecha_fin_escenario,rotacion,numero_etapas,duracion_total_dias,precipitacion_total_mm,ETo_total_mm,ETc_total_mm,balance_P_ETc_total_mm,demanda_no_cubierta_total_mm,cobertura_precipitacion_pct,sm_rootzone_media,percentil_humedad_medio,dias_humedad_menor_P10,porcentaje_dias_menor_P10,condicion_balance,condicion_humedad
2020-01-01,2020-08-27,Lycopersicon esculentum → Oryza sativa,2,240,752.6300000000001,917.516721449703,998.2882950076192,-245.65829500761936,691.8533707993954,75.39204894656767,0.13182745893718664,42.73436229116363,37,15.416666666666668,Negativo,Inferior a la mediana
2020-01-01,2020-12-30,Lycopersicon esculentum → Oryza sativa → Solanum tuberosum,3,365,965.1100000000001,1358.135517207816,1431.4802331635296,-466.37023316352986,1048.8909313393528,67.42042101881736,0.13455962246819705,50.47998957469757,37,10.136986301369863,Negativo,Superior a la mediana
2020-01-01,2020-09-26,Lycopersicon esculentum → Phaseolus vulgaris,2,270,808.4200000000001,1031.648576196592,1000.4639012474889,-192.04390124748895,671.0923302288729,80.80451468483497,0.13283643092339226,45.87657870680419,37,13.703703703703704,Negativo,Inferior a la mediana
2020-01-01,2020-08-22,Lycopersicon esculentum → Solanum tuberosum,2,235,747.09,900.207248639075,903.8765188455809,-156.78651884558082,613.4490574274535,82.6539891703541,0.13146925840051238,41.73127123100783,37,15.74468085106383,Negativo,Inferior a la mediana
2020-01-01,2020-12-30,Lycopersicon esculentum → Solanum tuberosum → Oryza sativa,3,365,965.11,1358.1355172078163,1428.4518110683778,-463.3418110683778,1044.457659222108,67.56335723206288,0.13455962246819705,50.47998957469757,37,10.136986301369863,Negativo,Superior a la mediana
2020-01-01,2020-11-20,Lycopersicon esculentum → Zea mays,2,325,920.81,1221.39476680503,1209.7875729323277,-288.9775729323278,861.531440465772,76.11336242842259,0.13457825054629483,50.57309246393674,37,11.384615384615385,Negativo,Superior a la mediana
2020-01-01,2020-08-27,Oryza sativa → Lycopersicon esculentum,2,240,752.63,917.5167214497033,997.3790642892836,-244.74906428928372,694.8109894841455,75.46077784741874,0.13182745893718667,42.73436229116363,37,15.416666666666668,Negativo,Inferior a la mediana
2020-01-01,2020-12-30,Oryza sativa → Lycopersicon esculentum → Solanum tuberosum,3,365,965.11,1358.1355172078163,1430.5710024451942,-465.4610024451942,1051.848550024103,67.46327154334821,0.13455962246819708,50.47998957469757,37,10.136986301369863,Negativo,Superior a la mediana
2020-01-01,2020-10-16,Oryza sativa → Phaseolus vulgaris,2,290,827.07,1110.704235948974,1147.3769361698887,-320.30693616988884,807.4320132536989,72.08354760562646,0.13318797350893236,46.93869500569448,37,12.758620689655173,Negativo,Inferior a la mediana
2020-01-01,2020-09-11,Oryza sativa → Solanum tuberosum,2,255,790.06,974.1064338936994,1043.7206376193994,-253.66063761939932,723.6199445742628,75.6965007228401,0.13243237969410765,44.63464344766885,37,14.50980392156863,Negativo,Inferior a la mediana
2020-01-01,2020-12-30,Oryza sativa → Solanum tuberosum → Lycopersicon esculentum,3,365,965.1099999999999,1358.1355172078163,1428.9300963290875,-463.8200963290874,1046.3508489918488,67.54074271928077,0.13455962246819714,50.479989574697576,37,10.136986301369863,Negativo,Superior a la mediana
2020-01-01,2020-12-10,Oryza sativa → Zea mays,2,345,920.81,1286.2500462103246,1338.6992757396652,-417.8892757396652,988.0568214942488,68.78393203665767,0.13491342067448545,51.60505493430432,37,10.72463768115942,Negativo,Superior a la mediana
2020-01-01,2020-09-26,Phaseolus vulgaris → Lycopersicon esculentum,2,270,808.4200000000001,1031.648576196592,1004.2782691347245,-195.8582691347245,683.8454881101654,80.49760956159353,0.13283643092339226,45.876578706804196,37,13.703703703703704,Negativo,Inferior a la mediana
2020-01-01,2020-10-16,Phaseolus vulgaris → Oryza sativa,2,290,827.07,1110.7042359489737,1149.4002226900411,-322.3302226900413,807.0106251722068,71.95665910559303,0.13318797350893238,46.9386950056945,37,12.758620689655173,Negativo,Inferior a la mediana
2020-01-01,2020-10-11,Phaseolus vulgaris → Solanum tuberosum,2,285,821.08,1091.8375151884838,1054.6201307170543,-233.5401307170543,730.4756490550762,77.85552125216249,0.13307168380144907,46.55840532280189,37,12.982456140350877,Negativo,Inferior a la mediana
2020-01-01,2020-08-22,Solanum tuberosum → Lycopersicon esculentum,2,235,747.0899999999999,900.2072486390751,903.1583922835625,-156.06839228356245,617.6957744918968,82.71970967473862,0.13146925840051243,41.73127123100783,37,15.74468085106383,Negativo,Inferior a la mediana
2020-01-01,2020-12-30,Solanum tuberosum → Lycopersicon esculentum → Oryza sativa,3,365,965.1099999999999,1358.1355172078163,1427.7336845063594,-462.62368450635944,1048.7043762865515,67.5973404895667,0.1345596224681971,50.47998957469757,37,10.136986301369863,Negativo,Superior a la mediana
2020-01-01,2020-09-11,Solanum tuberosum → Oryza sativa,2,255,790.06,974.1064338936993,1044.0958084775805,-254.0358084775806,719.0560947245153,75.66930099566285,0.13243237969410765,44.63464344766885,37,14.50980392156863,Negativo,Inferior a la mediana
2020-01-01,2020-12-30,Solanum tuberosum → Oryza sativa → Lycopersicon esculentum,3,365,965.1099999999999,1358.1355172078163,1429.3052671872686,-464.19526718726866,1041.7869991421014,67.52301430325245,0.13455962246819714,50.479989574697576,37,10.136986301369863,Negativo,Superior a la mediana
2020-01-01,2020-10-11,Solanum tuberosum → Phaseolus vulgaris,2,285,821.0799999999999,1091.8375151884838,1049.9700728505568,-228.8900728505568,722.5762324706993,78.2003241074153,0.13307168380144907,46.55840532280189,37,12.982456140350877,Negativo,Inferior a la mediana
2020-01-01,2020-12-05,Solanum tuberosum → Zea mays,2,340,920.81,1269.5135947639023,1245.4318302713773,-324.62183027137746,905.3807860945853,73.93499809615088,0.1349156119175912,51.63630778484071,37,10.882352941176471,Negativo,Superior a la mediana
2020-01-01,2020-11-20,Zea mays → Lycopersicon esculentum,2,325,920.8100000000001,1221.3947668050303,1203.1292413963208,-282.3192413963208,856.7668908977839,76.53458733421952,0.13457825054629485,50.57309246393675,37,11.384615384615385,Negativo,Superior a la mediana
2020-01-01,2020-12-10,Zea mays → Oryza sativa,2,345,920.8100000000001,1286.2500462103246,1329.3563269342958,-408.54632693429585,973.5678769774474,69.26735754314514,0.1349134206744855,51.60505493430432,37,10.72463768115942,Negativo,Superior a la mediana
2020-01-01,2020-12-05,Zea mays → Solanum tuberosum,2,340,920.8100000000001,1269.5135947639026,1240.0119039002832,-319.2019039002831,897.9018038674276,74.25815809539583,0.13491561191759122,51.636307784840724,37,10.882352941176471,Negativo,Superior a la mediana
2020-01-15,2020-09-10,Lycopersicon esculentum → Oryza sativa,2,240,769.42,914.8403275805367,995.4174480797252,-225.99744807972516,681.2962397844747,77.29621391349927,0.13257508717942973,45.07355990281033,35,14.583333333333334,Negativo,Inferior a la mediana
2020-01-15,2020-10-10,Lycopersicon esculentum → Phaseolus vulgaris,2,270,791.5,1031.4027658462026,1000.58024285226,-209.08024285226,684.6152906342645,79.10410041115198,0.13325329002130903,47.13044238206753,35,12.962962962962962,Negativo,Inferior a la mediana
2020-01-15,2020-09-05,Lycopersicon esculentum → Solanum tuberosum,2,235,764.6500000000001,897.2161118131912,899.8535294499541,-135.2035294499541,607.3349684025713,84.97494036250558,0.13235313855904204,44.35313077442542,35,14.893617021276595,Negativo,Inferior a la mediana
2020-01-15,2020-12-04,Lycopersicon esculentum → Zea mays,2,325,900.3,1210.1042266997274,1196.9130324091375,-296.61303240913753,866.6395739331733,75.21849755348414,0.13514100664510173,52.30464013191795,35,10.76923076923077,Negativo,Superior a la mediana
2020-01-15,2020-09-10,Oryza sativa → Lycopersicon esculentum,2,240,769.42,914.8403275805367,996.9362212186984,-227.51622121869838,681.4229006552912,77.17845772113961,0.1325750871794297,45.07355990281033,35,14.583333333333334,Negativo,Inferior a la mediana
2020-01-15,2020-10-30,Oryza sativa → Phaseolus vulgaris,2,290,845.38,1103.8084289745927,1146.8863770698126,-301.50637706981263,807.0554472483275,73.71087641304685,0.13379004619501778,48.73099254389002,35,12.068965517241379,Negativo,Inferior a la mediana
2020-01-15,2020-09-25,Oryza sativa → Solanum tuberosum,2,255,787.88,972.4335935691533,1044.7815562320502,-256.9015562320503,712.9651082772325,75.41097900325192,0.13301341919337992,46.43645591607582,35,13.725490196078432,Negativo,Inferior a la mediana
2020-01-15,2020-12-24,Oryza sativa → Zea mays,2,345,910.47,1282.662530432066,1333.9445285332058,-423.4745285332059,981.9837973277329,68.25396262925155,0.13476892866302217,51.11679428066492,35,10.144927536231885,Negativo,Superior a la mediana
2020-01-15,2020-10-10,Phaseolus vulgaris → Lycopersicon esculentum,2,270,791.5,1031.4027658462023,1000.076736683373,-208.5767366833731,682.0842983901737,79.14392675755151,0.13325329002130903,47.13044238206752,35,12.962962962962962,Negativo,Inferior a la mediana
2020-01-15,2020-10-30,Phaseolus vulgaris → Oryza sativa,2,290,845.3799999999999,1103.8084289745925,1140.3730912014473,-294.99309120144744,799.8356153138941,74.13187898965104,0.13379004619501778,48.730992543890025,35,12.068965517241379,Negativo,Inferior a la mediana
2020-01-15,2020-10-25,Phaseolus vulgaris → Solanum tuberosum,2,285,806.74,1088.359417530902,1047.807622315442,-241.06762231544184,723.6644071249159,76.9931409944574,0.1336848489025182,48.39803511511839,35,12.280701754385964,Negativo,Inferior a la mediana
2020-01-15,2020-09-05,Solanum tuberosum → Lycopersicon esculentum,2,235,764.6500000000001,897.216111813191,901.8807865531394,-137.23078655313947,612.1406546727121,84.7839327991878,0.13235313855904204,44.35313077442542,35,14.893617021276595,Negativo,Inferior a la mediana
2020-01-15,2020-09-25,Solanum tuberosum → Oryza sativa,2,255,787.8800000000001,972.4335935691535,1042.1256071869673,-254.24560718696722,713.7416905546061,75.60317053591477,0.13301341919337994,46.43645591607582,35,13.725490196078432,Negativo,Inferior a la mediana
2020-01-15,2020-10-25,Solanum tuberosum → Phaseolus vulgaris,2,285,806.74,1088.359417530902,1051.7474162792564,-245.00741627925646,734.9696650794565,76.704728484524,0.1336848489025182,48.39803511511839,35,12.280701754385964,Negativo,Inferior a la mediana
2020-01-15,2020-12-19,Solanum tuberosum → Zea mays,2,340,901.8800000000001,1264.5239382447062,1239.130487302559,-337.250487302559,914.1804010769749,72.78329516072893,0.13494592832456165,51.65784980939443,35,10.294117647058822,Negativo,Superior a la mediana
2020-01-15,2020-12-04,Zea mays → Lycopersicon esculentum,2,325,900.3000000000001,1210.1042266997276,1187.6528274077732,-287.35282740777336,857.5113628997744,75.80498098632384,0.1351410066451017,52.30464013191795,35,10.76923076923077,Negativo,Superior a la mediana
2020-01-15,2020-12-24,Zea mays → Oryza sativa,2,345,910.47,1282.662530432066,1321.3061290655614,-410.83612906556147,968.8521077241767,68.90681727510731,0.1347689286630222,51.11679428066492,35,10.144927536231885,Negativo,Superior a la mediana
2020-01-15,2020-12-19,Zea mays → Solanum tuberosum,2,340,901.8800000000001,1264.5239382447062,1231.4000759857968,-329.5200759857967,903.8638198891713,73.24020987070351,0.13494592832456168,51.65784980939442,35,10.294117647058822,Negativo,Superior a la mediana
2020-02-01,2020-09-27,Lycopersicon esculentum → Oryza sativa,2,240,712.9300000000001,921.8024457723326,993.9784962145545,-281.0484962145545,680.2640947551647,71.72489170692391,0.13310621764976518,46.60283967627314,29,12.083333333333334,Negativo,Inferior a la mediana
2020-02-01,2020-10-27,Lycopersicon esculentum → Phaseolus vulgaris,2,270,731.74,1037.1516116761295,1003.85742463682,-272.1174246368201,702.4266035721064,72.89282143475026,0.13380912558899974,48.67236370811828,29,10.74074074074074,Negativo,Inferior a la mediana
2020-02-01,2020-09-22,Lycopersicon esculentum → Solanum tuberosum,2,235,711.44,902.6381062097868,900.62226276056,-189.18226276056,605.6015380729327,78.99427200692504,0.13302296213013048,46.36645821952158,29,12.340425531914894,Negativo,Inferior a la mediana
2020-02-01,2020-12-21,Lycopersicon esculentum → Zea mays,2,325,828.6100000000001,1214.4695570203457,1191.107480120869,-362.4974801208691,880.4430754286725,69.56635012617971,0.13503062411856184,51.806241096668394,29,8.923076923076923,Negativo,Superior a la mediana
2020-02-01,2020-09-27,Oryza sativa → Lycopersicon esculentum,2,240,712.9300000000001,921.8024457723324,1001.5682035922871,-288.638203592287,687.7600361598322,71.18137311497718,0.13310621764976518,46.60283967627314,29,12.083333333333334,Negativo,Inferior a la mediana
2020-02-01,2020-11-16,Oryza sativa → Phaseolus vulgaris,2,290,825.3,1096.4278419801644,1139.9396982811231,-314.6396982811233,811.9157372347029,72.39856645438721,0.13470028689580735,51.11826173309472,29,10.0,Negativo,Superior a la mediana
2020-02-01,2020-10-12,Oryza sativa → Solanum tuberosum,2,255,731.56,981.7650668792846,1051.809301595028,-320.24930159502816,731.3954568170756,69.55253189818892,0.13337850225176287,47.42042567295054,29,11.372549019607844,Negativo,Inferior a la mediana
2020-02-01,2020-10-27,Phaseolus vulgaris → Lycopersicon esculentum,2,270,731.74,1037.1516116761295,995.8952317650578,-264.15523176505786,688.901244938454,73.47560031019661,0.13380912558899977,48.67236370811828,29,10.74074074074074,Negativo,Inferior a la mediana
2020-02-01,2020-11-16,Phaseolus vulgaris → Oryza sativa,2,290,825.3,1096.4278419801647,1120.6163121453087,-295.3163121453088,793.3001077614206,73.64697363900093,0.13470028689580735,51.11826173309471,29,10.0,Negativo,Superior a la mediana
2020-02-01,2020-11-11,Phaseolus vulgaris → Solanum tuberosum,2,285,824.75,1082.0138571226375,1031.4727163039956,-206.72271630399578,716.0548539870704,79.95848915473685,0.13445982546137078,50.44824605043861,29,10.175438596491228,Negativo,Superior a la mediana
2020-02-01,2020-09-22,Solanum tuberosum → Lycopersicon esculentum,2,235,711.4399999999998,902.6381062097867,898.5392193404664,-187.09921934046645,598.4634855926009,79.17740090657382,0.13302296213013054,46.36645821952158,29,12.340425531914894,Negativo,Inferior a la mediana
2020-02-01,2020-10-12,Solanum tuberosum → Oryza sativa,2,255,731.56,981.7650668792846,1043.4146358152452,-311.85463581524516,720.2765101710021,70.11210834975631,0.1333785022517629,47.42042567295056,29,11.372549019607844,Negativo,Inferior a la mediana
2020-02-01,2020-11-11,Solanum tuberosum → Phaseolus vulgaris,2,285,824.75,1082.0138571226375,1041.1617383048215,-216.41173830482128,729.0877220618995,79.21439769221882,0.13445982546137086,50.44824605043861,29,10.175438596491228,Negativo,Superior a la mediana
2020-02-01,2020-12-21,Zea mays → Lycopersicon esculentum,2,325,828.6100000000001,1214.4695570203453,1182.4941264897475,-353.8841264897474,870.3834456324433,70.07307532763329,0.13503062411856184,51.806241096668394,29,8.923076923076923,Negativo,Superior a la mediana
2020-02-15,2020-10-11,Lycopersicon esculentum → Oryza sativa,2,240,709.02,916.018398653119,991.3726713911553,-282.3526713911551,682.7380866396541,71.51901807067763,0.1339071704035934,48.873890130381824,23,9.583333333333334,Negativo,Inferior a la mediana
2020-02-15,2020-11-10,Lycopersicon esculentum → Phaseolus vulgaris,2,270,794.44,1017.4133798707905,989.4742772940219,-195.03427729402193,689.5814993998048,80.28910081145368,0.13496158870488945,51.85295328462994,23,8.518518518518519,Negativo,Superior a la mediana
2020-02-15,2020-10-06,Lycopersicon esculentum → Solanum tuberosum,2,235,699.95,894.6356779890154,894.4214663425687,-194.4714663425685,603.5251089408725,78.25728991749344,0.13375142167143989,48.38215787107546,23,9.787234042553191,Negativo,Inferior a la mediana
2020-02-15,2020-10-11,Oryza sativa → Lycopersicon esculentum,2,240,709.02,916.018398653119,993.2000824919535,-284.1800824919533,680.1169994761441,71.38742862576677,0.1339071704035934,48.873890130381824,23,9.583333333333334,Negativo,Inferior a la mediana
2020-02-15,2020-11-30,Oryza sativa → Phaseolus vulgaris,2,290,808.75,1077.0639897113556,1114.5919407930394,-305.8419407930394,791.05511108825,72.56018731165139,0.1357716332832029,53.926494710280494,23,7.931034482758621,Negativo,Superior a la mediana
2020-02-15,2020-10-26,Oryza sativa → Solanum tuberosum,2,255,715.1899999999999,971.7966764680516,1039.9694811950408,-324.77948119504066,724.3451288599992,68.77028729517784,0.13435530006958563,50.20467674771243,23,9.019607843137255,Negativo,Superior a la mediana
2020-02-15,2020-11-10,Phaseolus vulgaris → Lycopersicon esculentum,2,270,794.44,1017.4133798707905,980.7065657446562,-186.26656574465628,680.7462449828544,81.0069013249419,0.1349615887048895,51.85295328462995,23,8.518518518518519,Negativo,Superior a la mediana
2020-02-15,2020-11-30,Phaseolus vulgaris → Oryza sativa,2,290,808.75,1077.0639897113554,1103.6811569092429,-294.9311569092429,790.3058572660676,73.2775036465087,0.13577163328320294,53.926494710280494,23,7.931034482758621,Negativo,Superior a la mediana
2020-02-15,2020-11-25,Phaseolus vulgaris → Solanum tuberosum,2,285,808.75,1060.8174669726557,1013.7048502521927,-204.95485025219273,713.1497972746939,79.78160504991139,0.13565855597129506,53.61548090170623,23,8.070175438596491,Negativo,Superior a la mediana
2020-02-15,2020-10-06,Solanum tuberosum → Lycopersicon esculentum,2,235,699.95,894.6356779890154,891.7668432978237,-191.81684329782388,598.0238606187722,78.49024722779893,0.13375142167143989,48.38215787107546,23,9.787234042553191,Negativo,Inferior a la mediana
2020-02-15,2020-10-26,Solanum tuberosum → Oryza sativa,2,255,715.19,971.7966764680516,1036.7177690392205,-321.5277690392207,727.6801877883163,68.98598841059736,0.13435530006958563,50.20467674771242,23,9.019607843137255,Negativo,Superior a la mediana
2020-02-15,2020-11-25,Solanum tuberosum → Phaseolus vulgaris,2,285,808.75,1060.817466972656,1019.7385095205722,-210.98850952057228,711.8376490102958,79.30954773692248,0.13565855597129511,53.615480901706235,23,8.070175438596491,Negativo,Superior a la mediana
2020-03-01,2020-10-26,Lycopersicon esculentum → Oryza sativa,2,240,704.78,908.6370230569526,986.4404797289394,-281.66047972893926,690.0917821802138,71.44678411754393,0.1352611768331067,52.611757862985996,13,5.416666666666667,Negativo,Superior a la mediana
2020-03-01,2020-11-25,Lycopersicon esculentum → Phaseolus vulgaris,2,270,798.3399999999999,997.6578135615568,969.461220210291,-171.1212202102909,674.2492434021932,82.3488328730496,0.13653618286674216,55.944597679393524,13,4.814814814814815,Negativo,Superior a la mediana
2020-03-01,2020-10-21,Lycopersicon esculentum → Solanum tuberosum,2,235,704.78,890.0900251420355,890.4761511531124,-185.69615115311214,603.1375434866056,79.14642060737424,0.13516724328015067,52.289803633944764,13,5.531914893617021,Negativo,Superior a la mediana
2020-03-01,2020-10-26,Oryza sativa → Lycopersicon esculentum,2,240,704.78,908.6370230569526,986.1522663817075,-281.37226638170745,681.4925497984465,71.46766518987064,0.13526117683310668,52.61175786298601,13,5.416666666666667,Negativo,Superior a la mediana
2020-03-01,2020-12-15,Oryza sativa → Phaseolus vulgaris,2,290,798.3399999999999,1066.4453812119325,1098.577611355889,-300.23761135588927,789.348058875134,72.67033223211884,0.13656751181095314,56.03468944131436,13,4.482758620689655,Negativo,Superior a la mediana
2020-03-01,2020-11-10,Oryza sativa → Solanum tuberosum,2,255,784.03,954.2537264596915,1022.4807751571525,-238.45077515715244,711.4747855024643,76.67919231826112,0.13584984263733896,54.21539883647082,13,5.098039215686274,Negativo,Superior a la mediana
2020-03-01,2020-11-25,Phaseolus vulgaris → Lycopersicon esculentum,2,270,798.3399999999999,997.6578135615567,965.4238284454792,-167.08382844547938,684.4503784204373,82.6932147806506,0.13653618286674216,55.94459767939351,13,4.814814814814815,Negativo,Superior a la mediana
2020-03-01,2020-12-15,Phaseolus vulgaris → Oryza sativa,2,290,798.3399999999999,1066.4453812119323,1095.1837288970555,-296.8437288970555,803.7383217912059,72.89553149260144,0.13656751181095317,56.03468944131437,13,4.482758620689655,Negativo,Superior a la mediana
2020-03-01,2020-12-10,Phaseolus vulgaris → Solanum tuberosum,2,285,798.3399999999999,1047.2712762638605,1004.1166288462325,-205.77662884623254,727.3060579088243,79.50670042356757,0.13670000725736214,56.45249608097568,13,4.56140350877193,Negativo,Superior a la mediana
2020-03-01,2020-10-21,Solanum tuberosum → Lycopersicon esculentum,2,235,704.78,890.0900251420358,890.6230236608367,-185.84302366083668,607.3164070889898,79.1333685831584,0.13516724328015065,52.28980363394476,13,5.531914893617021,Negativo,Superior a la mediana
2020-03-01,2020-11-10,Solanum tuberosum → Oryza sativa,2,255,784.03,954.2537264596915,1020.8963028687298,-236.86630286872972,717.2399387230637,76.79820152123845,0.13584984263733896,54.21539883647081,13,5.098039215686274,Negativo,Superior a la mediana
2020-03-01,2020-12-10,Solanum tuberosum → Phaseolus vulgaris,2,285,798.3399999999999,1047.2712762638605,1004.6485805898651,-206.30858058986516,714.8125507570413,79.4646023917404,0.13670000725736212,56.45249608097567,13,4.56140350877193,Negativo,Superior a la mediana
2020-03-15,2020-11-09,Lycopersicon esculentum → Oryza sativa,2,240,455.5,897.0894246571488,974.820865212474,-519.3208652124741,696.222682338263,46.72653368993269,0.1366037262875275,55.98872724763909,5,2.083333333333333,Negativo,Superior a la mediana
2020-03-15,2020-12-09,Lycopersicon esculentum → Phaseolus vulgaris,2,270,510.41999999999996,989.7068860126813,958.3311360749722,-447.9111360749721,690.1662308608434,53.26133950844197,0.1374834732842389,58.32381009399426,5,1.8518518518518516,Negativo,Superior a la mediana
2020-03-15,2020-11-04,Lycopersicon esculentum → Solanum tuberosum,2,235,455.5,881.9184787168174,884.6492367187784,-429.1492367187783,619.5617214172905,51.48933397483947,0.1363475204742651,55.429122912648964,5,2.127659574468085,Negativo,Superior a la mediana
2020-03-15,2020-11-09,Oryza sativa → Lycopersicon esculentum,2,240,455.5,897.0894246571488,974.7296860270204,-519.2296860270205,696.8468328762845,46.73090463229958,0.13660372628752754,55.98872724763909,5,2.083333333333333,Negativo,Superior a la mediana
2020-03-15,2020-12-29,Oryza sativa → Phaseolus vulgaris,2,290,535.84,1062.0198310966512,1094.6542218246923,-558.8142218246923,808.0805782463337,48.950617401977574,0.13685630935019455,56.43078301017563,5,1.7241379310344827,Negativo,Superior a la mediana
2020-03-15,2020-11-24,Oryza sativa → Solanum tuberosum,2,255,510.42,940.4162003194997,1007.7336463130168,-497.3136463130169,726.7969624946136,50.65028858245108,0.1373335377879294,57.81583712985529,5,1.9607843137254901,Negativo,Superior a la mediana
2020-03-15,2020-12-09,Phaseolus vulgaris → Lycopersicon esculentum,2,270,510.42,989.7068860126813,959.608572396523,-449.1885723965231,707.5911165142702,53.190437714127434,0.1374834732842389,58.32381009399426,5,1.8518518518518516,Negativo,Superior a la mediana
2020-03-15,2020-12-29,Phaseolus vulgaris → Oryza sativa,2,290,535.84,1062.0198310966512,1094.6810251311017,-558.8410251311016,812.6834496233467,48.94941884425433,0.1368563093501945,56.43078301017563,5,1.7241379310344827,Negativo,Superior a la mediana
2020-03-15,2020-12-24,Phaseolus vulgaris → Solanum tuberosum,2,285,520.59,1045.1939247931862,1004.5656877072939,-483.97568770729384,746.3234430979912,51.82239512760337,0.13689478459653615,56.54132016102405,5,1.7543859649122806,Negativo,Superior a la mediana
2020-03-15,2020-11-04,Solanum tuberosum → Lycopersicon esculentum,2,235,455.5,881.9184787168174,883.8996032702937,-428.3996032702938,619.1379808445072,51.53300197383498,0.13634752047426513,55.429122912648964,5,2.127659574468085,Negativo,Superior a la mediana
2020-03-15,2020-11-24,Solanum tuberosum → Oryza sativa,2,255,510.41999999999996,940.4162003194997,1006.4572955891016,-496.0372955891016,727.1593082756224,50.71452134501543,0.1373335377879294,57.815837129855296,5,1.9607843137254901,Negativo,Superior a la mediana
2020-03-15,2020-12-24,Solanum tuberosum → Phaseolus vulgaris,2,285,520.59,1045.1939247931862,1001.147049274955,-480.55704927495503,732.9223546249791,51.999354178491444,0.13689478459653612,56.54132016102405,5,1.7543859649122806,Negativo,Superior a la mediana
2020-04-01,2020-11-26,Lycopersicon esculentum → Oryza sativa,2,240,493.45,879.8536889427803,957.5869769338321,-464.1369769338321,692.0510308802512,51.53056713239915,0.13816825591105342,60.308110168113394,2,0.8333333333333334,Negativo,Superior a la mediana
2020-04-01,2020-12-26,Lycopersicon esculentum → Phaseolus vulgaris,2,270,506.58,984.7984212238016,953.5948426297938,-447.01484262979375,696.8552062805302,53.12318999156598,0.13755860838487183,58.50594205102959,2,0.7407407407407408,Negativo,Superior a la mediana
2020-04-01,2020-11-21,Lycopersicon esculentum → Solanum tuberosum,2,235,493.45,864.5847077625363,868.5898239441066,-375.1398239441065,614.1013206339101,56.81047444918642,0.13811698251185894,60.0864869806744,2,0.851063829787234,Negativo,Superior a la mediana
2020-04-01,2020-11-26,Oryza sativa → Lycopersicon esculentum,2,240,493.44999999999993,879.8536889427803,958.0513884636637,-464.60138846366374,693.1120812920583,51.50558789871377,0.13816825591105342,60.3081101681134,2,0.8333333333333334,Negativo,Superior a la mediana
2020-04-01,2020-12-11,Oryza sativa → Solanum tuberosum,2,255,493.44999999999993,929.8807864011238,997.2187013962307,-503.76870139623065,736.4732191686005,49.48262595848918,0.138231482272785,60.53985261392965,2,0.7843137254901961,Negativo,Superior a la mediana
2020-04-01,2020-12-26,Phaseolus vulgaris → Lycopersicon esculentum,2,270,506.58000000000004,984.7984212238016,953.8235312117135,-447.2435312117134,702.3118976325054,53.11045318377221,0.13755860838487186,58.5059420510296,2,0.7407407407407408,Negativo,Superior a la mediana
2020-04-01,2020-11-21,Solanum tuberosum → Lycopersicon esculentum,2,235,493.45000000000005,864.5847077625363,869.710897872234,-376.26089787223384,619.0414769641113,56.73724466454725,0.13811698251185894,60.0864869806744,2,0.851063829787234,Negativo,Superior a la mediana
2020-04-01,2020-12-11,Solanum tuberosum → Oryza sativa,2,255,493.45000000000005,929.8807864011239,996.2223478138324,-502.7723478138322,736.2601829044372,49.532115102903994,0.13823148227278498,60.53985261392963,2,0.7843137254901961,Negativo,Superior a la mediana
2020-04-15,2020-12-10,Lycopersicon esculentum → Oryza sativa,2,240,438.29,877.1041705504863,950.7699876417846,-512.4799876417845,708.6560645232437,46.0984260859033,0.13817357455457863,60.23407454205256,2,0.8333333333333334,Negativo,Superior a la mediana
2020-04-15,2020-12-05,Lycopersicon esculentum → Solanum tuberosum,2,235,438.29,860.3677191040642,861.4255646077718,-423.13556460777187,632.9899914132238,50.87961374812045,0.13824610983992505,60.46288759405732,2,0.851063829787234,Negativo,Superior a la mediana
2020-04-15,2020-12-10,Oryza sativa → Lycopersicon esculentum,2,240,438.28999999999996,877.1041705504863,953.4399514827464,-515.1499514827465,717.2091660471174,45.96933444192173,0.1381735745545786,60.23407454205256,2,0.8333333333333334,Negativo,Superior a la mediana
2020-04-15,2020-12-25,Oryza sativa → Solanum tuberosum,2,255,448.99,932.6645420480087,998.5349941037672,-549.5449941037673,754.9640614601235,44.964873805248054,0.13745061437435,58.05746438359756,2,0.7843137254901961,Negativo,Superior a la mediana
2020-04-15,2020-12-05,Solanum tuberosum → Lycopersicon esculentum,2,235,438.28999999999996,860.3677191040642,861.9314575617568,-423.6414575617568,635.7322945462358,50.84975100454514,0.138246109839925,60.46288759405731,2,0.851063829787234,Negativo,Superior a la mediana
2020-04-15,2020-12-25,Solanum tuberosum → Oryza sativa,2,255,448.99,932.6645420480087,995.8706459274864,-546.8806459274865,746.313275623168,45.08517264125615,0.13745061437435,58.05746438359757,2,0.7843137254901961,Negativo,Superior a la mediana
2020-05-01,2020-12-26,Lycopersicon esculentum → Oryza sativa,2,240,435.95,877.0324655032634,948.1271429691772,-512.1771429691772,712.8094452598095,45.98012020147095,0.13802126901767514,59.794365910544165,2,0.8333333333333334,Negativo,Superior a la mediana
2020-05-01,2020-12-21,Lycopersicon esculentum → Solanum tuberosum,2,235,426.13,860.0078115612482,858.5214171145064,-432.3914171145064,650.4215240009107,49.63533716284265,0.13828587304166648,60.58687771199411,2,0.851063829787234,Negativo,Superior a la mediana
2020-05-01,2020-12-26,Oryza sativa → Lycopersicon esculentum,2,240,435.95000000000005,877.0324655032634,950.7816787083248,-514.8316787083246,709.8768645894525,45.85174596467358,0.13802126901767522,59.794365910544165,2,0.8333333333333334,Negativo,Superior a la mediana
2020-05-01,2020-12-21,Solanum tuberosum → Lycopersicon esculentum,2,235,426.13,860.0078115612482,856.2227158364589,-430.0927158364588,643.6069895572596,49.768593161383976,0.13828587304166648,60.5868777119941,2,0.851063829787234,Negativo,Superior a la mediana
