fecha,sm_surface,sm_rootzone,sm_surface_wetness,sm_rootzone_wetness,soil_temp_layer1_celsius,observaciones_smap
2020-01-01,0.20929471589624876,0.1473568398505449,0.48819779232144356,0.34369808435440063,19.61197433471682,8
2020-01-02,0.18893139436841008,0.14180899970233435,0.4406838938593864,0.33079512417316437,18.845517730712913,8
2020-01-03,0.17695266008377072,0.13737623579800126,0.41276657581329346,0.3204614967107773,18.476171112060573,8
2020-01-04,0.1640664283186197,0.13400128483772275,0.3827276937663555,0.3125916309654712,19.129548645019554,8
2020-01-05,0.15800286643207068,0.13179284706711764,0.3685765489935875,0.3073990121483803,19.280740356445335,8
2020-01-06,0.1550704818218946,0.13005257211625573,0.3616903983056545,0.30341737717390055,18.766378021240257,8
2020-01-07,0.15196489915251726,0.12860096059739584,0.3545018918812275,0.2999848574399948,18.616227722167995,8
2020-01-08,0.14840446040034294,0.12701216340065,0.34620724618434906,0.29626321047544474,18.67621765136721,8
2020-01-09,0.14650218933820722,0.12558845616877076,0.3417317867279053,0.29295505210757256,18.435559844970726,8
2020-01-10,0.14682218432426447,0.1245783837512135,0.34248738363385195,0.29059011116623873,18.09219894409182,8
2020-01-11,0.13915498740971086,0.12274061795324083,0.3245791755616665,0.2863074578344822,18.02236709594729,8
2020-01-12,0.13592688366770742,0.12131193000823258,0.31706130132079124,0.2829662188887596,18.650159454345726,8
2020-01-13,0.13838702067732805,0.12019872106611723,0.32282082363963127,0.2803846076130867,18.90155181884768,8
2020-01-14,0.13573513925075525,0.11893116869032379,0.31661638990044594,0.2774190902709961,19.408506011962913,8
2020-01-15,0.1450227592140436,0.11861952114850279,0.3382998034358024,0.27667978778481483,19.72808990478518,8
2020-01-16,0.13915766216814515,0.11748672183603044,0.32460959628224373,0.2740588076412677,20.158479309082054,8
2020-01-17,0.13702455908060068,0.11649038456380362,0.3196125216782093,0.27169318497180933,20.2189765930176,8
2020-01-18,0.14244695566594598,0.11608337890356775,0.33227590844035143,0.2707529403269291,20.516294097900413,8
2020-01-19,0.13787261955440042,0.11521524842828508,0.32160316780209536,0.2687557004392147,20.60769424438479,8
2020-01-20,0.1488088853657245,0.11533278971910473,0.34711044281721115,0.2690130770206451,20.548116302490257,8
2020-01-21,0.20198318921029565,0.12285823468118902,0.47114406153559685,0.28658938407897944,19.833016967773464,8
2020-01-22,0.24133057333528993,0.1535413013771176,0.5629100799560547,0.358158890157938,19.035760498046898,8
2020-01-23,0.2003483474254608,0.1583303194493055,0.46733349934220314,0.36934772506356234,18.732270812988304,8
2020-01-24,0.1917449105530977,0.14766111038625235,0.44726019725203514,0.3444168642163276,19.44448623657229,8
2020-01-25,0.19057094492018217,0.14256058819591996,0.4445257671177387,0.33252494409680367,19.51325759887698,8
2020-01-26,0.1895031780004501,0.13972259871661658,0.4420810006558895,0.3259162083268165,19.507337188720726,8
2020-01-27,0.18878152035176748,0.13763455674052236,0.4403560720384121,0.3210331685841083,19.364209747314476,8
2020-01-28,0.18578809127211568,0.1363557446748018,0.4333815798163414,0.31806351244449615,19.297967529296898,8
2020-01-29,0.18353883177042005,0.1358517315238714,0.4280938021838665,0.3168703764677048,18.94474563598635,8
2020-01-30,0.18825085647404188,0.1359188593924045,0.4391239657998085,0.31705259159207344,19.46814117431643,8
2020-01-31,0.18082460388541216,0.13435955159366125,0.42179468646645546,0.313407864421606,19.036511993408226,8
2020-02-01,0.1768966149538755,0.1330318711698055,0.4126582220196724,0.31030704081058497,19.207856750488304,8
2020-02-02,0.1708677895367145,0.13157876953482622,0.39854881912469864,0.3069257475435734,19.772100067138695,8
2020-02-03,0.17514862492680547,0.13130172900855538,0.4085846208035946,0.30629026144742966,19.46761856079104,8
2020-02-04,0.16086522489786143,0.12903990037739274,0.3752248585224151,0.30098802223801613,19.490762329101585,8
2020-02-05,0.1510390974581241,0.12687733210623262,0.35231061279773707,0.2959488183259964,19.772691345214866,8
2020-02-06,0.14048076607286925,0.12461793143302198,0.32762585207819933,0.29068030789494514,18.549321746826195,8
2020-02-07,0.1362569164484739,0.12282355502247808,0.31781344860792154,0.2864803336560726,18.874692535400413,8
2020-02-08,0.13905725255608556,0.12199854664504522,0.3243552930653095,0.2845868915319443,19.702378845214866,8
2020-02-09,0.1339034307748079,0.12100740335881706,0.31233448162674904,0.2822741791605949,19.417398071289085,8
2020-02-10,0.13379469141364098,0.12004126049578186,0.31205324828624725,0.279996957629919,18.377664184570335,8
2020-02-11,0.13584173284471032,0.11882229242473837,0.3168890215456486,0.27718524634838104,19.7547431945801,8
2020-02-12,0.1318379286676645,0.11750836391001937,0.30754997581243515,0.2741405069828033,20.445886230468776,8
2020-02-13,0.13627954386174676,0.11706445645540949,0.3178960122168064,0.27306025847792625,20.326142883300804,8
2020-02-14,0.1419394519180059,0.11662175226956602,0.3310820981860161,0.2720486633479595,20.185231781005886,8
2020-02-15,0.18152684345841405,0.11973674874752754,0.4234557300806045,0.2792970165610313,20.40829238891604,8
2020-02-16,0.18030094914138312,0.1205395516008138,0.4206032566726208,0.2811815068125725,20.38381729125979,8
2020-02-17,0.17723993025720114,0.12007737252861256,0.41347334533929825,0.28008873760700226,20.239926910400413,8
2020-02-18,0.16615635156631467,0.11846925597637889,0.38756662607192993,0.2763534300029278,20.1742988586426,8
2020-02-19,0.15275115333497521,0.11693551577627653,0.3562893494963646,0.2727622017264366,20.740010833740257,8
2020-02-20,0.1367841865867376,0.11490533314645286,0.31906241551041603,0.26803525909781456,20.57137069702151,8
2020-02-21,0.1483247689902782,0.11496757157146927,0.3459960110485553,0.2681638300418854,20.117299652099632,8
2020-02-22,0.16512037254869932,0.1158179901540279,0.3851789832115173,0.270157303661108,19.184697723388695,8
2020-02-23,0.20626168511807916,0.12387659307569263,0.4811011739075184,0.2889765836298466,19.347726440429714,8
2020-02-24,0.18660810403525827,0.12429289612919087,0.4353099763393402,0.289933979511261,19.408784484863304,8
2020-02-25,0.17041638307273385,0.12185067217797037,0.39754192158579826,0.28421965613961214,20.064424133300804,8
2020-02-26,0.16622561216354367,0.12041305005550382,0.3877544552087783,0.2808741331100464,20.03128967285159,8
2020-02-27,0.18278207443654532,0.12154209148138756,0.42635582387447357,0.2834963984787464,19.610131835937523,8
2020-02-28,0.18511247448623175,0.1234482023864984,0.43181774392724037,0.2879700027406215,19.558698272705104,8
2020-02-29,0.16222508437931532,0.12104623299092052,0.3784164041280746,0.2823634184896946,19.80985794067385,8
2020-03-01,0.15017637051641936,0.1194775784388184,0.3503218851983547,0.27872052788734436,19.95304641723635,8
2020-03-02,0.1554291248321533,0.11873468942940231,0.362529456615448,0.2769537903368473,20.092038726806663,8
2020-03-03,0.1560611259192228,0.11800752766430374,0.36404968798160553,0.2752790339291096,20.617375946044945,8
2020-03-04,0.1432425677776336,0.11600599624216552,0.33413024991750717,0.2705915868282318,20.40840301513674,8
2020-03-05,0.13411165401339525,0.11403349786996836,0.31285448372364044,0.2659795433282852,20.544087982177757,8
2020-03-06,0.13441443257033822,0.11302471533417698,0.31357016041874886,0.2636455036699772,20.66288909912112,8
2020-03-07,0.13263972662389273,0.11205297615379092,0.3094144724309444,0.2614188939332962,20.678643798828148,8
2020-03-08,0.14631408080458636,0.11232027038931842,0.3412844277918338,0.2620065249502659,20.236077880859398,8
2020-03-09,0.21665071509778497,0.12811376340687272,0.5053894855082035,0.2988038696348667,19.477773284912132,8
2020-03-10,0.19043972156941885,0.1304479297250509,0.44424471631646156,0.304274283349514,19.800256347656273,8
2020-03-11,0.1948273181915283,0.12897584214806554,0.45446018874645233,0.30087269842624664,19.59073410034182,8
2020-03-12,0.20677591115236277,0.13057908602058885,0.48237074911594385,0.30457580834627146,19.672071075439476,8
2020-03-13,0.1982328165322542,0.13122898340225214,0.46241338551044464,0.3061205819249153,19.401975250244167,8
2020-03-14,0.20689302310347554,0.13298703916370863,0.48259635269641876,0.3102248609066009,19.543420410156273,8
2020-03-15,0.19984077289700505,0.13451552763581273,0.46610628068447113,0.31378551200032234,19.28621063232424,8
2020-03-16,0.17882760986685753,0.13138463720679278,0.4171440824866295,0.3064858131110668,19.502717590332054,8
2020-03-17,0.16528208926320073,0.12865351699292657,0.3855504989624023,0.3000883683562279,19.705937957763695,8
2020-03-18,0.15790946409106252,0.12652189843356607,0.3683311231434345,0.29511285573244095,19.09149322509768,8
2020-03-19,0.14846404828131193,0.12441115640103813,0.34630904719233513,0.29021940380334854,19.338491058349636,8
2020-03-20,0.1417989172041416,0.12261878605931995,0.33078835532069206,0.28599206358194346,18.82520446777346,8
2020-03-21,0.1502434499561786,0.1229508183896541,0.35042679682374,0.28680180385708803,18.55671844482424,8
2020-03-22,0.14717405475676057,0.12207407411187882,0.343320120126009,0.28475742414593697,18.56302413940432,8
2020-03-23,0.14261842332780358,0.12057706154882904,0.33266936987638474,0.28127673268318176,18.95381317138674,8
2020-03-24,0.14705770462751383,0.11997898295521735,0.343043178319931,0.2799009792506695,19.494279479980495,8
2020-03-25,0.1593712009489536,0.12023613695055241,0.3717576190829277,0.2804636284708976,19.490838623046898,8
2020-03-26,0.19489457458257672,0.12367639131844038,0.4546126611530781,0.2884995117783546,19.68806610107424,8
2020-03-27,0.19399472512304777,0.12708996981382364,0.45250635221600527,0.2964178994297981,19.94219360351565,8
2020-03-28,0.17080216482281682,0.12435339391231534,0.39842220768332476,0.29005454853177065,19.456033325195335,8
2020-03-29,0.1800491344183683,0.1239792732521891,0.4199859574437141,0.2892099842429161,19.408303833007835,8
2020-03-30,0.20528935082256788,0.13064913451671595,0.47886599227786064,0.30475474148988724,20.062524414062526,8
2020-03-31,0.20644819177687165,0.13213807716965673,0.4815523512661457,0.3082733675837517,20.331609344482445,8
2020-04-01,0.23520849645137787,0.1446618009358644,0.5486471280455589,0.33744897320866585,19.68738708496096,8
2020-04-02,0.19909716211259362,0.14743602275848386,0.4644230008125305,0.34392912685871124,19.337823486328148,8
2020-04-03,0.18287985958158967,0.1404493600130081,0.4265719875693321,0.32758317142724985,20.11209640502932,8
2020-04-04,0.20480116829276082,0.13942547328770155,0.4777357764542102,0.3252292834222316,20.108819580078148,8
2020-04-05,0.19423119351267812,0.13839377835392946,0.45306513831019396,0.32281666249036783,20.620881652832054,8
2020-04-06,0.212107902392745,0.13949817791581148,0.49471762403845787,0.32539456710219383,20.547570800781276,8
2020-04-07,0.2024733461439609,0.14315684325993058,0.4723104871809482,0.333934836089611,20.32717666625979,8
2020-04-08,0.1933420486748218,0.14011120796203608,0.4510154649615288,0.32682323455810547,20.53503570556643,8
2020-04-09,0.185925493016839,0.13740079849958417,0.43368514254689217,0.3204917646944523,20.48855361938479,8
2020-04-10,0.179766783490777,0.13495089858770365,0.41936495900154114,0.31477351859211916,20.346864318847683,8
2020-04-11,0.2196044493466615,0.14076202176511282,0.5122545398771763,0.32834892719984055,20.06421813964846,8
2020-04-12,0.19566709361970422,0.14108631573617453,0.45641709119081497,0.32912491634488106,19.57231292724612,8
2020-04-13,0.17403616569936273,0.13578889146447176,0.40597304329276085,0.3167432136833668,19.64127120971682,8
2020-04-14,0.17164654470980162,0.1329238526523113,0.40038302168250084,0.31007126346230507,19.912328338623073,8
2020-04-15,0.17097894661128515,0.13167307712137696,0.3988138325512409,0.30717329680919647,19.24647674560549,8
2020-04-16,0.16908313520252702,0.13045497611165044,0.39444648846983904,0.3043252229690552,19.00354919433596,8
2020-04-17,0.16100958362221712,0.12881385721266267,0.37559216096997255,0.3004659041762352,18.958882904052757,8
2020-04-18,0.1643285062164068,0.12763878144323823,0.3833527974784374,0.2977427914738655,19.410699462890648,8
2020-04-19,0.20435594953596586,0.13386031799018377,0.47665588557720184,0.3122210167348385,19.826959228515648,8
2020-04-20,0.184872418642044,0.1335042472928762,0.43123590201139445,0.3114137016236782,19.77457199096682,8
2020-04-21,0.17599583789706227,0.1313375700265169,0.4105154201388359,0.3063875809311867,19.865884399414085,8
2020-04-22,0.18432809412479398,0.13117068260908124,0.4299928694963455,0.30602071434259415,19.60813293457034,8
2020-04-23,0.18075699545443052,0.13084586709737772,0.42163848876953125,0.3052435703575611,19.522508239746116,8
2020-04-24,0.16495117172598836,0.1291022468358278,0.38477013632655144,0.3011454157531261,19.942407226562523,8
2020-04-25,0.15448918752372262,0.12725467979907987,0.3603383302688598,0.29683310166001314,19.993577575683616,8
2020-04-26,0.14965024776756758,0.12573534902185196,0.3490667901933193,0.2933067269623279,19.967885589599632,8
2020-04-27,0.15649978443980211,0.12534082774072883,0.3650468699634075,0.29234520718455315,20.252065277099632,8
2020-04-28,0.1554381679743528,0.12439776863902802,0.3625881262123585,0.2901789546012878,20.252217864990257,8
2020-04-29,0.16120897606015203,0.12390094902366396,0.37604504451155657,0.28902092203497887,20.115110015869163,8
2020-04-30,0.17199105024337763,0.12464305851608509,0.4011940620839596,0.29076990112662315,20.26758728027346,8
2020-05-01,0.1847725119441747,0.12614111602306363,0.4309998378157615,0.29423536732792854,20.202073669433616,8
2020-05-02,0.17830447293817991,0.12587790191173548,0.41590092331171036,0.29363632947206497,20.386670684814476,8
2020-05-03,0.16904460638761518,0.12497155554592605,0.3943305090069771,0.2915002554655075,20.571199035644558,8
2020-05-04,0.1637618876993656,0.12395344767719502,0.3820073641836643,0.2891231030225754,20.373956298828148,8
2020-05-05,0.1889403369277715,0.1262283809483051,0.440719660371542,0.2944587357342243,20.655202484130886,8
2020-05-06,0.18769922666251657,0.1266875062137842,0.4378248117864132,0.29550517722964287,20.397393798828148,8
2020-05-07,0.16656473837792868,0.12423595786094663,0.3885156251490116,0.28976450115442276,20.666066741943386,8
2020-05-08,0.18003611825406549,0.12530405446887014,0.41997694969177246,0.29227448254823685,20.153009033203148,8
2020-05-09,0.16763278469443316,0.12405341584235427,0.39103661105036736,0.28937819227576256,20.796304321289085,8
2020-05-10,0.15368849784135816,0.12194926850497717,0.35852526500821114,0.28446004539728165,20.64138565063479,8
2020-05-11,0.15307208895683283,0.12074355222284788,0.3570439666509628,0.28165629878640175,21.117314910888695,8
2020-05-12,0.13731578923761842,0.11862406693398948,0.3203275166451931,0.2767148874700069,20.58252868652346,8
2020-05-13,0.18691390380263326,0.12175866775214667,0.4360008090734482,0.28402217105031013,20.190705871582054,8
2020-05-14,0.19176779873669142,0.12652843631803987,0.447345033288002,0.29514484480023384,20.286260223388695,8
2020-05-15,0.19623653590679163,0.1262249983847141,0.45777326822280884,0.2944282591342926,20.365087127685573,8
2020-05-16,0.1949830278754234,0.12956259958446023,0.4547920562326908,0.3022308610379696,20.637933349609398,8
2020-05-17,0.17725581489503378,0.1271482817828655,0.41346532851457596,0.2965967729687691,20.340879058837913,8
2020-05-18,0.1722793225198984,0.12510636076331136,0.40186549723148346,0.29179812595248217,20.338491058349636,8
2020-05-19,0.1917917616665363,0.12816234305500981,0.4473685957491398,0.2989767976105213,19.869100189209007,8
2020-05-20,0.1776367630809545,0.12610752601176498,0.4143665097653866,0.2941602319478988,20.411676025390648,8
2020-05-21,0.1653935573995113,0.1239038202911615,0.38583733886480326,0.2890150994062423,20.833795166015648,8
2020-05-22,0.17444245144724843,0.1239315681159496,0.4069344960153103,0.2891041077673435,20.43123016357424,8
2020-05-23,0.18279317021369929,0.12511236313730473,0.4264140762388706,0.29183001816272736,20.42778930664065,8
2020-05-24,0.16973223350942132,0.12378970906138417,0.39591456577181816,0.2887505441904068,20.790071105957058,8
2020-05-25,0.1768752615898847,0.12385262362658972,0.41257376596331596,0.2888987995684147,20.649270629882835,8
2020-05-26,0.18281579017639155,0.12434827908873555,0.4264633134007454,0.2900638990104198,20.720689392089866,8
2020-05-27,0.2263188194483518,0.13605832308530802,0.5279428064823151,0.3173431009054184,20.411832427978542,8
2020-05-28,0.23736911267042154,0.1511154510080814,0.5536874383687973,0.3524984493851661,19.39230117797854,8
2020-05-29,0.20143456570804114,0.1505610942840576,0.46985550224781036,0.35117021948099136,19.20014343261721,8
2020-05-30,0.23670907691121099,0.1563471872359514,0.5521429479122162,0.3647051341831684,19.148324584960964,8
2020-05-31,0.21230771765112874,0.15635419450700277,0.49525000154972076,0.36470215767621994,19.212670898437523,8
2020-06-01,0.20724301226437086,0.14999584108591077,0.4833774231374264,0.3498525507748127,19.33461532592776,8
2020-06-02,0.21060562320053572,0.14868960157036779,0.4912780039012432,0.34683776646852493,19.601987457275413,8
2020-06-03,0.2188486140221357,0.14890109933912749,0.5105130709707737,0.34730058535933495,19.70341262817385,8
2020-06-04,0.198636095970869,0.14625449664890763,0.463351771235466,0.3411408141255379,19.722837066650413,8
2020-06-05,0.18106793053448195,0.14172922447323796,0.4223567955195904,0.3305928781628608,20.173097229003933,8
2020-06-06,0.18700223416090006,0.13961417973041532,0.4362553730607033,0.3256896957755089,20.161763763427757,8
2020-06-07,0.19424014538526532,0.13931512273848054,0.4530649594962597,0.3249780908226967,19.57312927246096,8
2020-06-08,0.2144548576325178,0.14142740890383715,0.5002562142908573,0.3299100659787655,19.89996490478518,8
2020-06-09,0.21219757571816442,0.14491584151983258,0.4949657842516899,0.33805666118860245,20.040673828125023,8
2020-06-10,0.2304090037941932,0.149025609716773,0.5374407432973385,0.3475899361073971,19.22600708007815,8
2020-06-11,0.2051316704601049,0.15316560491919515,0.4785328023135662,0.357279721647501,19.142461395263695,8
2020-06-12,0.19316473975777623,0.14661600627005095,0.4506109207868576,0.3419628515839576,19.307370758056663,8
2020-06-13,0.19054347462952131,0.1429635044187307,0.4444732218980789,0.3335065357387066,19.569326019287132,8
2020-06-14,0.18658626824617383,0.14017186127603048,0.43522491678595543,0.3269976116716861,19.670720672607445,8
2020-06-15,0.22073430754244322,0.1436289548873901,0.5148698426783085,0.3350391164422035,19.555505371093776,8
2020-06-16,0.20324668847024438,0.15075869299471373,0.47409284114837646,0.3516484759747982,19.314626312255882,8
2020-06-17,0.20076462067663667,0.14539867639541623,0.4683017246425152,0.33916169777512545,19.3970771789551,8
2020-06-18,0.20108259655535216,0.14403686299920077,0.4690062999725342,0.3359638899564743,19.279569244384792,8
2020-06-19,0.19831150025129313,0.14205027930438516,0.46257534995675087,0.33137148246169085,19.468457794189476,8
2020-06-20,0.20133136212825772,0.14177479594945902,0.4696444422006607,0.33073218539357185,19.37343368530276,8
2020-06-21,0.1869129482656717,0.13892004825174806,0.43598081544041634,0.32404084503650665,19.84181747436526,8
2020-06-22,0.19646966457366943,0.13800055906176562,0.45833686739206314,0.32190955430269236,19.86036834716799,8
2020-06-23,0.20046146772801873,0.1391501389443874,0.46759237349033356,0.32457602024078364,19.594503021240257,8
2020-06-24,0.18905434943735597,0.1371388882398605,0.4410083554685115,0.31989655271172523,19.36224517822268,8
2020-06-25,0.17015594057738775,0.13403939083218572,0.3968997821211815,0.3126947842538357,19.144364929199245,8
2020-06-26,0.1741872131824493,0.1327633950859308,0.40629956498742104,0.3096718937158584,19.436399078369163,8
2020-06-27,0.17075386270880694,0.13153410516679284,0.3983108811080456,0.30681848898530006,19.86649856567385,8
2020-06-28,0.17289998941123483,0.1308844648301601,0.40334468334913254,0.3053215481340885,19.6323066711426,8
2020-06-29,0.19445347413420674,0.1324176006019115,0.45361949503421783,0.3088633716106414,18.974755859375023,8
2020-06-30,0.19155774079263205,0.13490047678351397,0.4468334391713142,0.3146562799811363,19.50694427490237,8
2020-07-01,0.18336349166929716,0.13271590881049627,0.42771115899086,0.3095974288880825,19.563211059570335,8
2020-07-02,0.19019662402570242,0.13237832114100456,0.44368523359298706,0.30880678072571754,19.364766693115257,8
2020-07-03,0.18532475642859933,0.1316404361277818,0.4322948344051838,0.30709283426404,19.34723052978518,8
2020-07-04,0.18075792118906972,0.1311644501984119,0.4216258823871612,0.3059634901583195,19.328076934814476,8
2020-07-05,0.16955024190247053,0.12979186885058877,0.3955273032188415,0.3027215152978897,18.770837402343773,8
2020-07-06,0.18298266641795632,0.12998582050204274,0.42683398723602295,0.3031914494931698,18.993920898437523,8
2020-07-07,0.19858576916158197,0.13179899379611013,0.46320789679884905,0.3074273392558098,18.92689666748049,8
2020-07-08,0.216411842033267,0.1374038197100162,0.5048089884221554,0.3205398954451084,19.025544738769554,8
2020-07-09,0.1994732711464166,0.1444696821272373,0.46533320099115366,0.337013378739357,18.901704406738304,8
2020-07-10,0.18271917104721067,0.13865208066999907,0.426189724355936,0.32343996316194534,19.63408050537112,8
2020-07-11,0.20787672139704225,0.14057021215558047,0.4848746061325073,0.32792294770479197,19.31589279174807,8
2020-07-12,0.19177456945180887,0.1385347601026296,0.4473800584673881,0.32315947487950325,18.868787384033226,8
2020-07-13,0.1947753950953483,0.13720365613698957,0.45432934165000916,0.3200647458434105,19.336816406250026,8
2020-07-14,0.18464229255914685,0.13587348908185956,0.4307241328060627,0.316918034106493,19.28140029907229,8
2020-07-15,0.17437133938074106,0.13350326754152772,0.40674702078104014,0.31140195205807686,19.39481887817385,8
2020-07-16,0.16729915700852868,0.13133614696562285,0.39024208486080164,0.3063718639314174,19.584218597412132,8
2020-07-17,0.17965003848075864,0.131619606167078,0.4190504439175129,0.30704039335250854,19.688798522949245,8
2020-07-18,0.17533321678638453,0.1303442660719156,0.4089870862662792,0.3040340878069401,19.714543914794945,8
2020-07-19,0.17481352202594277,0.12960299290716645,0.4077933505177498,0.30230748280882835,19.8937812805176,8
2020-07-20,0.1843275912106037,0.13031967170536515,0.42995825409889216,0.3039947338402271,19.36884460449221,8
2020-07-21,0.202875068411231,0.13492224738001818,0.473215788602829,0.31471509858965874,19.26191864013674,8
2020-07-22,0.19550675712525842,0.13604009337723252,0.4560227133333683,0.31736654415726656,18.801763153076195,8
2020-07-23,0.18402599729597566,0.13413115590810773,0.4292512312531471,0.3128592148423195,18.690488433837913,8
2020-07-24,0.20387946441769597,0.13596984371542928,0.47557925805449486,0.31714831665158266,18.72303161621096,8
2020-07-25,0.2094071060419082,0.14058377407491204,0.4884808361530304,0.32790539041161537,18.637639617919945,8
2020-07-26,0.20406265929341313,0.14056543633341786,0.47601617127656937,0.32788677513599396,19.192193603515648,8
2020-07-27,0.2196159958839416,0.14521805755794046,0.5122574865818024,0.3387490287423134,19.106862640380882,8
2020-07-28,0.20225774496793744,0.14685932919383043,0.47178903222084045,0.34259068220853806,19.43776092529299,8
2020-07-29,0.1866790875792503,0.14133437536656854,0.4354301355779171,0.3296799920499324,19.86374435424807,8
2020-07-30,0.17643935419619078,0.13783069141209123,0.41152773052453995,0.3214735575020313,19.865110015869163,8
2020-07-31,0.17282177507877347,0.13560121506452558,0.4031355939805507,0.31630558520555496,19.728787994384792,8
2020-08-01,0.1835036817938089,0.1351481284946203,0.42806074023246765,0.31521308794617653,19.93422470092776,8
2020-08-02,0.18146964535117147,0.13429137878119943,0.42327652499079704,0.31323263421654696,20.33273849487307,8
2020-08-03,0.18346214480698103,0.1337249483913183,0.4279510490596294,0.3119308203458786,20.156789398193382,8
2020-08-04,0.1887976378202438,0.1332174055278301,0.4403649531304836,0.3107546530663967,19.421140289306667,8
2020-08-05,0.202461939305067,0.1367851216346025,0.4722810387611389,0.3190769888460636,19.38434753417971,8
2020-08-06,0.19511747919023034,0.1366731040179729,0.4551452472805977,0.3188010416924953,19.344628906250023,8
2020-08-07,0.2081479057669639,0.13822293840348718,0.48549695685505867,0.3224020414054394,19.18373260498049,8
2020-08-08,0.19308486767113203,0.13808267191052434,0.4503993019461632,0.3221180886030197,19.790971374511745,8
2020-08-09,0.1895474027842283,0.13606510683894155,0.44213224574923515,0.3174048736691475,20.15893707275393,8
2020-08-10,0.18492915295064444,0.13483281992375848,0.43133942037820816,0.31450168043375015,19.810170745849632,8
2020-08-11,0.1816259659826755,0.13316983357071874,0.4237046428024768,0.3106619231402874,19.612142181396507,8
2020-08-12,0.1834333166480064,0.13277413323521609,0.42787566408514977,0.309700433164835,19.609193420410183,8
2020-08-13,0.18270959891378877,0.1323791109025478,0.4261597953736782,0.30880142748355865,19.99438629150393,8
2020-08-14,0.17017086222767824,0.13095858879387376,0.3969092629849911,0.3054666295647621,19.615506744384792,8
2020-08-15,0.18912222422659394,0.13184698857367033,0.44115617871284485,0.30754179880022997,19.341207122802757,8
2020-08-16,0.20848248712718484,0.13619660958647722,0.48634518310427666,0.31769450008869166,19.318616485595726,8
2020-08-17,0.20295586623251433,0.1383227966725826,0.4734058268368244,0.32263064756989474,19.503282165527366,8
2020-08-18,0.19215765967965123,0.1366109978407621,0.44819748401641846,0.31863146647810936,20.002828216552757,8
2020-08-19,0.19840263575315473,0.13613516464829442,0.4627981074154377,0.31754399836063385,19.903588867187526,8
2020-08-20,0.20649735443294046,0.140372022986412,0.48169460892677307,0.32741386815905565,19.067578887939476,8
2020-08-21,0.2136781588196754,0.1417703907936811,0.4984232001006603,0.33070431649684906,19.179185485839866,8
2020-08-22,0.23176623508334157,0.15165651217103002,0.5406447649002075,0.353745624423027,19.057637786865257,8
2020-08-23,0.20099972933530805,0.15066227503120894,0.468862697482109,0.3514473922550678,19.28800735473635,8
2020-08-24,0.21578646451234815,0.14976809360086918,0.5033666044473648,0.3493545912206173,19.56501159667971,8
2020-08-25,0.21126455441117284,0.14788910187780854,0.4928109832108021,0.34498176723718643,19.867997741699245,8
2020-08-26,0.21741474978625772,0.14792517013847825,0.5071541145443916,0.3450419716536998,19.280706024169945,8
2020-08-27,0.20010999403893942,0.14706978015601632,0.4667757749557495,0.34305888786911964,19.43702087402346,8
2020-08-28,0.1871143393218517,0.14230212382972235,0.436458446085453,0.3319418095052242,19.648606872558616,8
2020-08-29,0.18746129982173437,0.14033757150173184,0.43729450181126595,0.32735275104641914,19.015107727050804,8
2020-08-30,0.17927137389779088,0.1376373898237943,0.4181552194058895,0.3210478350520134,18.770837402343773,8
2020-08-31,0.1675510089844465,0.13506665825843805,0.3908236995339393,0.3150169216096401,18.77084884643557,8
2020-09-01,0.18635137937963006,0.1349780466407537,0.4346652738749981,0.3148535415530204,19.64365539550784,8
2020-09-02,0.22189430147409434,0.14725220948457715,0.5176367089152336,0.34347088634967804,18.249410247802757,8
2020-09-03,0.19978639297187326,0.14630437456071374,0.4659835919737816,0.34127224609255785,18.79480133056643,8
2020-09-04,0.2113758027553558,0.14473864063620562,0.49307093396782875,0.33761828765273094,19.687123870849632,8
2020-09-05,0.21216318570077417,0.1471315827220678,0.49490718171000475,0.34322184324264526,19.387044525146507,8
2020-09-06,0.19632324948906896,0.14388760365545747,0.45796348899602884,0.33560608327388763,19.88306579589846,8
2020-09-07,0.19813129492104048,0.14127244427800173,0.46217529475688934,0.32951946556568146,19.54688415527346,8
2020-09-08,0.21420230902731416,0.14220926538109777,0.49967244639992714,0.3317330405116081,18.689450836181663,8
2020-09-09,0.20421272888779637,0.14462634176015848,0.4763919338583946,0.33733152225613594,18.931783294677757,8
2020-09-10,0.20174243859946722,0.1430377066135406,0.47060759738087654,0.33369084075093264,19.07447967529299,8
2020-09-11,0.19415245950222013,0.14088471792638296,0.452895425260067,0.3286486938595772,19.031255340576195,8
2020-09-12,0.20231248065829271,0.14053028076887128,0.4719284623861313,0.3277944289147854,19.694787597656273,8
2020-09-13,0.18857068382203576,0.13850193284451956,0.43989360332489014,0.3230914771556854,19.039357757568382,8
2020-09-14,0.20158943533897394,0.13905592449009413,0.47025783360004425,0.3243687227368355,19.65263519287112,8
2020-09-15,0.1887924466282129,0.13793610408902165,0.4403725154697895,0.32179904729127884,19.46725997924807,8
2020-09-16,0.18020032532513136,0.13554283604025838,0.4203440174460411,0.3161701373755932,19.642995452880882,8
2020-09-17,0.18306337669491762,0.1346723102033138,0.42699869349598885,0.3141247853636741,19.36487731933596,8
2020-09-18,0.21838895604014394,0.1404770668596029,0.5093982554972172,0.3276992514729499,19.6045967102051,8
2020-09-19,0.2084196303039789,0.14234144054353234,0.48616819083690643,0.33204741775989527,19.784452056884792,8
2020-09-20,0.2183076776564121,0.1476664803922176,0.5092254504561424,0.3444247990846634,19.65488204956057,8
2020-09-21,0.20491559058427808,0.14613197743892664,0.47798406705260277,0.3408821150660514,19.880723571777366,8
2020-09-22,0.19449313357472417,0.142656747251749,0.45367931947112083,0.3327464796602726,19.575952148437523,8
2020-09-23,0.19102122820913786,0.13954371400177476,0.44558012485504145,0.3255364373326301,19.864865875244163,8
2020-09-24,0.18221138417720792,0.13744306191802022,0.42504246160387993,0.3206269890069961,19.31315383911135,8
2020-09-25,0.18960408121347425,0.13701637648046014,0.4422598704695701,0.3196074925363064,19.652673339843776,8
2020-09-26,0.18694683909416196,0.13606327399611468,0.43609377741813654,0.3173966370522976,19.15942535400393,8
2020-09-27,0.18488063849508757,0.1350297089666128,0.43124963343143463,0.31493465602397913,19.19351730346682,8
2020-09-28,0.1746493950486183,0.1332132071256637,0.4073715507984161,0.31074174493551254,19.427896118164085,8
2020-09-29,0.16776220872998235,0.13160731643438334,0.39135025441646576,0.3069734126329422,19.456094360351585,8
2020-09-30,0.19101972877979276,0.13347366265952584,0.445558276027441,0.3113557137548923,19.2125183105469,8
2020-10-01,0.1811957713216543,0.13229912146925923,0.4226853661239147,0.30859988555312157,19.3472724914551,8
2020-10-02,0.1744224671274423,0.1308848466724157,0.4068587385118007,0.30530259385704994,19.462415313720726,8
2020-10-03,0.19099332205951208,0.1323012430220842,0.4455472007393837,0.3086101226508617,19.126836395263698,8
2020-10-04,0.2191615868359804,0.1380369551479816,0.5111884027719498,0.3219878487288952,19.38248214721682,8
2020-10-05,0.20624520443379873,0.14177403040230271,0.48111478984355927,0.3307337015867233,19.011121368408226,8
2020-10-06,0.21820492483675477,0.14483663812279696,0.50898527354002,0.3378574065864086,19.632810211181663,8
2020-10-07,0.20946996659040448,0.1451135519891977,0.4885990470647812,0.3385021761059761,19.33039245605471,8
2020-10-08,0.20552061498165125,0.14572871476411814,0.479373812675476,0.3399145305156708,19.0894599914551,8
2020-10-09,0.193843325600028,0.14150480180978772,0.4521661326289177,0.3300580121576786,19.319314575195335,8
2020-10-10,0.18066221848130223,0.13809933885931966,0.4214218817651272,0.3221325762569904,19.489202117919945,8
2020-10-11,0.17889189161360258,0.1356903966516256,0.41729663312435145,0.3165440000593662,19.711663818359398,8
2020-10-12,0.2093518823385238,0.1414620131254196,0.4883420541882515,0.32994198426604265,19.615232086181667,8
2020-10-13,0.20282315462827677,0.14107342623174185,0.47309739887714386,0.3290840648114681,19.546281433105495,8
2020-10-14,0.20534595660865304,0.14076510816812512,0.4789806641638279,0.32836373150348663,19.429475402832054,8
2020-10-15,0.19329315610229963,0.13918684795498845,0.4508621133863926,0.324683129787445,19.59240875244143,8
2020-10-16,0.18384686298668382,0.1365950386971235,0.42885037511587143,0.3186097852885723,19.769258117675804,8
2020-10-17,0.17824172601103777,0.13422764278948301,0.4157894477248192,0.31311025470495224,19.592347717285183,8
2020-10-18,0.22040529735386366,0.14251633919775483,0.514128427952528,0.33247419819235796,19.451963043212917,8
2020-10-19,0.22883208841085428,0.15345529466867444,0.5338095761835575,0.357956662774086,19.209462738037136,8
2020-10-20,0.20280812680721277,0.1497311796993017,0.47305038198828697,0.3492534272372722,19.271085357666042,8
2020-10-21,0.2051224429160356,0.14548746123909947,0.4784894846379757,0.33935659378767014,19.66956481933596,8
2020-10-22,0.1997076086699962,0.14267505332827565,0.4658702723681927,0.3328086771070957,19.76423797607424,8
2020-10-23,0.1930184587836265,0.1405928917229175,0.45026062056422234,0.32794007286429405,19.944203948974636,8
2020-10-24,0.20008486509323117,0.13974520377814767,0.4667402543127537,0.3260320164263248,19.701531982421898,8
2020-10-25,0.19274562597274775,0.13858973421156404,0.44957078620791435,0.32328997179865837,19.39698181152346,8
2020-10-26,0.18381431885063648,0.1367773860692978,0.4287554956972599,0.31906477361917496,19.59958419799807,8
2020-10-27,0.18312177807092664,0.13552722707390782,0.4271817505359649,0.3161330968141556,19.813462829589866,8
2020-10-28,0.2155401427298784,0.1409074459224939,0.5027511976659298,0.32867232337594027,19.065202331542995,8
2020-10-29,0.20182074606418607,0.14130774326622483,0.4708161763846874,0.3296554274857044,19.038724517822292,8
2020-10-30,0.21783997304737562,0.14441165700554845,0.50813028216362,0.3368727639317512,19.0812812805176,8
2020-10-31,0.21293748356401915,0.1458480097353458,0.4967159889638424,0.3402271158993244,18.73072204589846,8
2020-11-01,0.21564497053623197,0.14618651568889612,0.5029908455908298,0.3409803733229637,18.424768066406273,8
2020-11-02,0.1998020131140947,0.14489508047699926,0.4660527110099792,0.33799952641129494,18.95187911987307,8
2020-11-03,0.20046019367873666,0.14214603975415227,0.46757780760526657,0.33155836537480354,19.24491653442385,8
2020-11-04,0.21669675596058366,0.14374504797160623,0.5054378770291805,0.33529622852802277,19.298547363281273,8
2020-11-05,0.2016443647444248,0.14460848458111283,0.47036514803767204,0.33731063827872276,18.96997985839846,8
2020-11-06,0.1965146325528621,0.1416838392615318,0.4584353640675545,0.33047135546803474,18.52192077636721,8
2020-11-07,0.19824026897549626,0.14088179543614385,0.4624620378017425,0.3286467269062996,18.98382720947268,8
2020-11-08,0.2307329513132572,0.15876107849180696,0.5382111445069313,0.3703675605356693,18.971109008789085,8
2020-11-09,0.2116967551410198,0.15729179978370664,0.4937764108181,0.3669001944363117,18.95333633422854,8
2020-11-10,0.20988426357507703,0.15082566812634465,0.48958510532975197,0.35184418410062784,18.716199493408226,8
2020-11-11,0.21637901850044722,0.14908614195883269,0.504732720553875,0.3477852940559387,18.409062957763695,8
2020-11-12,0.20773924887180323,0.1495582144707441,0.4845867343246937,0.3488646112382412,18.561372375488304,8
2020-11-13,0.22075736150145528,0.14930847100913522,0.5149601139128208,0.34825954213738436,19.05542907714846,8
2020-11-14,0.2102816794067621,0.14831223711371416,0.49049706757068634,0.3459686003625393,19.240422821044945,8
2020-11-15,0.20810027979314324,0.14595711044967172,0.4854038208723068,0.3404386639595032,19.561086273193386,8
2020-11-16,0.2270934376865625,0.14889691025018686,0.5298208184540272,0.3473314978182316,19.352292633056667,8
2020-11-17,0.22628542408347124,0.1564599648118019,0.5278154909610748,0.3649599552154541,18.570092773437526,8
2020-11-18,0.2211657036095857,0.15469818562269205,0.5158952437341213,0.3608354553580284,18.262281036376976,8
2020-11-19,0.22066414169967172,0.1570105049759149,0.5147125907242298,0.3662478141486645,18.617028808593773,8
2020-11-20,0.20070950873196122,0.1513057500123977,0.4681848734617233,0.3529259711503982,18.9835029602051,8
2020-11-21,0.19740106537938118,0.1469862591475248,0.460464458912611,0.3428412526845932,19.06378326416018,8
2020-11-22,0.19244581833481783,0.14397371560335157,0.4489012695848941,0.3358311988413334,19.525205230712913,8
2020-11-23,0.19075580127537245,0.14216307736933226,0.44497932866215706,0.33162253722548485,19.57034835815432,8
2020-11-24,0.18740759603679175,0.14061561599373815,0.43716615438461304,0.32796089351177216,19.679326629638695,8
2020-11-25,0.177693722769618,0.13872734270989892,0.4144888073205948,0.3236039914190769,19.467488861084007,8
2020-11-26,0.1758943740278482,0.13741077668964857,0.4102853313088417,0.3205026686191559,19.40244064331057,8
2020-11-27,0.18578930385410783,0.13712451793253416,0.4333663322031498,0.31987889483571047,19.083608245849632,8
2020-11-28,0.19396077841520307,0.13784060254693026,0.4524484761059284,0.3215589411556721,18.78073654174807,8
2020-11-29,0.22757227532565588,0.15006238780915734,0.530891127884388,0.35004885122179985,19.546334838867214,8
2020-11-30,0.20397945493459696,0.14864691533148283,0.4758230186998844,0.34676542505621905,19.828050231933616,8
2020-12-01,0.18636883608996865,0.14362771809101102,0.4347257353365421,0.33503708243370056,19.860044097900413,8
2020-12-02,0.19397061318159098,0.14129877276718614,0.4524863548576832,0.3295949436724186,19.402722930908226,8
2020-12-03,0.21128967776894567,0.14275185577571392,0.492849238216877,0.33300675079226494,18.904328918457054,8
2020-12-04,0.19867218099534506,0.1430173553526401,0.4634423069655895,0.333584114909172,19.03199920654299,8
2020-12-05,0.18343548104166982,0.1391297113150358,0.4278859831392765,0.32454292103648186,19.209470367431663,8
2020-12-06,0.1752382908016443,0.1365207992494106,0.40876950323581696,0.3184647262096405,19.25827560424807,8
2020-12-07,0.17668150365352628,0.13512180931866166,0.4121576733887195,0.31520869210362434,18.810700988769554,8
2020-12-08,0.18519325554370875,0.13505382835865018,0.43198525160551066,0.31500906497240067,19.17716751098635,8
2020-12-09,0.18056120723485944,0.13415125757455823,0.4211766757071018,0.31291571632027626,19.351564025878933,8
2020-12-10,0.17658903449773786,0.13297438621520993,0.4118919111788273,0.31015345826745033,18.82718811035159,8
2020-12-11,0.16730011813342566,0.13132464326918122,0.3902189321815967,0.3063401095569134,19.422269439697292,8
2020-12-12,0.167660953477025,0.13034033589065072,0.3910821713507175,0.3040555901825428,19.557511901855495,8
2020-12-13,0.1610896103084087,0.1291329115629196,0.3757501691579819,0.30123361200094223,19.18002090454104,8
2020-12-14,0.15211331658065316,0.12758542411029336,0.35480866953730583,0.29758714511990547,19.74032363891604,8
2020-12-15,0.15248319320380682,0.1266930419951677,0.3556931316852569,0.29551875963807106,19.39713058471682,8
2020-12-16,0.1530099809169769,0.1260364763438701,0.35688316822052,0.2939947210252285,19.13434753417971,8
2020-12-17,0.15603239648044104,0.1252604536712169,0.36396266892552376,0.29218304157257075,19.374978637695335,8
2020-12-18,0.17084425128996367,0.12576750013977286,0.3985030725598335,0.2933533489704132,19.241017913818382,8
2020-12-19,0.16864425130188462,0.12569589167833323,0.3933715149760246,0.2932121753692627,19.201482391357448,8
2020-12-20,0.15894624963402743,0.12417977862060064,0.3707791306078434,0.2896732129156589,19.214570617675808,8
2020-12-21,0.15726175345480436,0.12318007089197631,0.3668093681335449,0.2873440720140934,19.371709442138695,8
2020-12-22,0.15534517541527743,0.12244548276066775,0.36235925182700157,0.28559965640306473,19.496404266357445,8
2020-12-23,0.1531887613236904,0.12189408205449577,0.3573514483869076,0.28433798626065254,19.532861328125023,8
2020-12-24,0.1613710559904575,0.1219653440639376,0.37641579657793045,0.28451238200068474,19.30913696289065,8
2020-12-25,0.20377704687416548,0.12674733530730004,0.4753534831106663,0.2956678047776222,19.492864227294945,8
2020-12-26,0.21911570802330968,0.1348721552640199,0.5111210867762566,0.3146332800388336,18.782033538818382,8
2020-12-27,0.2018418926745653,0.13739879243075842,0.47076981887221336,0.32050811871886253,18.75396881103518,8
2020-12-28,0.20566123537719247,0.1372611559927463,0.4797428734600544,0.3202205747365951,18.463758087158226,8
2020-12-29,0.19707737676799292,0.13703666254878039,0.45971856266260147,0.31964198872447014,18.367139434814476,8
2020-12-30,0.18002110719680783,0.13431452959775922,0.41994917020201683,0.31329636275768274,18.533132171630882,8
2020-12-31,0.17402360960841176,0.13269358500838274,0.4059375524520874,0.30951094254851336,18.79813919067385,8
