archivo,tiempo,latitud,longitud,fila_smap,columna_smap,sm_surface,sm_rootzone,sm_surface_wetness,sm_rootzone_wetness,soil_temp_layer1,fecha_hora,soil_temp_layer1_celsius
SMAP_L4_SM_gph_20200101T013000_Vv8010_001.h5,631114200.0,7.119,-73.122,711,1144,0.23724587261676788,0.14955686032772064,0.5533929467201233,0.348812460899353,293.1965026855469,2020-01-01 01:28:55+00:00,20.046502685546898
SMAP_L4_SM_gph_20200101T043000_Vv8010_001.h5,631125000.0,7.119,-73.122,711,1144,0.21552160382270813,0.1490955501794815,0.5028237700462341,0.3477841019630432,292.59759521484375,2020-01-01 04:28:55+00:00,19.447595214843773
SMAP_L4_SM_gph_20200101T073000_Vv8010_001.h5,631135800.0,7.119,-73.122,711,1144,0.20840312540531158,0.14847829937934875,0.4861152768135071,0.3463013172149658,292.1202697753906,2020-01-01 07:28:55+00:00,18.970269775390648
SMAP_L4_SM_gph_20200101T103000_Vv8010_001.h5,631146600.0,7.119,-73.122,711,1144,0.20833994448184967,0.1480119675397873,0.48594361543655396,0.34518617391586304,291.5326232910156,2020-01-01 10:28:55+00:00,18.382623291015648
SMAP_L4_SM_gph_20200101T133000_Vv8010_001.h5,631157400.0,7.119,-73.122,711,1144,0.2060108184814453,0.14737392961978912,0.48045825958251953,0.3438567817211151,291.7358093261719,2020-01-01 13:28:55+00:00,18.585809326171898
SMAP_L4_SM_gph_20200101T163000_Vv8010_001.h5,631168200.0,7.119,-73.122,711,1144,0.2017633020877838,0.14640149474143982,0.47066301107406616,0.34142613410949707,293.2143859863281,2020-01-01 16:28:55+00:00,20.064385986328148
SMAP_L4_SM_gph_20200101T193000_Vv8010_001.h5,631179000.0,7.119,-73.122,711,1144,0.19814997911453247,0.14527685940265656,0.4621508717536926,0.33883172273635864,294.09478759765625,2020-01-01 19:28:55+00:00,20.944787597656273
SMAP_L4_SM_gph_20200101T223000_Vv8010_001.h5,631189800.0,7.119,-73.122,711,1144,0.19892308115959167,0.14465975761413574,0.4640345871448517,0.33738598227500916,293.60382080078125,2020-01-01 22:28:55+00:00,20.453820800781273
SMAP_L4_SM_gph_20200102T013000_Vv8010_001.h5,631200600.0,7.119,-73.122,711,1144,0.19797475636005402,0.14410988986492157,0.46172887086868286,0.33620068430900574,292.6056213378906,2020-01-02 01:28:55+00:00,19.455621337890648
SMAP_L4_SM_gph_20200102T043000_Vv8010_001.h5,631211400.0,7.119,-73.122,711,1144,0.1945507973432541,0.14350101351737976,0.4537694752216339,0.3346916437149048,291.73602294921875,2020-01-02 04:28:55+00:00,18.586022949218773
SMAP_L4_SM_gph_20200102T073000_Vv8010_001.h5,631222200.0,7.119,-73.122,711,1144,0.19168168306350708,0.1428617238998413,0.4470551311969757,0.33327335119247437,290.7392272949219,2020-01-02 07:28:55+00:00,17.589227294921898
SMAP_L4_SM_gph_20200102T103000_Vv8010_001.h5,631233000.0,7.119,-73.122,711,1144,0.1895710527896881,0.14228223264217377,0.44219985604286194,0.3319001793861389,289.62542724609375,2020-01-02 10:28:55+00:00,16.475427246093773
SMAP_L4_SM_gph_20200102T133000_Vv8010_001.h5,631243800.0,7.119,-73.122,711,1144,0.1884945183992386,0.1418852061033249,0.43978220224380493,0.3309288024902344,290.27557373046875,2020-01-02 13:28:55+00:00,17.125573730468773
SMAP_L4_SM_gph_20200102T163000_Vv8010_001.h5,631254600.0,7.119,-73.122,711,1144,0.1850251406431198,0.14083993434906006,0.4315940737724304,0.32846754789352417,292.896728515625,2020-01-02 16:28:55+00:00,19.746728515625023
SMAP_L4_SM_gph_20200102T193000_Vv8010_001.h5,631265400.0,7.119,-73.122,711,1144,0.1822017878293991,0.13978178799152374,0.42497462034225464,0.3261313736438751,294.22857666015625,2020-01-02 19:28:55+00:00,21.078576660156273
SMAP_L4_SM_gph_20200102T223000_Vv8010_001.h5,631276200.0,7.119,-73.122,711,1144,0.18195141851902008,0.13921020925045013,0.42436692118644714,0.32476741075515747,293.8569641113281,2020-01-02 22:28:55+00:00,20.706964111328148
SMAP_L4_SM_gph_20200103T013000_Vv8010_001.h5,631287000.0,7.119,-73.122,711,1144,0.1835174709558487,0.13906437158584595,0.4281773269176483,0.3243759870529175,292.57305908203125,2020-01-03 01:28:55+00:00,19.423059082031273
SMAP_L4_SM_gph_20200103T043000_Vv8010_001.h5,631297800.0,7.119,-73.122,711,1144,0.18270161747932434,0.138671413064003,0.4262382388114929,0.3234887421131134,291.34930419921875,2020-01-03 04:28:55+00:00,18.199304199218773
SMAP_L4_SM_gph_20200103T073000_Vv8010_001.h5,631308600.0,7.119,-73.122,711,1144,0.18134057521820068,0.1382996290922165,0.42292270064353943,0.32261982560157776,290.27490234375,2020-01-03 07:28:55+00:00,17.124902343750023
SMAP_L4_SM_gph_20200103T103000_Vv8010_001.h5,631319400.0,7.119,-73.122,711,1144,0.18015192449092865,0.13795456290245056,0.4203372299671173,0.3218689262866974,288.8565673828125,2020-01-03 10:28:55+00:00,15.706567382812523
SMAP_L4_SM_gph_20200103T133000_Vv8010_001.h5,631330200.0,7.119,-73.122,711,1144,0.17808797955513,0.13744790852069855,0.4152972102165222,0.3206859230995178,289.6387939453125,2020-01-03 13:28:55+00:00,16.488793945312523
SMAP_L4_SM_gph_20200103T163000_Vv8010_001.h5,631341000.0,7.119,-73.122,711,1144,0.1733633130788803,0.13661231100559235,0.40438634157180786,0.31865984201431274,292.48529052734375,2020-01-03 16:28:55+00:00,19.335290527343773
SMAP_L4_SM_gph_20200103T193000_Vv8010_001.h5,631351800.0,7.119,-73.122,711,1144,0.16909126937389374,0.13570240139961243,0.3944137990474701,0.3165505826473236,294.0242614746094,2020-01-03 19:28:55+00:00,20.874261474609398
SMAP_L4_SM_gph_20200103T223000_Vv8010_001.h5,631362600.0,7.119,-73.122,711,1144,0.1673671305179596,0.135257288813591,0.3903597593307495,0.31544214487075806,293.80718994140625,2020-01-03 22:28:55+00:00,20.657189941406273
SMAP_L4_SM_gph_20200104T013000_Vv8010_001.h5,631373400.0,7.119,-73.122,711,1144,0.16732673346996307,0.13504698872566223,0.39042162895202637,0.31504207849502563,292.6630859375,2020-01-04 01:28:55+00:00,19.513085937500023
SMAP_L4_SM_gph_20200104T043000_Vv8010_001.h5,631384200.0,7.119,-73.122,711,1144,0.16696538031101227,0.13491041958332062,0.3894411027431488,0.3146750032901764,291.6883850097656,2020-01-04 04:28:55+00:00,18.538385009765648
SMAP_L4_SM_gph_20200104T073000_Vv8010_001.h5,631395000.0,7.119,-73.122,711,1144,0.1666640043258667,0.13472911715507507,0.3888348340988159,0.3143133819103241,290.8567199707031,2020-01-04 07:28:55+00:00,17.706719970703148
SMAP_L4_SM_gph_20200104T103000_Vv8010_001.h5,631405800.0,7.119,-73.122,711,1144,0.1662304699420929,0.1345776468515396,0.38781341910362244,0.31395575404167175,289.97796630859375,2020-01-04 10:28:55+00:00,16.827966308593773
SMAP_L4_SM_gph_20200104T133000_Vv8010_001.h5,631416600.0,7.119,-73.122,711,1144,0.16513489186763763,0.1342764049768448,0.38523349165916443,0.3133188486099243,290.75885009765625,2020-01-04 13:28:55+00:00,17.608850097656273
SMAP_L4_SM_gph_20200104T163000_Vv8010_001.h5,631427400.0,7.119,-73.122,711,1144,0.1619233638048172,0.13351960480213165,0.3777099847793579,0.31142449378967285,293.31805419921875,2020-01-04 16:28:55+00:00,20.168054199218773
SMAP_L4_SM_gph_20200104T193000_Vv8010_001.h5,631438200.0,7.119,-73.122,711,1144,0.1595669686794281,0.1326359063386917,0.37223193049430847,0.30943211913108826,294.6839904785156,2020-01-04 19:28:55+00:00,21.533990478515648
SMAP_L4_SM_gph_20200104T223000_Vv8010_001.h5,631449000.0,7.119,-73.122,711,1144,0.15871961414813995,0.13231419026851654,0.3701351583003998,0.30857136845588684,294.2893371582031,2020-01-04 22:28:55+00:00,21.139337158203148
SMAP_L4_SM_gph_20200105T013000_Vv8010_001.h5,631459800.0,7.119,-73.122,711,1144,0.15786772966384888,0.13230100274085999,0.3683284521102905,0.3085739016532898,292.9984436035156,2020-01-05 01:28:55+00:00,19.848443603515648
SMAP_L4_SM_gph_20200105T043000_Vv8010_001.h5,631470600.0,7.119,-73.122,711,1144,0.15861572325229645,0.13234299421310425,0.370045006275177,0.308683305978775,291.89019775390625,2020-01-05 04:28:55+00:00,18.740197753906273
SMAP_L4_SM_gph_20200105T073000_Vv8010_001.h5,631481400.0,7.119,-73.122,711,1144,0.15952104330062866,0.1322811394929886,0.37223127484321594,0.3085591793060303,291.1939697265625,2020-01-05 07:28:55+00:00,18.043969726562523
SMAP_L4_SM_gph_20200105T103000_Vv8010_001.h5,631492200.0,7.119,-73.122,711,1144,0.1595611274242401,0.1322525143623352,0.37215232849121094,0.3084109127521515,290.4100646972656,2020-01-05 10:28:55+00:00,17.260064697265648
SMAP_L4_SM_gph_20200105T133000_Vv8010_001.h5,631503000.0,7.119,-73.122,711,1144,0.16232767701148987,0.13242994248867035,0.3786618709564209,0.3088111877441406,291.0500793457031,2020-01-05 13:28:55+00:00,17.900079345703148
SMAP_L4_SM_gph_20200105T163000_Vv8010_001.h5,631513800.0,7.119,-73.122,711,1144,0.15860341489315033,0.13162162899971008,0.36989909410476685,0.3070634603500366,293.30865478515625,2020-01-05 16:28:55+00:00,20.158654785156273
SMAP_L4_SM_gph_20200105T193000_Vv8010_001.h5,631524600.0,7.119,-73.122,711,1144,0.15445072948932648,0.13074882328510284,0.360260546207428,0.30497726798057556,294.5177001953125,2020-01-05 19:28:55+00:00,21.367700195312523
SMAP_L4_SM_gph_20200105T223000_Vv8010_001.h5,631535400.0,7.119,-73.122,711,1144,0.15307548642158508,0.13036473095417023,0.3570338189601898,0.30411288142204285,294.0768127441406,2020-01-05 22:28:55+00:00,20.926812744140648
SMAP_L4_SM_gph_20200106T013000_Vv8010_001.h5,631546200.0,7.119,-73.122,711,1144,0.15441210567951202,0.13042591512203217,0.3601367771625519,0.30427196621894836,292.5467529296875,2020-01-06 01:28:55+00:00,19.396752929687523
SMAP_L4_SM_gph_20200106T043000_Vv8010_001.h5,631557000.0,7.119,-73.122,711,1144,0.15570037066936493,0.13048960268497467,0.36310240626335144,0.30443763732910156,291.20294189453125,2020-01-06 04:28:55+00:00,18.052941894531273
SMAP_L4_SM_gph_20200106T073000_Vv8010_001.h5,631567800.0,7.119,-73.122,711,1144,0.15644954144954681,0.13049747049808502,0.3648293912410736,0.3044582009315491,290.4383544921875,2020-01-06 07:28:55+00:00,17.288354492187523
SMAP_L4_SM_gph_20200106T103000_Vv8010_001.h5,631578600.0,7.119,-73.122,711,1144,0.15719901025295258,0.13052748143672943,0.36663150787353516,0.30458489060401917,290.09033203125,2020-01-06 10:28:55+00:00,16.940332031250023
SMAP_L4_SM_gph_20200106T133000_Vv8010_001.h5,631589400.0,7.119,-73.122,711,1144,0.15758201479911804,0.13047797977924347,0.3677009046077728,0.3043340742588043,290.7247314453125,2020-01-06 13:28:55+00:00,17.574731445312523
SMAP_L4_SM_gph_20200106T163000_Vv8010_001.h5,631600200.0,7.119,-73.122,711,1144,0.15541711449623108,0.1298823058605194,0.36255231499671936,0.30302953720092773,292.7599182128906,2020-01-06 16:28:55+00:00,19.609918212890648
SMAP_L4_SM_gph_20200106T193000_Vv8010_001.h5,631611000.0,7.119,-73.122,711,1144,0.15220485627651215,0.1291818469762802,0.355006605386734,0.30135518312454224,294.0556335449219,2020-01-06 19:28:55+00:00,20.905633544921898
SMAP_L4_SM_gph_20200106T223000_Vv8010_001.h5,631621800.0,7.119,-73.122,711,1144,0.15159884095191956,0.1289379745721817,0.3535632789134979,0.3008675277233124,293.5123596191406,2020-01-06 22:28:55+00:00,20.362359619140648
SMAP_L4_SM_gph_20200107T013000_Vv8010_001.h5,631632600.0,7.119,-73.122,711,1144,0.15226437151432037,0.12898342311382294,0.3551543951034546,0.3009859323501587,292.34039306640625,2020-01-07 01:28:55+00:00,19.190393066406273
SMAP_L4_SM_gph_20200107T043000_Vv8010_001.h5,631643400.0,7.119,-73.122,711,1144,0.15260763466358185,0.12908440828323364,0.356080561876297,0.3010900318622589,291.261962890625,2020-01-07 04:28:55+00:00,18.111962890625023
SMAP_L4_SM_gph_20200107T073000_Vv8010_001.h5,631654200.0,7.119,-73.122,711,1144,0.15324564278125763,0.12912653386592865,0.3574911952018738,0.3011997938156128,290.1683654785156,2020-01-07 07:28:55+00:00,17.018365478515648
SMAP_L4_SM_gph_20200107T103000_Vv8010_001.h5,631665000.0,7.119,-73.122,711,1144,0.15440647304058075,0.12921276688575745,0.3601871728897095,0.301387757062912,289.2916259765625,2020-01-07 10:28:55+00:00,16.141625976562523
SMAP_L4_SM_gph_20200107T133000_Vv8010_001.h5,631675800.0,7.119,-73.122,711,1144,0.1549546718597412,0.12912099063396454,0.36156684160232544,0.3011854887008667,290.29998779296875,2020-01-07 13:28:55+00:00,17.149987792968773
SMAP_L4_SM_gph_20200107T163000_Vv8010_001.h5,631686600.0,7.119,-73.122,711,1144,0.15215268731117249,0.12836810946464539,0.35494300723075867,0.2994655668735504,292.84844970703125,2020-01-07 16:28:55+00:00,19.698449707031273
SMAP_L4_SM_gph_20200107T193000_Vv8010_001.h5,631697400.0,7.119,-73.122,711,1144,0.1485714316368103,0.1275792121887207,0.3465033173561096,0.2975299656391144,294.1536560058594,2020-01-07 19:28:55+00:00,21.003656005859398
SMAP_L4_SM_gph_20200107T223000_Vv8010_001.h5,631708200.0,7.119,-73.122,711,1144,0.14751628041267395,0.12733224034309387,0.3440886437892914,0.2970343232154846,293.765380859375,2020-01-07 22:28:55+00:00,20.615380859375023
