MONTH,T2M,T2M_MAX,T2M_MIN
1,20.381236559139783,27.188817204301074,14.950860215053764
2,21.085529411764707,27.51429411764706,16.290764705882353
3,20.72225806451613,26.55005376344086,16.414193548387097
4,20.75111111111111,26.11772222222222,16.885
5,21.086021505376344,26.5205376344086,16.97720430107527
6,20.59011111111111,26.168277777777778,16.213277777777776
7,20.888870967741934,26.931344086021504,16.01435483870968
8,20.828279569892473,26.78661290322581,16.267741935483873
9,21.001055555555556,27.06488888888889,16.498833333333334
10,20.396612903225808,25.666129032258063,16.64752688172043
11,19.870666666666665,24.73072222222222,16.380444444444443
12,20.06290322580645,25.861935483870965,15.787043010752688
