mes,temperatura_media,temperatura_maxima,temperatura_minima,precipitacion_total,humedad_relativa_media,viento_medio,radiacion_media,humedad_suelo_superficial_media,humedad_suelo_superficial_min,humedad_suelo_superficial_max,humedad_suelo_raiz_media,humedad_suelo_raiz_min,humedad_suelo_raiz_max,temperatura_suelo_media,temperatura_suelo_min,temperatura_suelo_max
2020-01,13.456129032258064,20.17,5.14,55.13,85.78645161290324,2.437741935483871,19.03774193548387,0.23924303679696973,0.2047977745532989,0.2917945086956024,0.2822571589100745,0.2732718884944916,0.2986800968647003,10.3207464402722,7.294152832031273,11.391961669921898
2020-02,13.714137931034482,20.43,5.63,68.9,83.34482758620689,2.546206896551724,20.308275862068967,0.21272918941645783,0.1767249256372451,0.2677009999752044,0.2626992525725529,0.2538785934448242,0.2767135202884674,10.583066953461769,6.867028808593773,12.687341308593773
2020-03,14.081935483870968,20.7,5.58,198.92,84.89032258064516,2.169677419354839,17.52258064516129,0.23127266908845592,0.160724401473999,0.2887640297412872,0.25909819045374466,0.2459021210670471,0.2734195291996002,11.321704298450124,9.301354980468773,13.019738769531273
2020-04,14.283999999999999,21.04,7.77,171.54,87.43166666666666,2.572666666666667,16.210666666666665,0.24572640955448147,0.2137376368045807,0.3046170771121979,0.2749603400627772,0.2632297873497009,0.2882801592350006,11.72039693196617,10.058068847656273,13.015100097656273
2020-05,14.029354838709677,19.87,8.89,189.04,89.24709677419354,2.702258064516129,15.348387096774195,0.24721990333449453,0.2158661037683487,0.2888292074203491,0.2673559650298088,0.2610085010528564,0.283186137676239,11.473421945879561,10.367639160156273,12.895776367187525
2020-06,12.897,18.27,7.17,296.75,89.71000000000001,2.8886666666666665,15.897666666666668,0.28768139878908794,0.2507591545581817,0.3378816545009613,0.30164351165294645,0.2880166172981262,0.316822737455368,10.518836466471377,9.500268554687525,11.015161132812525
2020-07,12.52290322580645,17.94,7.13,219.77,89.40516129032258,2.6906451612903224,15.320322580645161,0.3025385333645728,0.2630690634250641,0.3231093287467956,0.32420396516399996,0.3079206943511963,0.3289544582366943,10.24635935137351,9.163598632812525,11.217584228515648
2020-08,13.071935483870968,18.7,6.47,141.75,88.31225806451613,2.4538709677419352,15.48258064516129,0.2788863109965478,0.2433061301708221,0.3184865415096283,0.3158745765686035,0.3057819604873657,0.3290927112102508,10.320472766507079,8.240350341796898,11.377313232421898
2020-09,13.094333333333333,19.52,7.25,140.63,87.259,2.4066666666666667,17.08833333333333,0.2794779827197393,0.2395457923412323,0.3267208337783813,0.3134424736102422,0.3075123727321625,0.3226740956306457,10.360100301106794,8.903802490234398,11.670861816406273
2020-10,13.176774193548388,20.53,7.36,59.410000000000004,85.87612903225806,2.1629032258064513,16.79612903225806,0.2653043818089269,0.2266257107257843,0.3142606616020202,0.29900593526901736,0.2878960967063904,0.309673935174942,10.437091261340749,9.406701660156273,12.057946777343773
2020-11,13.798666666666666,20.42,9.21,49.4,87.67399999999999,1.6746666666666667,15.773666666666665,0.3180098752180735,0.2876124978065491,0.33895343542099,0.33200508455435435,0.3071750998497009,0.3477122485637665,10.767973836263044,10.021905517578148,11.674920654296898
2020-12,13.908064516129032,20.28,7.21,89.0,85.82354838709676,2.180967741935484,17.797096774193548,0.2848703111371686,0.2408679127693176,0.3186341822147369,0.322792112827301,0.3105812668800354,0.338896244764328,10.410573454826132,8.610223388671898,11.499627685546898
2021-01,13.14258064516129,20.58,5.99,81.27,84.6658064516129,2.3187096774193545,18.941290322580645,0.24281594589833289,0.1958436518907547,0.3058877289295196,0.2975147414592005,0.2773400843143463,0.3150116801261902,9.829304159841252,8.004357910156273,11.337731933593773
2021-02,13.77892857142857,20.38,7.61,92.72,85.69000000000001,2.0421428571428573,17.03392857142857,0.23181135420288354,0.1900460422039032,0.29411181807518,0.2733730865376336,0.2667100727558136,0.2803881466388702,10.932027980259509,9.730737304687525,12.380639648437525
2021-03,13.36225806451613,20.05,8.4,89.08,85.77903225806452,2.1748387096774193,14.734516129032258,0.25923947076643666,0.2255835086107254,0.2911898493766784,0.27863238415410435,0.2671657502651214,0.2884159088134765,10.745159321446595,9.245141601562525,11.869042968750025
2021-04,14.004666666666667,20.25,7.82,121.94,86.74066666666666,2.7323333333333335,16.761666666666667,0.26479600767294564,0.1988877654075622,0.3160575628280639,0.2903173764546712,0.2812650203704834,0.3059071004390716,10.847068277994815,8.688867187500023,12.167993164062525
2021-05,13.803870967741936,19.84,7.72,0.0,85.80000000000001,2.8403225806451613,15.670322580645161,0.3149255052689583,0.2737162709236145,0.3450589776039123,0.33533289067206845,0.3105243444442749,0.3468720018863678,10.700295528288834,9.358605957031273,11.506829833984398
2021-06,13.560666666666666,20.11,7.67,25.810000000000002,82.92399999999999,3.098,16.143333333333334,0.32544134259223934,0.301076591014862,0.3465996086597442,0.3470106234153112,0.3338248431682586,0.3611290454864502,10.13403218587242,8.874780273437523,11.261560058593773
2021-07,13.665806451612903,20.39,6.9,4.79,80.94258064516129,3.709354838709677,15.219032258064518,0.31528873020602805,0.2912075519561767,0.3364098966121673,0.34199569975176164,0.3365658223628998,0.3479805588722229,9.871255000945084,9.030572509765648,10.581384277343773
2021-08,14.278387096774193,22.48,8.36,1.1800000000000002,78.45161290322581,3.376774193548387,15.736774193548388,0.3157246497369582,0.2764490842819214,0.3470264673233032,0.34087168593560496,0.3278235197067261,0.3536067605018616,10.135476192351334,8.269494628906273,10.810449218750025
2021-09,14.423,22.15,7.94,27.209999999999997,76.41533333333334,3.304666666666667,16.771,0.3078836431105932,0.2727511525154114,0.3370891511440277,0.3391434649626414,0.3299357891082763,0.3494078814983368,9.997776285807314,8.658044433593773,10.689782714843773
2021-10,14.93,23.33,8.65,41.44,80.4241935483871,2.8116129032258064,16.904838709677417,0.31038527719436154,0.2762134969234466,0.3403930366039276,0.3355244465412632,0.3252269625663757,0.3508419394493103,10.587285983177946,9.053491210937525,11.699243164062525
2021-11,14.782333333333334,23.47,8.48,51.99,78.63533333333334,2.493666666666667,17.979666666666667,0.3140375683705012,0.2786430716514587,0.3439821004867553,0.343473873535792,0.3304671049118042,0.355165034532547,10.375332641601585,9.094171142578148,11.710900878906273
2021-12,14.550645161290323,21.78,8.07,81.99,82.26774193548388,2.358064516129032,17.42838709677419,0.27076938652223154,0.2403595149517059,0.3073152899742126,0.31770584564055165,0.3016320765018463,0.3384549915790558,10.84521169354841,9.009271240234398,12.118371582031273
2022-01,14.350967741935484,23.28,8.18,32.83,75.8258064516129,2.0999999999999996,18.12548387096774,0.2340184378047143,0.2044906020164489,0.2826545834541321,0.2836652648064397,0.2725789248943329,0.2994744181632995,9.96266302293349,8.079125976562523,11.474664306640648
2022-02,14.083571428571428,22.32,8.39,115.25999999999999,80.48071428571428,2.2639285714285715,15.7125,0.25341053200619557,0.1993932276964187,0.2941078245639801,0.28006110766104286,0.2669098675251007,0.2911219000816345,10.548222569056943,8.717065429687523,11.515710449218773
2022-03,13.800645161290323,20.26,7.17,173.18,87.23516129032258,2.434516129032258,16.195806451612903,0.27011649310588837,0.2328383028507232,0.3059247732162475,0.29410620274082305,0.2818842530250549,0.3081842362880707,11.010268475932483,9.915002441406273,12.023767089843773
2022-04,13.679333333333334,19.82,8.78,312.71999999999997,87.82666666666667,2.442,14.925,0.27260574251413344,0.2081113159656524,0.326233834028244,0.2961314499378204,0.2805349230766296,0.3243705630302429,10.83975524902346,9.899987792968773,11.410943603515648
2022-05,13.212258064516128,18.6,7.74,394.0,90.17096774193548,2.607741935483871,15.731935483870968,0.31518199943727054,0.2521418929100036,0.3884627819061279,0.3346638939073009,0.3104682564735412,0.3497993648052215,10.664218828755063,9.722955322265648,11.632684326171898
2022-06,12.694333333333333,18.12,7.75,261.53,90.269,2.5106666666666664,15.095333333333334,0.3385331600904465,0.3098452687263489,0.3732857406139374,0.35970634122689565,0.3481073379516601,0.3689606785774231,9.93467712402346,8.604760742187523,10.788964843750025
2022-07,12.566451612903226,18.24,7.39,291.75,89.81451612903226,2.7138709677419355,15.762258064516129,0.34515977674914944,0.3306766450405121,0.3605879843235016,0.3668674451689566,0.3617940843105316,0.3731167912483215,9.902635931199619,8.924645996093773,10.617761230468773
2022-08,12.230645161290322,18.77,6.91,274.67,88.90129032258065,2.660322580645161,16.136774193548387,0.3401872871383544,0.3162295222282409,0.3682231605052948,0.36611619111030325,0.350645363330841,0.3821722269058227,9.477598916330669,7.882257080078148,10.373162841796898
2022-09,13.049333333333333,18.32,8.25,211.14,88.077,2.5193333333333334,16.379,0.3138119250535965,0.2786981463432312,0.3386180400848388,0.3428682893514633,0.3337574601173401,0.3507581353187561,9.953329467773461,8.635339355468773,10.683496093750025
2022-10,13.283870967741937,19.67,7.08,270.48,89.07290322580646,2.0677419354838706,16.41741935483871,0.3340089032726902,0.3126397132873535,0.3545384407043457,0.35590719119195013,0.3455430269241333,0.3682253658771515,10.264452337449619,8.827600097656273,11.427636718750025
2022-11,13.411666666666667,18.87,8.82,179.7,91.038,1.7326666666666666,14.951333333333334,0.33894191881020863,0.3167698979377746,0.3523145020008087,0.3616594473520915,0.3542189300060272,0.3683890402317047,10.382813517252627,8.675256347656273,11.089440917968773
2022-12,12.816774193548387,19.1,5.0,82.71000000000001,86.86419354838709,2.0587096774193547,18.298387096774192,0.30855718543452604,0.2493485212326049,0.3513686060905456,0.346740496735419,0.3243104517459869,0.3647385239601135,9.312095199092765,6.959863281250023,10.813104248046898
2023-01,12.326774193548387,19.3,4.29,174.35,87.05967741935484,2.2506451612903224,17.131290322580647,0.2938498258590698,0.2295116484165191,0.3288942575454712,0.3283620986246293,0.3162781596183777,0.3385219275951385,9.149269153225829,6.170678710937523,10.893365478515648
2023-02,13.016785714285716,19.55,5.18,44.8,84.39250000000001,2.7049999999999996,19.155357142857145,0.23987787429775506,0.2148763835430145,0.292837917804718,0.2989569923707417,0.2859755754470825,0.3143669962882995,9.676462881905715,7.131005859375023,11.421685791015648
2023-03,13.47967741935484,19.76,8.61,152.64,87.29354838709678,2.2374193548387096,14.823870967741936,0.272595297425024,0.2370052933692932,0.313218206167221,0.30028932133028585,0.2829426825046539,0.3143314719200134,10.915424765310002,9.961114501953148,11.778253173828148
2023-04,13.739,19.21,9.26,240.72,89.14899999999999,2.1883333333333335,14.431000000000001,0.2852195223172505,0.2433422058820724,0.3199565410614013,0.30901933908462526,0.2948131859302521,0.3294074237346649,11.030826822916689,10.091027832031273,12.148950195312525
2023-05,13.850967741935484,19.37,7.29,286.54,89.43451612903225,2.6493548387096775,16.55548387096774,0.282554573109073,0.2445588856935501,0.3211926519870758,0.31551274945659025,0.3073962330818176,0.3271654546260834,11.157164346018169,9.851617431640648,12.446618652343773
2023-06,12.763333333333332,17.78,7.69,245.83,90.25133333333333,3.069666666666667,16.330333333333336,0.29904931485652925,0.2540968060493469,0.3305564522743225,0.3276760160923004,0.3145404458045959,0.3383112251758575,10.551761881510439,9.760858154296898,11.150811767578148
2023-07,12.97,18.14,7.76,207.48,90.07870967741935,3.258387096774194,15.62483870967742,0.2959721713296829,0.2703670561313629,0.3304929435253143,0.32110840466714674,0.3165577352046966,0.3254680335521698,10.504367754536313,9.582482910156273,11.309350585937525
2023-08,13.067419354838709,19.5,6.18,184.02,87.70129032258063,2.836129032258065,17.36032258064516,0.28594600192962155,0.2515057325363159,0.3235063552856445,0.31716948170815745,0.30994313955307,0.3249213099479675,10.397605452999015,8.999780273437523,11.752160644531273
2023-09,13.815,20.2,8.23,163.9,87.48,2.7800000000000002,17.382333333333335,0.26774492810169853,0.2329398542642593,0.3129641115665436,0.300790473818779,0.2933893203735351,0.3081540763378143,10.591954549153668,9.667443847656273,12.066552734375025
2023-10,13.961935483870967,20.2,8.06,227.79,87.2216129032258,2.057741935483871,17.148709677419355,0.25923342185635717,0.2311947345733642,0.3201482892036438,0.2877776776590655,0.2771244943141937,0.3059107661247253,11.154442374937018,10.168054199218773,12.149804687500025
2023-11,13.881333333333334,19.74,8.66,179.81,88.73466666666667,2.32,16.831666666666667,0.26692002813021337,0.2300856709480285,0.3079893589019775,0.29820689956347146,0.2879374623298645,0.309346854686737,10.974985758463564,9.608300781250025,12.125817871093773
2023-12,14.391612903225806,19.97,7.85,146.18,90.00806451612904,2.254516129032258,16.659032258064514,0.24085051638464772,0.207835391163826,0.2853807508945465,0.27592332516947093,0.2675409913063049,0.2861804068088531,10.891926230153752,8.574792480468773,12.356317138671898
2024-01,13.613225806451613,21.84,6.16,13.1,82.19548387096773,2.5829032258064517,21.323870967741936,0.19514826180473446,0.1635522097349167,0.2571722865104675,0.2551139073987161,0.2367393672466278,0.2749587595462799,10.049551490045385,7.670739746093773,12.253076171875025
2024-02,14.722758620689655,22.3,8.2,70.37,84.62310344827587,2.4306896551724138,17.324827586206897,0.1986090679620874,0.1678924560546875,0.26058229804039,0.2381302370079632,0.230092242360115,0.250119149684906,11.619596494477394,9.527490234375025,12.669030761718773
2024-03,15.352903225806452,21.6,7.33,121.07000000000001,84.94935483870967,2.5629032258064517,16.360967741935482,0.18856200671965073,0.1616220772266388,0.2407841384410858,0.22554076102472115,0.2202885150909423,0.2346375882625579,12.324152595766153,11.178826904296898,13.530114746093773
2024-04,14.714333333333334,21.9,8.49,186.05,85.42433333333334,2.7036666666666664,16.310666666666666,0.22559657047192253,0.1584544032812118,0.3123526871204376,0.24354360699653624,0.2273860871791839,0.2731430232524872,11.852833048502626,10.462426757812525,13.251367187500025
2024-05,14.486129032258065,20.27,9.83,390.23,89.65548387096774,2.8225806451612905,15.420322580645161,0.2788690564132506,0.2398782521486282,0.3847265541553497,0.28997049889256876,0.2644803524017334,0.3119550347328186,11.93805108839468,11.099450683593773,12.565270996093773
2024-06,13.518333333333334,18.28,8.05,255.26,90.93733333333333,2.862,15.612333333333334,0.31097212433815,0.2707034349441528,0.3557590246200561,0.32859476407368976,0.3062056601047516,0.3439456224441528,10.971125284830752,10.210046386718773,11.815393066406273
2024-07,13.010645161290322,18.16,6.15,165.83,90.73709677419355,3.123548387096774,15.386451612903226,0.30894453967771224,0.2654749453067779,0.3464045524597168,0.34146893120581107,0.3262777924537658,0.3561788201332092,10.469886829007079,9.467431640625025,11.172937011718773
2024-08,13.24258064516129,18.99,7.14,98.79,87.8883870967742,2.9080645161290324,17.083548387096776,0.27183893947832044,0.2294004112482071,0.3314198851585388,0.31379948027672305,0.3025287687778473,0.3257726728916168,10.097059483681978,8.624780273437523,10.867761230468773
2024-09,13.43,19.55,7.38,118.50999999999999,86.355,2.8569999999999998,16.402666666666665,0.2385162313779195,0.2016023695468902,0.3129260241985321,0.28613526622454327,0.2717798352241516,0.3016380965709686,10.811961873372418,9.709802246093773,11.563836669921898
2024-10,13.866129032258065,20.69,7.31,222.05,87.26032258064515,2.566774193548387,18.157096774193548,0.30684481705388716,0.2696841359138489,0.3485010266304016,0.32360189095620184,0.2925621271133423,0.3584144413471222,10.764844143775225,9.457116699218773,11.809655761718773
2024-11,13.832333333333334,19.72,7.4,216.89000000000001,90.28933333333333,2.1273333333333335,14.639999999999999,0.3901315579811732,0.3549509942531585,0.4105679988861084,0.41266928215821586,0.36897873878479,0.4309412837028503,11.033155314127628,9.730432128906273,11.812310791015648
2024-12,13.92225806451613,19.66,7.58,136.67,89.03096774193548,2.358064516129032,16.519032258064517,0.34686383220457256,0.3188313543796539,0.3736416399478912,0.3771527544144661,0.3605726957321167,0.406131237745285,10.56941351121474,8.871453857421898,11.644403076171898
2025-01,12.857096774193549,19.99,4.95,67.69,85.54806451612903,2.658709677419355,18.68516129032258,0.31547205342400453,0.2462021261453628,0.3734759092330932,0.3584503646819822,0.3285015821456909,0.3897497653961181,9.488972128591252,6.395440673828148,11.702722167968773
2025-02,13.89,20.01,9.07,90.7,87.01,2.488571428571429,15.669285714285715,0.278832484036684,0.228227287530899,0.3213956356048584,0.3193194291421345,0.3105591535568237,0.3282705843448639,10.809514072963193,9.318627929687525,12.280541992187525
2025-03,13.938709677419356,20.01,8.04,225.62,88.69225806451612,2.5187096774193547,15.647096774193548,0.32350734549184,0.2548402845859527,0.3565131723880768,0.34767764999020484,0.308004081249237,0.3715537488460541,11.310753410093268,10.001489257812525,12.225732421875025
2025-04,13.787666666666667,19.17,8.16,383.13,90.059,2.5766666666666667,15.885,0.3386671592791875,0.2961035072803497,0.3755956590175628,0.3611645231644312,0.340880811214447,0.3965358436107635,11.068524169921897,9.878991699218773,11.936761474609398
2025-05,13.213870967741935,17.88,8.33,332.33,91.31225806451613,2.8770967741935483,15.277096774193549,0.3760950017359949,0.3582261502742767,0.3944690823554992,0.4011358138053648,0.3892642259597778,0.4118353128433227,11.12791472404236,9.879174804687525,11.730249023437525
2025-06,12.647,17.7,7.42,379.98,91.43599999999999,3.126,14.835666666666667,0.3797399083773295,0.3660331666469574,0.4051859974861145,0.4053979267676671,0.3962253928184509,0.4145874083042145,10.421417236328148,9.218835449218773,11.604333496093773
2025-07,12.340967741935483,17.43,6.9,190.72,90.94999999999999,3.3574193548387097,15.30258064516129,0.3654336919707636,0.3522868454456329,0.3820257484912872,0.3913886595156885,0.3805263042449951,0.403680145740509,9.973478058845789,8.948785400390648,10.795373535156273
2025-08,12.569354838709677,18.1,6.94,203.82999999999998,90.14387096774193,3.0974193548387094,16.453225806451613,0.3747833063525538,0.359484851360321,0.3973054885864258,0.4015479212807071,0.3900927305221557,0.4193071722984314,9.940420630670385,7.816369628906273,10.896752929687525
2025-09,12.890333333333333,19.71,7.3,128.85999999999999,89.09633333333333,3.0589999999999997,16.519666666666666,0.3658341000477473,0.3293558359146118,0.3935180902481079,0.3958506832520167,0.3721505403518677,0.4206188023090362,10.209178670247418,9.131494140625025,10.933587646484398
2025-10,13.071612903225805,18.37,7.47,278.93,89.90032258064515,2.6619354838709675,15.328709677419354,0.3454391283373679,0.3171679079532623,0.3657644987106323,0.3717718393571915,0.3609098792076111,0.3834409713745117,10.035051702683994,9.232141113281273,10.625573730468773
2025-11,13.516,19.04,9.31,115.6,90.08200000000001,2.3913333333333333,15.207333333333334,0.3434283882379532,0.3071154057979584,0.377398133277893,0.36633101602395374,0.3481762111186981,0.398924857378006,10.479514567057315,9.264031982421898,11.167840576171898
2025-12,13.48225806451613,19.22,6.37,57.33,88.86774193548388,1.8612903225806452,16.921612903225807,0.36791332690946515,0.3256830275058746,0.3968855440616607,0.39873346974772794,0.3683361709117889,0.418388307094574,10.449378032069076,7.301934814453148,11.697869873046898
