mes,ETo_media,ETo_acumulada
1,3.870506976982282,119.98571628645072
2,3.945941514405445,111.8016762414876
3,3.684665679396778,114.2246360613001
4,3.467189644333361,104.01568933000084
5,3.573301374841731,110.77234262009365
6,3.464839277837545,103.94517833512634
7,3.7695406842897796,116.85576121298315
8,3.7898736778901996,117.48608401459619
9,3.7948265986481164,113.8447979594435
10,3.3904935057302747,105.10529867763852
11,3.0217928105386536,90.6537843161596
12,3.3380801011578436,103.48048313589315
