indicador,valor,unidad
temperatura_media_anual,20.63639598540146,°C
temperatura_maxima_anual,34.47,°C
temperatura_minima_anual,9.94,°C
precipitacion_acumulada,7629.06,mm
precipitacion_media_diaria,3.480410583941606,mm/día
humedad_relativa_media,74.96787408759126,%
radiacion_media,18.263882299270072,kWh/m²/día
viento_medio,1.5182618613138685,m/s
humedad_superficial_media,0.1868300734284966,m³/m³
humedad_raiz_media,0.1371362815801407,m³/m³
temperatura_suelo_media,18.37124590073191,°C
dias_lluviosos,1031,días
dias_secos,1161,días
porcentaje_dias_secos,52.965328467153284,%
mes_mayor_precipitacion,Marzo,mes
precipitacion_mes_mayor,152.89833333333334,mm
mes_menor_precipitacion,Enero,mes
precipitacion_mes_menor,51.29333333333333,mm
mes_mas_calido,Mayo,mes
mes_mas_frio,Noviembre,mes
mes_mayor_humedad_suelo,Noviembre,mes
mes_menor_humedad_suelo,Enero,mes
cambio_humedad_superficial,-0.042070955038070706,m³/m³
cambio_humedad_zona_radicular,-0.015121743083000183,m³/m³
