fecha,fecha_hora,latitud,longitud,sm_surface,sm_rootzone,sm_surface_wetness,sm_rootzone_wetness,soil_temp_layer1,soil_temp_layer1_celsius,archivo_smap
2020-01-01,2020-01-01 01:28:55+00:00,7.119,-73.122,0.2372458726167678,0.1495568603277206,0.5533929467201233,0.348812460899353,293.1965026855469,20.046502685546898,SMAP_L4_SM_gph_20200101T013000_Vv8010_001.h5
2020-01-01,2020-01-01 04:28:55+00:00,7.119,-73.122,0.2155216038227081,0.1490955501794815,0.5028237700462341,0.3477841019630432,292.5975952148437,19.447595214843773,SMAP_L4_SM_gph_20200101T043000_Vv8010_001.h5
2020-01-01,2020-01-01 07:28:55+00:00,7.119,-73.122,0.2084031254053115,0.1484782993793487,0.4861152768135071,0.3463013172149658,292.1202697753906,18.970269775390648,SMAP_L4_SM_gph_20200101T073000_Vv8010_001.h5
2020-01-01,2020-01-01 10:28:55+00:00,7.119,-73.122,0.2083399444818496,0.1480119675397873,0.4859436154365539,0.345186173915863,291.5326232910156,18.382623291015648,SMAP_L4_SM_gph_20200101T103000_Vv8010_001.h5
2020-01-01,2020-01-01 13:28:55+00:00,7.119,-73.122,0.2060108184814453,0.1473739296197891,0.4804582595825195,0.3438567817211151,291.7358093261719,18.585809326171898,SMAP_L4_SM_gph_20200101T133000_Vv8010_001.h5
2020-01-01,2020-01-01 16:28:55+00:00,7.119,-73.122,0.2017633020877838,0.1464014947414398,0.4706630110740661,0.341426134109497,293.2143859863281,20.064385986328148,SMAP_L4_SM_gph_20200101T163000_Vv8010_001.h5
2020-01-01,2020-01-01 19:28:55+00:00,7.119,-73.122,0.1981499791145324,0.1452768594026565,0.4621508717536926,0.3388317227363586,294.09478759765625,20.944787597656276,SMAP_L4_SM_gph_20200101T193000_Vv8010_001.h5
2020-01-01,2020-01-01 22:28:55+00:00,7.119,-73.122,0.1989230811595916,0.1446597576141357,0.4640345871448517,0.3373859822750091,293.60382080078125,20.453820800781276,SMAP_L4_SM_gph_20200101T223000_Vv8010_001.h5
2020-01-02,2020-01-02 01:28:55+00:00,7.119,-73.122,0.197974756360054,0.1441098898649215,0.4617288708686828,0.3362006843090057,292.6056213378906,19.455621337890648,SMAP_L4_SM_gph_20200102T013000_Vv8010_001.h5
2020-01-02,2020-01-02 04:28:55+00:00,7.119,-73.122,0.1945507973432541,0.1435010135173797,0.4537694752216339,0.3346916437149048,291.73602294921875,18.586022949218773,SMAP_L4_SM_gph_20200102T043000_Vv8010_001.h5
2020-01-02,2020-01-02 07:28:55+00:00,7.119,-73.122,0.191681683063507,0.1428617238998413,0.4470551311969757,0.3332733511924743,290.7392272949219,17.589227294921898,SMAP_L4_SM_gph_20200102T073000_Vv8010_001.h5
2020-01-02,2020-01-02 10:28:55+00:00,7.119,-73.122,0.1895710527896881,0.1422822326421737,0.4421998560428619,0.3319001793861389,289.6254272460937,16.475427246093773,SMAP_L4_SM_gph_20200102T103000_Vv8010_001.h5
2020-01-02,2020-01-02 13:28:55+00:00,7.119,-73.122,0.1884945183992386,0.1418852061033249,0.4397822022438049,0.3309288024902344,290.27557373046875,17.125573730468773,SMAP_L4_SM_gph_20200102T133000_Vv8010_001.h5
2020-01-02,2020-01-02 16:28:55+00:00,7.119,-73.122,0.1850251406431198,0.14083993434906,0.4315940737724304,0.3284675478935241,292.896728515625,19.746728515625023,SMAP_L4_SM_gph_20200102T163000_Vv8010_001.h5
2020-01-02,2020-01-02 19:28:55+00:00,7.119,-73.122,0.1822017878293991,0.1397817879915237,0.4249746203422546,0.3261313736438751,294.22857666015625,21.078576660156276,SMAP_L4_SM_gph_20200102T193000_Vv8010_001.h5
2020-01-02,2020-01-02 22:28:55+00:00,7.119,-73.122,0.18195141851902,0.1392102092504501,0.4243669211864471,0.3247674107551574,293.8569641113281,20.706964111328148,SMAP_L4_SM_gph_20200102T223000_Vv8010_001.h5
2020-01-03,2020-01-03 01:28:55+00:00,7.119,-73.122,0.1835174709558487,0.1390643715858459,0.4281773269176483,0.3243759870529175,292.57305908203125,19.423059082031276,SMAP_L4_SM_gph_20200103T013000_Vv8010_001.h5
2020-01-03,2020-01-03 04:28:55+00:00,7.119,-73.122,0.1827016174793243,0.138671413064003,0.4262382388114929,0.3234887421131134,291.34930419921875,18.199304199218773,SMAP_L4_SM_gph_20200103T043000_Vv8010_001.h5
2020-01-03,2020-01-03 07:28:55+00:00,7.119,-73.122,0.1813405752182006,0.1382996290922165,0.4229227006435394,0.3226198256015777,290.27490234375,17.124902343750023,SMAP_L4_SM_gph_20200103T073000_Vv8010_001.h5
2020-01-03,2020-01-03 10:28:55+00:00,7.119,-73.122,0.1801519244909286,0.1379545629024505,0.4203372299671173,0.3218689262866974,288.8565673828125,15.706567382812525,SMAP_L4_SM_gph_20200103T103000_Vv8010_001.h5
2020-01-03,2020-01-03 13:28:55+00:00,7.119,-73.122,0.17808797955513,0.1374479085206985,0.4152972102165222,0.3206859230995178,289.6387939453125,16.488793945312523,SMAP_L4_SM_gph_20200103T133000_Vv8010_001.h5
2020-01-03,2020-01-03 16:28:55+00:00,7.119,-73.122,0.1733633130788803,0.1366123110055923,0.4043863415718078,0.3186598420143127,292.4852905273437,19.335290527343773,SMAP_L4_SM_gph_20200103T163000_Vv8010_001.h5
2020-01-03,2020-01-03 19:28:55+00:00,7.119,-73.122,0.1690912693738937,0.1357024013996124,0.3944137990474701,0.3165505826473236,294.0242614746094,20.8742614746094,SMAP_L4_SM_gph_20200103T193000_Vv8010_001.h5
2020-01-03,2020-01-03 22:28:55+00:00,7.119,-73.122,0.1673671305179596,0.135257288813591,0.3903597593307495,0.315442144870758,293.80718994140625,20.657189941406276,SMAP_L4_SM_gph_20200103T223000_Vv8010_001.h5
2020-01-04,2020-01-04 01:28:55+00:00,7.119,-73.122,0.167326733469963,0.1350469887256622,0.3904216289520263,0.3150420784950256,292.6630859375,19.513085937500023,SMAP_L4_SM_gph_20200104T013000_Vv8010_001.h5
2020-01-04,2020-01-04 04:28:55+00:00,7.119,-73.122,0.1669653803110122,0.1349104195833206,0.3894411027431488,0.3146750032901764,291.6883850097656,18.538385009765648,SMAP_L4_SM_gph_20200104T043000_Vv8010_001.h5
2020-01-04,2020-01-04 07:28:55+00:00,7.119,-73.122,0.1666640043258667,0.134729117155075,0.3888348340988159,0.3143133819103241,290.8567199707031,17.706719970703148,SMAP_L4_SM_gph_20200104T073000_Vv8010_001.h5
2020-01-04,2020-01-04 10:28:55+00:00,7.119,-73.122,0.1662304699420929,0.1345776468515396,0.3878134191036224,0.3139557540416717,289.9779663085937,16.827966308593773,SMAP_L4_SM_gph_20200104T103000_Vv8010_001.h5
2020-01-04,2020-01-04 13:28:55+00:00,7.119,-73.122,0.1651348918676376,0.1342764049768448,0.3852334916591644,0.3133188486099243,290.75885009765625,17.608850097656273,SMAP_L4_SM_gph_20200104T133000_Vv8010_001.h5
2020-01-04,2020-01-04 16:28:55+00:00,7.119,-73.122,0.1619233638048172,0.1335196048021316,0.3777099847793579,0.3114244937896728,293.31805419921875,20.168054199218773,SMAP_L4_SM_gph_20200104T163000_Vv8010_001.h5
2020-01-04,2020-01-04 19:28:55+00:00,7.119,-73.122,0.1595669686794281,0.1326359063386917,0.3722319304943084,0.3094321191310882,294.6839904785156,21.533990478515648,SMAP_L4_SM_gph_20200104T193000_Vv8010_001.h5
2020-01-04,2020-01-04 22:28:55+00:00,7.119,-73.122,0.1587196141481399,0.1323141902685165,0.3701351583003998,0.3085713684558868,294.2893371582031,21.139337158203148,SMAP_L4_SM_gph_20200104T223000_Vv8010_001.h5
2020-01-05,2020-01-05 01:28:55+00:00,7.119,-73.122,0.1578677296638488,0.1323010027408599,0.3683284521102905,0.3085739016532898,292.9984436035156,19.848443603515648,SMAP_L4_SM_gph_20200105T013000_Vv8010_001.h5
2020-01-05,2020-01-05 04:28:55+00:00,7.119,-73.122,0.1586157232522964,0.1323429942131042,0.370045006275177,0.308683305978775,291.89019775390625,18.740197753906276,SMAP_L4_SM_gph_20200105T043000_Vv8010_001.h5
2020-01-05,2020-01-05 07:28:55+00:00,7.119,-73.122,0.1595210433006286,0.1322811394929886,0.3722312748432159,0.3085591793060303,291.1939697265625,18.043969726562523,SMAP_L4_SM_gph_20200105T073000_Vv8010_001.h5
2020-01-05,2020-01-05 10:28:55+00:00,7.119,-73.122,0.1595611274242401,0.1322525143623352,0.3721523284912109,0.3084109127521515,290.4100646972656,17.260064697265648,SMAP_L4_SM_gph_20200105T103000_Vv8010_001.h5
2020-01-05,2020-01-05 13:28:55+00:00,7.119,-73.122,0.1623276770114898,0.1324299424886703,0.3786618709564209,0.3088111877441406,291.0500793457031,17.900079345703148,SMAP_L4_SM_gph_20200105T133000_Vv8010_001.h5
2020-01-05,2020-01-05 16:28:55+00:00,7.119,-73.122,0.1586034148931503,0.13162162899971,0.3698990941047668,0.3070634603500366,293.30865478515625,20.158654785156276,SMAP_L4_SM_gph_20200105T163000_Vv8010_001.h5
2020-01-05,2020-01-05 19:28:55+00:00,7.119,-73.122,0.1544507294893264,0.1307488232851028,0.360260546207428,0.3049772679805755,294.5177001953125,21.367700195312523,SMAP_L4_SM_gph_20200105T193000_Vv8010_001.h5
2020-01-05,2020-01-05 22:28:55+00:00,7.119,-73.122,0.153075486421585,0.1303647309541702,0.3570338189601898,0.3041128814220428,294.0768127441406,20.926812744140648,SMAP_L4_SM_gph_20200105T223000_Vv8010_001.h5
2020-01-06,2020-01-06 01:28:55+00:00,7.119,-73.122,0.154412105679512,0.1304259151220321,0.3601367771625519,0.3042719662189483,292.5467529296875,19.396752929687523,SMAP_L4_SM_gph_20200106T013000_Vv8010_001.h5
2020-01-06,2020-01-06 04:28:55+00:00,7.119,-73.122,0.1557003706693649,0.1304896026849746,0.3631024062633514,0.3044376373291015,291.20294189453125,18.052941894531276,SMAP_L4_SM_gph_20200106T043000_Vv8010_001.h5
2020-01-06,2020-01-06 07:28:55+00:00,7.119,-73.122,0.1564495414495468,0.130497470498085,0.3648293912410736,0.3044582009315491,290.4383544921875,17.288354492187523,SMAP_L4_SM_gph_20200106T073000_Vv8010_001.h5
2020-01-06,2020-01-06 10:28:55+00:00,7.119,-73.122,0.1571990102529525,0.1305274814367294,0.3666315078735351,0.3045848906040191,290.09033203125,16.940332031250023,SMAP_L4_SM_gph_20200106T103000_Vv8010_001.h5
2020-01-06,2020-01-06 13:28:55+00:00,7.119,-73.122,0.157582014799118,0.1304779797792434,0.3677009046077728,0.3043340742588043,290.7247314453125,17.574731445312523,SMAP_L4_SM_gph_20200106T133000_Vv8010_001.h5
2020-01-06,2020-01-06 16:28:55+00:00,7.119,-73.122,0.155417114496231,0.1298823058605194,0.3625523149967193,0.3030295372009277,292.7599182128906,19.609918212890648,SMAP_L4_SM_gph_20200106T163000_Vv8010_001.h5
2020-01-06,2020-01-06 19:28:55+00:00,7.119,-73.122,0.1522048562765121,0.1291818469762802,0.355006605386734,0.3013551831245422,294.0556335449219,20.905633544921898,SMAP_L4_SM_gph_20200106T193000_Vv8010_001.h5
2020-01-06,2020-01-06 22:28:55+00:00,7.119,-73.122,0.1515988409519195,0.1289379745721817,0.3535632789134979,0.3008675277233124,293.5123596191406,20.362359619140648,SMAP_L4_SM_gph_20200106T223000_Vv8010_001.h5
2020-01-07,2020-01-07 01:28:55+00:00,7.119,-73.122,0.1522643715143203,0.1289834231138229,0.3551543951034546,0.3009859323501587,292.34039306640625,19.190393066406276,SMAP_L4_SM_gph_20200107T013000_Vv8010_001.h5
2020-01-07,2020-01-07 04:28:55+00:00,7.119,-73.122,0.1526076346635818,0.1290844082832336,0.356080561876297,0.3010900318622589,291.261962890625,18.111962890625023,SMAP_L4_SM_gph_20200107T043000_Vv8010_001.h5
2020-01-07,2020-01-07 07:28:55+00:00,7.119,-73.122,0.1532456427812576,0.1291265338659286,0.3574911952018738,0.3011997938156128,290.1683654785156,17.018365478515648,SMAP_L4_SM_gph_20200107T073000_Vv8010_001.h5
2020-01-07,2020-01-07 10:28:55+00:00,7.119,-73.122,0.1544064730405807,0.1292127668857574,0.3601871728897095,0.301387757062912,289.2916259765625,16.141625976562523,SMAP_L4_SM_gph_20200107T103000_Vv8010_001.h5
2020-01-07,2020-01-07 13:28:55+00:00,7.119,-73.122,0.1549546718597412,0.1291209906339645,0.3615668416023254,0.3011854887008667,290.29998779296875,17.149987792968773,SMAP_L4_SM_gph_20200107T133000_Vv8010_001.h5
2020-01-07,2020-01-07 16:28:55+00:00,7.119,-73.122,0.1521526873111724,0.1283681094646453,0.3549430072307586,0.2994655668735504,292.84844970703125,19.698449707031276,SMAP_L4_SM_gph_20200107T163000_Vv8010_001.h5
2020-01-07,2020-01-07 19:28:55+00:00,7.119,-73.122,0.1485714316368103,0.1275792121887207,0.3465033173561096,0.2975299656391144,294.1536560058594,21.0036560058594,SMAP_L4_SM_gph_20200107T193000_Vv8010_001.h5
2020-01-07,2020-01-07 22:28:55+00:00,7.119,-73.122,0.1475162804126739,0.1273322403430938,0.3440886437892914,0.2970343232154846,293.765380859375,20.615380859375023,SMAP_L4_SM_gph_20200107T223000_Vv8010_001.h5
2020-01-08,2020-01-08 01:28:55+00:00,7.119,-73.122,0.1470238268375396,0.127301424741745,0.3430238366127014,0.2969967126846313,292.60205078125,19.452050781250023,SMAP_L4_SM_gph_20200108T013000_Vv8010_001.h5
2020-01-08,2020-01-08 04:28:55+00:00,7.119,-73.122,0.1486089527606964,0.1274507045745849,0.3466763496398926,0.2972690761089325,291.5429077148437,18.392907714843773,SMAP_L4_SM_gph_20200108T043000_Vv8010_001.h5
2020-01-08,2020-01-08 07:28:55+00:00,7.119,-73.122,0.1506841480731964,0.1276108026504516,0.3514370918273926,0.2976123094558716,290.61724853515625,17.467248535156273,SMAP_L4_SM_gph_20200108T073000_Vv8010_001.h5
2020-01-08,2020-01-08 10:28:55+00:00,7.119,-73.122,0.151390865445137,0.1276574730873108,0.3532207310199737,0.2977339327335357,289.3590393066406,16.209039306640648,SMAP_L4_SM_gph_20200108T103000_Vv8010_001.h5
2020-01-08,2020-01-08 13:28:55+00:00,7.119,-73.122,0.1529439389705658,0.127663567662239,0.3567991554737091,0.2977497577667236,289.95947265625,16.809472656250023,SMAP_L4_SM_gph_20200108T133000_Vv8010_001.h5
2020-01-08,2020-01-08 16:28:55+00:00,7.119,-73.122,0.1479121297597885,0.1267567127943039,0.3451079726219177,0.2957453727722168,292.7073669433594,19.5573669433594,SMAP_L4_SM_gph_20200108T163000_Vv8010_001.h5
2020-01-08,2020-01-08 19:28:55+00:00,7.119,-73.122,0.1445285826921463,0.1259467601776123,0.3371338546276092,0.2937126457691192,294.0592041015625,20.909204101562523,SMAP_L4_SM_gph_20200108T193000_Vv8010_001.h5
2020-01-08,2020-01-08 22:28:55+00:00,7.119,-73.122,0.1441432386636734,0.1257098615169525,0.336258977651596,0.2932858765125274,293.762451171875,20.612451171875023,SMAP_L4_SM_gph_20200108T223000_Vv8010_001.h5
2020-01-09,2020-01-09 01:28:55+00:00,7.119,-73.122,0.1455317437648773,0.125857412815094,0.3394651710987091,0.2935169041156769,292.34344482421875,19.193444824218773,SMAP_L4_SM_gph_20200109T013000_Vv8010_001.h5
2020-01-09,2020-01-09 04:28:55+00:00,7.119,-73.122,0.1465038210153579,0.1259811371564865,0.3416957259178161,0.2938448190689087,290.9424133300781,17.792413330078148,SMAP_L4_SM_gph_20200109T043000_Vv8010_001.h5
2020-01-09,2020-01-09 07:28:55+00:00,7.119,-73.122,0.147259846329689,0.126050665974617,0.3434956967830658,0.2940683364868164,289.73651123046875,16.586511230468773,SMAP_L4_SM_gph_20200109T073000_Vv8010_001.h5
2020-01-09,2020-01-09 10:28:55+00:00,7.119,-73.122,0.1477445065975189,0.1261297613382339,0.3446271419525146,0.2942006886005401,288.7994384765625,15.649438476562525,SMAP_L4_SM_gph_20200109T103000_Vv8010_001.h5
2020-01-09,2020-01-09 13:28:55+00:00,7.119,-73.122,0.1476149559020996,0.1260351985692978,0.344262033700943,0.2940281331539154,289.93231201171875,16.782312011718773,SMAP_L4_SM_gph_20200109T133000_Vv8010_001.h5
2020-01-09,2020-01-09 16:28:55+00:00,7.119,-73.122,0.1441837847232818,0.1252450048923492,0.3364078402519226,0.2920835316181183,292.7587280273437,19.608728027343773,SMAP_L4_SM_gph_20200109T163000_Vv8010_001.h5
2020-01-09,2020-01-09 19:28:55+00:00,7.119,-73.122,0.1409764587879181,0.124360367655754,0.3288401067256927,0.2901739478111267,294.24127197265625,21.091271972656276,SMAP_L4_SM_gph_20200109T193000_Vv8010_001.h5
2020-01-09,2020-01-09 22:28:55+00:00,7.119,-73.122,0.1522023975849151,0.1250481009483337,0.3550605773925781,0.2917240560054779,293.93035888671875,20.780358886718773,SMAP_L4_SM_gph_20200109T223000_Vv8010_001.h5
2020-01-10,2020-01-10 01:28:55+00:00,7.119,-73.122,0.1517139822244644,0.1251515448093414,0.3539068698883056,0.2919564247131347,292.3148498535156,19.164849853515648,SMAP_L4_SM_gph_20200110T013000_Vv8010_001.h5
2020-01-10,2020-01-10 04:28:55+00:00,7.119,-73.122,0.1513001918792724,0.1252626478672027,0.352908045053482,0.292208731174469,290.70098876953125,17.550988769531273,SMAP_L4_SM_gph_20200110T043000_Vv8010_001.h5
2020-01-10,2020-01-10 07:28:55+00:00,7.119,-73.122,0.1524424850940704,0.1253871321678161,0.3556313514709472,0.2924166023731231,289.27001953125,16.120019531250023,SMAP_L4_SM_gph_20200110T073000_Vv8010_001.h5
2020-01-10,2020-01-10 10:28:55+00:00,7.119,-73.122,0.1526004076004028,0.1254634410142898,0.3559324145317077,0.2927004992961883,288.10577392578125,14.955773925781273,SMAP_L4_SM_gph_20200110T103000_Vv8010_001.h5
2020-01-10,2020-01-10 13:28:55+00:00,7.119,-73.122,0.1506561338901519,0.1252797991037368,0.3514069616794586,0.2921682596206665,289.3416748046875,16.191674804687523,SMAP_L4_SM_gph_20200110T133000_Vv8010_001.h5
2020-01-10,2020-01-10 16:28:55+00:00,7.119,-73.122,0.1428171247243881,0.124184101819992,0.3332083523273468,0.2897345721721649,292.476318359375,19.326318359375023,SMAP_L4_SM_gph_20200110T163000_Vv8010_001.h5
2020-01-10,2020-01-10 19:28:55+00:00,7.119,-73.122,0.1372769027948379,0.1231209859251976,0.3201985359191894,0.2871046662330627,293.9604187011719,20.810418701171898,SMAP_L4_SM_gph_20200110T193000_Vv8010_001.h5
2020-01-10,2020-01-10 22:28:55+00:00,7.119,-73.122,0.135770246386528,0.1227774173021316,0.3167065382003784,0.2864311337471008,293.7675476074219,20.617547607421898,SMAP_L4_SM_gph_20200110T223000_Vv8010_001.h5
2020-01-11,2020-01-11 01:28:55+00:00,7.119,-73.122,0.1398596465587616,0.1231603249907493,0.3262444734573364,0.2872979640960693,292.0385437011719,18.888543701171898,SMAP_L4_SM_gph_20200111T013000_Vv8010_001.h5
2020-01-11,2020-01-11 04:28:55+00:00,7.119,-73.122,0.1403663009405136,0.1232197433710098,0.3273920118808746,0.2874952256679535,290.4098815917969,17.259881591796898,SMAP_L4_SM_gph_20200111T043000_Vv8010_001.h5
2020-01-11,2020-01-11 07:28:55+00:00,7.119,-73.122,0.1417465060949325,0.1233344450592994,0.3306533992290497,0.2876776158809662,289.1761779785156,16.026177978515648,SMAP_L4_SM_gph_20200111T073000_Vv8010_001.h5
2020-01-11,2020-01-11 10:28:55+00:00,7.119,-73.122,0.1429004818201065,0.1234337985515594,0.3332979679107666,0.2879114151000976,288.343505859375,15.193505859375025,SMAP_L4_SM_gph_20200111T103000_Vv8010_001.h5
2020-01-11,2020-01-11 13:28:55+00:00,7.119,-73.122,0.1421450227499008,0.1233145594596862,0.3315825462341308,0.2876317501068115,289.67364501953125,16.523645019531273,SMAP_L4_SM_gph_20200111T133000_Vv8010_001.h5
2020-01-11,2020-01-11 16:28:55+00:00,7.119,-73.122,0.137681171298027,0.1224365904927253,0.3211030662059784,0.2855749428272247,292.4049072265625,19.254907226562523,SMAP_L4_SM_gph_20200111T163000_Vv8010_001.h5
2020-01-11,2020-01-11 19:28:55+00:00,7.119,-73.122,0.1343479454517364,0.121614970266819,0.3134273290634155,0.2836279273033142,293.72662353515625,20.576623535156276,SMAP_L4_SM_gph_20200111T193000_Vv8010_001.h5
2020-01-11,2020-01-11 22:28:55+00:00,7.119,-73.122,0.1341928243637085,0.1214105114340782,0.3129326105117798,0.2832428216934204,293.60565185546875,20.455651855468773,SMAP_L4_SM_gph_20200111T223000_Vv8010_001.h5
2020-01-12,2020-01-12 01:28:55+00:00,7.119,-73.122,0.1361782848834991,0.1216236799955368,0.3176442682743072,0.2836815118789673,292.2392883300781,19.089288330078148,SMAP_L4_SM_gph_20200112T013000_Vv8010_001.h5
2020-01-12,2020-01-12 04:28:55+00:00,7.119,-73.122,0.1374336183071136,0.1218084916472435,0.3205744326114654,0.2841316163539886,290.92584228515625,17.775842285156273,SMAP_L4_SM_gph_20200112T043000_Vv8010_001.h5
2020-01-12,2020-01-12 07:28:55+00:00,7.119,-73.122,0.1385345757007599,0.1219586357474327,0.3231312930583954,0.2844489514827728,289.9103088378906,16.760308837890648,SMAP_L4_SM_gph_20200112T073000_Vv8010_001.h5
2020-01-12,2020-01-12 10:28:55+00:00,7.119,-73.122,0.1387689113616943,0.1220313161611557,0.3236456513404846,0.2846808433532715,289.07391357421875,15.923913574218773,SMAP_L4_SM_gph_20200112T103000_Vv8010_001.h5
2020-01-12,2020-01-12 13:28:55+00:00,7.119,-73.122,0.1377305090427398,0.1219099014997482,0.3213056325912475,0.284396082162857,290.2631225585937,17.113122558593773,SMAP_L4_SM_gph_20200112T133000_Vv8010_001.h5
2020-01-12,2020-01-12 16:28:55+00:00,7.119,-73.122,0.1342231631278991,0.121014691889286,0.313145250082016,0.2822518348693847,293.1268005371094,19.9768005371094,SMAP_L4_SM_gph_20200112T163000_Vv8010_001.h5
2020-01-12,2020-01-12 19:28:55+00:00,7.119,-73.122,0.1312486231327057,0.1201274693012237,0.3060719072818756,0.2801708877086639,294.567138671875,21.417138671875023,SMAP_L4_SM_gph_20200112T193000_Vv8010_001.h5
2020-01-12,2020-01-12 22:28:55+00:00,7.119,-73.122,0.1332973837852478,0.120021253824234,0.3109719753265381,0.2799680233001709,294.2948608398437,21.144860839843773,SMAP_L4_SM_gph_20200112T223000_Vv8010_001.h5
2020-01-13,2020-01-13 01:28:55+00:00,7.119,-73.122,0.1387581974267959,0.1205134615302085,0.3237256109714508,0.2811193466186523,292.7413635253906,19.591363525390648,SMAP_L4_SM_gph_20200113T013000_Vv8010_001.h5
2020-01-13,2020-01-13 04:28:55+00:00,7.119,-73.122,0.1407551914453506,0.1207279488444328,0.3282741606235504,0.2816894054412842,291.3912658691406,18.241265869140648,SMAP_L4_SM_gph_20200113T043000_Vv8010_001.h5
2020-01-13,2020-01-13 07:28:55+00:00,7.119,-73.122,0.1427082866430282,0.120911993086338,0.3329036235809326,0.2820158004760742,290.32989501953125,17.179895019531273,SMAP_L4_SM_gph_20200113T073000_Vv8010_001.h5
2020-01-13,2020-01-13 10:28:55+00:00,7.119,-73.122,0.143885388970375,0.1210016086697578,0.3356354832649231,0.2822125256061554,289.49078369140625,16.340783691406273,SMAP_L4_SM_gph_20200113T103000_Vv8010_001.h5
2020-01-13,2020-01-13 13:28:55+00:00,7.119,-73.122,0.1412601321935653,0.1207537800073623,0.3295127749443054,0.2815924882888794,290.4656677246094,17.315667724609398,SMAP_L4_SM_gph_20200113T133000_Vv8010_001.h5
2020-01-13,2020-01-13 16:28:55+00:00,7.119,-73.122,0.1362300366163253,0.1198670789599418,0.3178692758083343,0.2796350121498108,293.0982360839844,19.9482360839844,SMAP_L4_SM_gph_20200113T163000_Vv8010_001.h5
2020-01-13,2020-01-13 19:28:55+00:00,7.119,-73.122,0.1318579018115997,0.1189923211932182,0.3075431287288666,0.2776340842247009,294.51129150390625,21.361291503906276,SMAP_L4_SM_gph_20200113T193000_Vv8010_001.h5
2020-01-13,2020-01-13 22:28:55+00:00,7.119,-73.122,0.1316410303115844,0.1188215762376785,0.3071025311946869,0.2771781980991363,294.3839111328125,21.233911132812523,SMAP_L4_SM_gph_20200113T223000_Vv8010_001.h5
2020-01-14,2020-01-14 01:28:55+00:00,7.119,-73.122,0.1338242888450622,0.1190854832530021,0.3121320605278015,0.2777551710605621,292.9401550292969,19.790155029296898,SMAP_L4_SM_gph_20200114T013000_Vv8010_001.h5
2020-01-14,2020-01-14 04:28:55+00:00,7.119,-73.122,0.135545402765274,0.1193011999130249,0.316146045923233,0.2782440483570099,291.7098999023437,18.559899902343773,SMAP_L4_SM_gph_20200114T043000_Vv8010_001.h5
2020-01-14,2020-01-14 07:28:55+00:00,7.119,-73.122,0.1362376064062118,0.1194408982992172,0.3178406953811645,0.2786563038825989,290.7886657714844,17.638665771484398,SMAP_L4_SM_gph_20200114T073000_Vv8010_001.h5
2020-01-14,2020-01-14 10:28:55+00:00,7.119,-73.122,0.1370429843664169,0.1195716187357902,0.319646418094635,0.2788856327533722,290.1301574707031,16.980157470703148,SMAP_L4_SM_gph_20200114T103000_Vv8010_001.h5
2020-01-14,2020-01-14 13:28:55+00:00,7.119,-73.122,0.1374928653240203,0.1194731518626213,0.3206473290920257,0.2787079811096191,291.20068359375,18.050683593750023,SMAP_L4_SM_gph_20200114T133000_Vv8010_001.h5
2020-01-14,2020-01-14 16:28:55+00:00,7.119,-73.122,0.134423553943634,0.1186306923627853,0.3135011494159698,0.2767864465713501,293.882568359375,20.732568359375023,SMAP_L4_SM_gph_20200114T163000_Vv8010_001.h5
2020-01-14,2020-01-14 19:28:55+00:00,7.119,-73.122,0.1314877569675445,0.117817036807537,0.306769996881485,0.2748230099678039,295.168212890625,22.018212890625023,SMAP_L4_SM_gph_20200114T193000_Vv8010_001.h5
2020-01-14,2020-01-14 22:28:55+00:00,7.119,-73.122,0.1398266553878784,0.1181292682886123,0.3262474238872528,0.2754941284656524,294.647705078125,21.497705078125023,SMAP_L4_SM_gph_20200114T223000_Vv8010_001.h5
2020-01-15,2020-01-15 01:28:55+00:00,7.119,-73.122,0.149487555027008,0.1188371554017067,0.3487920761108398,0.2771337628364563,293.3992919921875,20.249291992187523,SMAP_L4_SM_gph_20200115T013000_Vv8010_001.h5
2020-01-15,2020-01-15 04:28:55+00:00,7.119,-73.122,0.1487990617752075,0.1190139651298523,0.347161591053009,0.2776430547237396,292.2154541015625,19.065454101562523,SMAP_L4_SM_gph_20200115T043000_Vv8010_001.h5
2020-01-15,2020-01-15 07:28:55+00:00,7.119,-73.122,0.1483057588338852,0.1191855370998382,0.3459552228450775,0.2780541181564331,291.2938842773437,18.143884277343773,SMAP_L4_SM_gph_20200115T073000_Vv8010_001.h5
2020-01-15,2020-01-15 10:28:55+00:00,7.119,-73.122,0.1481212228536605,0.1193258017301559,0.3455112278461456,0.2783084511756897,290.53485107421875,17.384851074218773,SMAP_L4_SM_gph_20200115T103000_Vv8010_001.h5
2020-01-15,2020-01-15 13:28:55+00:00,7.119,-73.122,0.1465865671634674,0.119206815958023,0.3419159352779388,0.2779974043369293,291.52838134765625,18.378381347656276,SMAP_L4_SM_gph_20200115T133000_Vv8010_001.h5
2020-01-15,2020-01-15 16:28:55+00:00,7.119,-73.122,0.1417352855205536,0.1183287873864173,0.3304935991764068,0.2759828567504883,294.07830810546875,20.928308105468773,SMAP_L4_SM_gph_20200115T163000_Vv8010_001.h5
2020-01-15,2020-01-15 19:28:55+00:00,7.119,-73.122,0.1376659125089645,0.1175117269158363,0.3211996257305145,0.2741326987743377,295.278076171875,22.128076171875023,SMAP_L4_SM_gph_20200115T193000_Vv8010_001.h5
2020-01-15,2020-01-15 22:28:55+00:00,7.119,-73.122,0.139480710029602,0.1175463795661926,0.3253691494464874,0.2741859555244446,294.69647216796875,21.546472167968773,SMAP_L4_SM_gph_20200115T223000_Vv8010_001.h5
2020-01-16,2020-01-16 01:28:55+00:00,7.119,-73.122,0.1376810520887375,0.1175258681178093,0.3211759626865387,0.2741695940494537,293.4684143066406,20.318414306640648,SMAP_L4_SM_gph_20200116T013000_Vv8010_001.h5
2020-01-16,2020-01-16 04:28:55+00:00,7.119,-73.122,0.1410722583532333,0.1178289204835891,0.3291583061218261,0.2748540639877319,292.57550048828125,19.425500488281276,SMAP_L4_SM_gph_20200116T043000_Vv8010_001.h5
2020-01-16,2020-01-16 07:28:55+00:00,7.119,-73.122,0.1434669494628906,0.1180929243564605,0.3345920443534851,0.275473803281784,291.9059143066406,18.755914306640648,SMAP_L4_SM_gph_20200116T073000_Vv8010_001.h5
2020-01-16,2020-01-16 10:28:55+00:00,7.119,-73.122,0.1436212211847305,0.118240013718605,0.3349835574626922,0.2757832407951355,291.017333984375,17.867333984375023,SMAP_L4_SM_gph_20200116T103000_Vv8010_001.h5
2020-01-16,2020-01-16 13:28:55+00:00,7.119,-73.122,0.1423588097095489,0.1181540116667747,0.3320290148258209,0.2756012082099914,291.9620666503906,18.812066650390648,SMAP_L4_SM_gph_20200116T133000_Vv8010_001.h5
2020-01-16,2020-01-16 16:28:55+00:00,7.119,-73.122,0.137273296713829,0.1172645688056945,0.3202235996723175,0.2735567986965179,294.4730834960937,21.323083496093773,SMAP_L4_SM_gph_20200116T163000_Vv8010_001.h5
2020-01-16,2020-01-16 19:28:55+00:00,7.119,-73.122,0.133442148566246,0.1164399459958076,0.3113550543785095,0.2716391086578369,295.7301940917969,22.580194091796898,SMAP_L4_SM_gph_20200116T193000_Vv8010_001.h5
2020-01-16,2020-01-16 22:28:55+00:00,7.119,-73.122,0.1343455612659454,0.1163475215435028,0.3133592307567596,0.2713926434516907,295.3353271484375,22.185327148437523,SMAP_L4_SM_gph_20200116T223000_Vv8010_001.h5
2020-01-17,2020-01-17 01:28:55+00:00,7.119,-73.122,0.1361783444881439,0.1165913119912147,0.317658394575119,0.2718801200389862,293.97564697265625,20.825646972656276,SMAP_L4_SM_gph_20200117T013000_Vv8010_001.h5
2020-01-17,2020-01-17 04:28:55+00:00,7.119,-73.122,0.136512354016304,0.1167583689093589,0.3184350728988647,0.2723638415336609,292.7226867675781,19.572686767578148,SMAP_L4_SM_gph_20200117T043000_Vv8010_001.h5
2020-01-17,2020-01-17 07:28:55+00:00,7.119,-73.122,0.1367611736059188,0.1168812662363052,0.3189099133014679,0.2726049721240997,291.673583984375,18.523583984375023,SMAP_L4_SM_gph_20200117T073000_Vv8010_001.h5
2020-01-17,2020-01-17 10:28:55+00:00,7.119,-73.122,0.1372882574796676,0.1170129179954528,0.3202197551727295,0.2729215025901794,290.8701477050781,17.720147705078148,SMAP_L4_SM_gph_20200117T103000_Vv8010_001.h5
2020-01-17,2020-01-17 13:28:55+00:00,7.119,-73.122,0.1373986601829528,0.1169555112719535,0.3205277025699615,0.2728142142295837,291.97906494140625,18.829064941406276,SMAP_L4_SM_gph_20200117T133000_Vv8010_001.h5
2020-01-17,2020-01-17 16:28:55+00:00,7.119,-73.122,0.1352759897708892,0.116194374859333,0.3154717981815338,0.2710303664207458,294.54949951171875,21.399499511718773,SMAP_L4_SM_gph_20200117T163000_Vv8010_001.h5
2020-01-17,2020-01-17 19:28:55+00:00,7.119,-73.122,0.1327016353607177,0.1155085638165474,0.3095901906490326,0.2693635523319244,295.7236328125,22.573632812500023,SMAP_L4_SM_gph_20200117T193000_Vv8010_001.h5
2020-01-17,2020-01-17 22:28:55+00:00,7.119,-73.122,0.1440800577402115,0.1160207614302635,0.3360873460769653,0.2705669105052948,295.4575500488281,22.307550048828148,SMAP_L4_SM_gph_20200117T223000_Vv8010_001.h5
2020-01-18,2020-01-18 01:28:55+00:00,7.119,-73.122,0.1437788605690002,0.1161936149001121,0.3353863656520843,0.2709861099720001,294.25567626953125,21.105676269531276,SMAP_L4_SM_gph_20200118T013000_Vv8010_001.h5
2020-01-18,2020-01-18 04:28:55+00:00,7.119,-73.122,0.1445637196302414,0.1163998767733573,0.3372573256492615,0.2714923024177551,293.1395263671875,19.989526367187523,SMAP_L4_SM_gph_20200118T043000_Vv8010_001.h5
2020-01-18,2020-01-18 07:28:55+00:00,7.119,-73.122,0.144845575094223,0.1165223494172096,0.3378623723983764,0.2718494534492492,292.2191162109375,19.069116210937523,SMAP_L4_SM_gph_20200118T073000_Vv8010_001.h5
2020-01-18,2020-01-18 10:28:55+00:00,7.119,-73.122,0.1449009031057357,0.1166342794895172,0.3380347490310669,0.2720296680927276,291.4383544921875,18.288354492187523,SMAP_L4_SM_gph_20200118T103000_Vv8010_001.h5
2020-01-18,2020-01-18 13:28:55+00:00,7.119,-73.122,0.1438140124082565,0.1165332794189453,0.3354091048240661,0.2717659771442413,292.5361328125,19.386132812500023,SMAP_L4_SM_gph_20200118T133000_Vv8010_001.h5
2020-01-18,2020-01-18 16:28:55+00:00,7.119,-73.122,0.1402869075536728,0.1158151477575302,0.3271970450878143,0.270136684179306,294.7648620605469,21.614862060546898,SMAP_L4_SM_gph_20200118T163000_Vv8010_001.h5
2020-01-18,2020-01-18 19:28:55+00:00,7.119,-73.122,0.1387575268745422,0.1153162717819213,0.3237080574035644,0.2689678370952606,295.654052734375,22.504052734375023,SMAP_L4_SM_gph_20200118T193000_Vv8010_001.h5
2020-01-18,2020-01-18 22:28:55+00:00,7.119,-73.122,0.138628140091896,0.115252211689949,0.3233522474765777,0.2687954902648926,295.3226318359375,22.172631835937523,SMAP_L4_SM_gph_20200118T223000_Vv8010_001.h5
2020-01-19,2020-01-19 01:28:55+00:00,7.119,-73.122,0.138602465391159,0.1153748705983161,0.3232300281524658,0.2690785527229309,294.2659912109375,21.115991210937523,SMAP_L4_SM_gph_20200119T013000_Vv8010_001.h5
2020-01-19,2020-01-19 04:28:55+00:00,7.119,-73.122,0.1390763372182846,0.1155215725302696,0.324389636516571,0.2694668471813202,293.25897216796875,20.108972167968773,SMAP_L4_SM_gph_20200119T043000_Vv8010_001.h5
2020-01-19,2020-01-19 07:28:55+00:00,7.119,-73.122,0.1396853476762771,0.1156514286994934,0.3258256018161773,0.2698110938072204,292.3170471191406,19.167047119140648,SMAP_L4_SM_gph_20200119T073000_Vv8010_001.h5
2020-01-19,2020-01-19 10:28:55+00:00,7.119,-73.122,0.1405504196882248,0.11575348675251,0.3278557360172272,0.2700452506542206,291.6425476074219,18.492547607421898,SMAP_L4_SM_gph_20200119T103000_Vv8010_001.h5
2020-01-19,2020-01-19 13:28:55+00:00,7.119,-73.122,0.1406984031200409,0.1157237589359283,0.3282208144664764,0.2699301838874817,292.4390869140625,19.289086914062523,SMAP_L4_SM_gph_20200119T133000_Vv8010_001.h5
2020-01-19,2020-01-19 16:28:55+00:00,7.119,-73.122,0.1374149471521377,0.1150923520326614,0.3206001222133636,0.2684102952480316,294.70147705078125,21.551477050781276,SMAP_L4_SM_gph_20200119T163000_Vv8010_001.h5
2020-01-19,2020-01-19 19:28:55+00:00,7.119,-73.122,0.1338334083557129,0.1143622025847435,0.3121036291122436,0.2667921483516693,295.8818664550781,22.731866455078148,SMAP_L4_SM_gph_20200119T193000_Vv8010_001.h5
2020-01-19,2020-01-19 22:28:55+00:00,7.119,-73.122,0.1331196278333664,0.1142423152923584,0.3105997741222381,0.2665112316608429,295.5545654296875,22.404565429687523,SMAP_L4_SM_gph_20200119T223000_Vv8010_001.h5
2020-01-20,2020-01-20 01:28:55+00:00,7.119,-73.122,0.1341929584741592,0.1144290119409561,0.3130887746810913,0.2669240236282348,294.4794921875,21.329492187500023,SMAP_L4_SM_gph_20200120T013000_Vv8010_001.h5
2020-01-20,2020-01-20 04:28:55+00:00,7.119,-73.122,0.1372138708829879,0.1146933734416961,0.3200359940528869,0.2675448358058929,293.5555114746094,20.4055114746094,SMAP_L4_SM_gph_20200120T043000_Vv8010_001.h5
2020-01-20,2020-01-20 07:28:55+00:00,7.119,-73.122,0.1418612152338028,0.1150516346096992,0.3309568762779236,0.2683785259723663,292.9504089355469,19.800408935546898,SMAP_L4_SM_gph_20200120T073000_Vv8010_001.h5
2020-01-20,2020-01-20 10:28:55+00:00,7.119,-73.122,0.1419914662837982,0.1151995062828064,0.3311989605426788,0.2686579525470733,292.2646484375,19.114648437500023,SMAP_L4_SM_gph_20200120T103000_Vv8010_001.h5
2020-01-20,2020-01-20 13:28:55+00:00,7.119,-73.122,0.1422417163848877,0.1152213364839553,0.3317772150039673,0.268762856721878,292.636962890625,19.486962890625023,SMAP_L4_SM_gph_20200120T133000_Vv8010_001.h5
2020-01-20,2020-01-20 16:28:55+00:00,7.119,-73.122,0.1402724683284759,0.1147292628884315,0.3271434009075165,0.2676543593406677,294.5329284667969,21.382928466796898,SMAP_L4_SM_gph_20200120T163000_Vv8010_001.h5
2020-01-20,2020-01-20 19:28:55+00:00,7.119,-73.122,0.1516290456056594,0.1150780767202377,0.3536354303359985,0.2683784663677215,294.9649658203125,21.814965820312523,SMAP_L4_SM_gph_20200120T193000_Vv8010_001.h5
2020-01-20,2020-01-20 22:28:55+00:00,7.119,-73.122,0.2010683417320251,0.1182601153850555,0.4690468907356262,0.2758035957813263,294.20001220703125,21.050012207031276,SMAP_L4_SM_gph_20200120T223000_Vv8010_001.h5
2020-01-21,2020-01-21 01:28:55+00:00,7.119,-73.122,0.1955116540193557,0.1187400743365287,0.4560566544532776,0.2769178450107574,293.12359619140625,19.973596191406276,SMAP_L4_SM_gph_20200121T013000_Vv8010_001.h5
2020-01-21,2020-01-21 04:28:55+00:00,7.119,-73.122,0.1994055062532425,0.1196455284953117,0.4651177823543548,0.2791259884834289,292.43780517578125,19.287805175781276,SMAP_L4_SM_gph_20200121T043000_Vv8010_001.h5
2020-01-21,2020-01-21 07:28:55+00:00,7.119,-73.122,0.2104995846748352,0.1213588863611221,0.4909920394420624,0.2831657528877258,291.9037475585937,18.753747558593773,SMAP_L4_SM_gph_20200121T073000_Vv8010_001.h5
2020-01-21,2020-01-21 10:28:55+00:00,7.119,-73.122,0.2324082851409912,0.124770313501358,0.5421454906463623,0.2910460531711578,291.45904541015625,18.309045410156276,SMAP_L4_SM_gph_20200121T103000_Vv8010_001.h5
2020-01-21,2020-01-21 13:28:55+00:00,7.119,-73.122,0.2159215211868286,0.1260175555944442,0.5036580562591553,0.2939705848693847,291.78326416015625,18.633264160156276,SMAP_L4_SM_gph_20200121T133000_Vv8010_001.h5
2020-01-21,2020-01-21 16:28:55+00:00,7.119,-73.122,0.1947376281023025,0.1251150369644165,0.4542420208454132,0.2918497920036316,293.62567138671875,20.475671386718773,SMAP_L4_SM_gph_20200121T163000_Vv8010_001.h5
2020-01-21,2020-01-21 19:28:55+00:00,7.119,-73.122,0.1853651702404022,0.1238962709903717,0.4323822557926178,0.2890046536922455,294.89971923828125,21.749719238281276,SMAP_L4_SM_gph_20200121T193000_Vv8010_001.h5
2020-01-21,2020-01-21 22:28:55+00:00,7.119,-73.122,0.1820161640644073,0.1233222112059593,0.4245581924915313,0.287634402513504,294.6312866210937,21.481286621093773,SMAP_L4_SM_gph_20200121T223000_Vv8010_001.h5
2020-01-22,2020-01-22 01:28:55+00:00,7.119,-73.122,0.1822104305028915,0.1232089027762413,0.4250403046607971,0.2873707413673401,293.266845703125,20.116845703125023,SMAP_L4_SM_gph_20200122T013000_Vv8010_001.h5
2020-01-22,2020-01-22 04:28:55+00:00,7.119,-73.122,0.2230653017759323,0.1257751584053039,0.5203937292098999,0.2934390604496002,292.27178955078125,19.121789550781276,SMAP_L4_SM_gph_20200122T043000_Vv8010_001.h5
2020-01-22,2020-01-22 07:28:55+00:00,7.119,-73.122,0.3191775381565094,0.1521611213684082,0.7444769740104675,0.354889452457428,291.4146728515625,18.264672851562523,SMAP_L4_SM_gph_20200122T073000_Vv8010_001.h5
2020-01-22,2020-01-22 10:28:55+00:00,7.119,-73.122,0.2348727434873581,0.1587206423282623,0.5478984117507935,0.3702711164951324,290.8407592773437,17.690759277343773,SMAP_L4_SM_gph_20200122T103000_Vv8010_001.h5
2020-01-22,2020-01-22 13:28:55+00:00,7.119,-73.122,0.2771627306938171,0.1652225404977798,0.6464760303497314,0.3854174315929413,290.9850769042969,17.835076904296898,SMAP_L4_SM_gph_20200122T133000_Vv8010_001.h5
2020-01-22,2020-01-22 16:28:55+00:00,7.119,-73.122,0.240052580833435,0.1685564517974853,0.5598525404930115,0.393170028924942,292.3166809082031,19.166680908203148,SMAP_L4_SM_gph_20200122T163000_Vv8010_001.h5
2020-01-22,2020-01-22 19:28:55+00:00,7.119,-73.122,0.232788011431694,0.1679241806268692,0.542965292930603,0.3916849493980407,293.3554077148437,20.205407714843773,SMAP_L4_SM_gph_20200122T193000_Vv8010_001.h5
2020-01-22,2020-01-22 22:28:55+00:00,7.119,-73.122,0.221315249800682,0.1667614132165908,0.5161773562431335,0.3890283405780792,293.03485107421875,19.884851074218773,SMAP_L4_SM_gph_20200122T223000_Vv8010_001.h5
2020-01-23,2020-01-23 01:28:55+00:00,7.119,-73.122,0.2109143882989883,0.1647313982248306,0.4920116662979126,0.3842633962631225,292.0112609863281,18.861260986328148,SMAP_L4_SM_gph_20200123T013000_Vv8010_001.h5
2020-01-23,2020-01-23 04:28:55+00:00,7.119,-73.122,0.2066678553819656,0.1627256870269775,0.4821243286132812,0.3795620203018188,291.0765991210937,17.926599121093773,SMAP_L4_SM_gph_20200123T043000_Vv8010_001.h5
2020-01-23,2020-01-23 07:28:55+00:00,7.119,-73.122,0.2078641504049301,0.1611323207616806,0.4848584234714508,0.3758830726146698,290.323974609375,17.173974609375023,SMAP_L4_SM_gph_20200123T073000_Vv8010_001.h5
2020-01-23,2020-01-23 10:28:55+00:00,7.119,-73.122,0.2039457410573959,0.1594537794589996,0.4757832586765289,0.3719820082187652,289.6845397949219,16.534539794921898,SMAP_L4_SM_gph_20200123T103000_Vv8010_001.h5
2020-01-23,2020-01-23 13:28:55+00:00,7.119,-73.122,0.1998098939657211,0.1576479077339172,0.4660896956920624,0.3678231239318847,290.5043334960937,17.354333496093773,SMAP_L4_SM_gph_20200123T133000_Vv8010_001.h5
2020-01-23,2020-01-23 16:28:55+00:00,7.119,-73.122,0.1937658637762069,0.1554435789585113,0.4518804848194122,0.362677663564682,293.0439147949219,19.893914794921898,SMAP_L4_SM_gph_20200123T163000_Vv8010_001.h5
2020-01-23,2020-01-23 19:28:55+00:00,7.119,-73.122,0.1899484544992447,0.1534681171178817,0.4430357813835144,0.3578956723213196,294.3488464355469,21.198846435546898,SMAP_L4_SM_gph_20200123T193000_Vv8010_001.h5
2020-01-23,2020-01-23 22:28:55+00:00,7.119,-73.122,0.1898704320192337,0.1520397663116455,0.4428843557834625,0.3546948432922363,294.064697265625,20.914697265625023,SMAP_L4_SM_gph_20200123T223000_Vv8010_001.h5
2020-01-24,2020-01-24 01:28:55+00:00,7.119,-73.122,0.1873527765274047,0.1504307091236114,0.4370836913585663,0.3508899509906769,292.7826843261719,19.632684326171898,SMAP_L4_SM_gph_20200124T013000_Vv8010_001.h5
2020-01-24,2020-01-24 04:28:55+00:00,7.119,-73.122,0.1894672065973281,0.1494763493537902,0.4419280290603637,0.3487506210803985,292.0720520019531,18.922052001953148,SMAP_L4_SM_gph_20200124T043000_Vv8010_001.h5
2020-01-24,2020-01-24 07:28:55+00:00,7.119,-73.122,0.1972593516111374,0.1491152495145797,0.4601510763168335,0.3477876186370849,291.75299072265625,18.602990722656276,SMAP_L4_SM_gph_20200124T073000_Vv8010_001.h5
2020-01-24,2020-01-24 10:28:55+00:00,7.119,-73.122,0.1940656453371048,0.1482969522476196,0.4526925683021545,0.345854640007019,291.3418884277344,18.1918884277344,SMAP_L4_SM_gph_20200124T103000_Vv8010_001.h5
2020-01-24,2020-01-24 13:28:55+00:00,7.119,-73.122,0.1914258301258087,0.14742311835289,0.4464597105979919,0.3438142240047455,291.6556091308594,18.5056091308594,SMAP_L4_SM_gph_20200124T133000_Vv8010_001.h5
2020-01-24,2020-01-24 16:28:55+00:00,7.119,-73.122,0.1876563876867294,0.1462011933326721,0.4376956820487976,0.3410035669803619,293.3666381835937,20.216638183593773,SMAP_L4_SM_gph_20200124T163000_Vv8010_001.h5
2020-01-24,2020-01-24 19:28:55+00:00,7.119,-73.122,0.1890265047550201,0.1452381461858749,0.4409918189048767,0.3387932777404785,294.1766662597656,21.026666259765648,SMAP_L4_SM_gph_20200124T193000_Vv8010_001.h5
2020-01-24,2020-01-24 22:28:55+00:00,7.119,-73.122,0.1977055817842483,0.145107164978981,0.4610790014266968,0.3384410142898559,293.6073608398437,20.457360839843773,SMAP_L4_SM_gph_20200124T223000_Vv8010_001.h5
2020-01-25,2020-01-25 01:28:55+00:00,7.119,-73.122,0.1949321627616882,0.144502580165863,0.4547135829925537,0.3370285630226135,292.77392578125,19.623925781250023,SMAP_L4_SM_gph_20200125T013000_Vv8010_001.h5
2020-01-25,2020-01-25 04:28:55+00:00,7.119,-73.122,0.1933255791664123,0.1439291536808014,0.4509005844593048,0.335659921169281,292.18670654296875,19.036706542968773,SMAP_L4_SM_gph_20200125T043000_Vv8010_001.h5
2020-01-25,2020-01-25 07:28:55+00:00,7.119,-73.122,0.1924730241298675,0.143384963274002,0.4489495456218719,0.3344527184963226,291.79937744140625,18.649377441406276,SMAP_L4_SM_gph_20200125T073000_Vv8010_001.h5
2020-01-25,2020-01-25 10:28:55+00:00,7.119,-73.122,0.1911694407463073,0.1428919434547424,0.4459582567214966,0.3333044946193695,291.4768371582031,18.326837158203148,SMAP_L4_SM_gph_20200125T103000_Vv8010_001.h5
2020-01-25,2020-01-25 13:28:55+00:00,7.119,-73.122,0.1888365894556045,0.1422881931066513,0.4404413998126983,0.3319044709205627,291.85748291015625,18.707482910156276,SMAP_L4_SM_gph_20200125T133000_Vv8010_001.h5
2020-01-25,2020-01-25 16:28:55+00:00,7.119,-73.122,0.185411274433136,0.1414662599563598,0.432508111000061,0.3299992978572845,293.4588623046875,20.308862304687523,SMAP_L4_SM_gph_20200125T163000_Vv8010_001.h5
2020-01-25,2020-01-25 19:28:55+00:00,7.119,-73.122,0.1843459755182266,0.1408165693283081,0.4300170242786407,0.3284688889980316,294.1341552734375,20.984155273437523,SMAP_L4_SM_gph_20200125T193000_Vv8010_001.h5
2020-01-25,2020-01-25 22:28:55+00:00,7.119,-73.122,0.1940735131502151,0.1412050426006317,0.4527176320552826,0.3293811976909637,293.61871337890625,20.468713378906276,SMAP_L4_SM_gph_20200125T223000_Vv8010_001.h5
2020-01-26,2020-01-26 01:28:55+00:00,7.119,-73.122,0.192949578166008,0.140923798084259,0.4501760005950928,0.3287113010883331,292.948486328125,19.798486328125023,SMAP_L4_SM_gph_20200126T013000_Vv8010_001.h5
2020-01-26,2020-01-26 04:28:55+00:00,7.119,-73.122,0.1907346397638321,0.1405928134918213,0.4450116753578186,0.3279487788677215,292.37646484375,19.226464843750023,SMAP_L4_SM_gph_20200126T043000_Vv8010_001.h5
2020-01-26,2020-01-26 07:28:55+00:00,7.119,-73.122,0.1891651451587677,0.1401817351579666,0.4413026571273803,0.3270144462585449,291.7276306152344,18.5776306152344,SMAP_L4_SM_gph_20200126T073000_Vv8010_001.h5
2020-01-26,2020-01-26 10:28:55+00:00,7.119,-73.122,0.1898380070924759,0.1399169266223907,0.4427782893180847,0.3263502120971679,291.2639465332031,18.113946533203148,SMAP_L4_SM_gph_20200126T103000_Vv8010_001.h5
2020-01-26,2020-01-26 13:28:55+00:00,7.119,-73.122,0.1921240836381912,0.1399551033973693,0.4481700658798218,0.3264974951744079,291.67462158203125,18.524621582031276,SMAP_L4_SM_gph_20200126T133000_Vv8010_001.h5
2020-01-26,2020-01-26 16:28:55+00:00,7.119,-73.122,0.1894904971122741,0.1393748968839645,0.4420278668403625,0.3250743448734283,293.22412109375,20.074121093750023,SMAP_L4_SM_gph_20200126T163000_Vv8010_001.h5
2020-01-26,2020-01-26 19:28:55+00:00,7.119,-73.122,0.186763659119606,0.1386550366878509,0.4356525242328644,0.3233980238437652,294.16815185546875,21.018151855468773,SMAP_L4_SM_gph_20200126T193000_Vv8010_001.h5
2020-01-26,2020-01-26 22:28:55+00:00,7.119,-73.122,0.1849598139524459,0.1381804794073104,0.4315289258956909,0.3223350644111633,293.8752746582031,20.725274658203148,SMAP_L4_SM_gph_20200126T223000_Vv8010_001.h5
2020-01-27,2020-01-27 01:28:55+00:00,7.119,-73.122,0.1859287470579147,0.1381519883871078,0.4337022304534912,0.3221758902072906,292.68280029296875,19.532800292968773,SMAP_L4_SM_gph_20200127T013000_Vv8010_001.h5
2020-01-27,2020-01-27 04:28:55+00:00,7.119,-73.122,0.1851428598165512,0.1378801614046096,0.4319738149642944,0.3216525018215179,291.6882629394531,18.538262939453148,SMAP_L4_SM_gph_20200127T043000_Vv8010_001.h5
2020-01-27,2020-01-27 07:28:55+00:00,7.119,-73.122,0.1877958625555038,0.1378331333398819,0.4380438923835754,0.3215669989585876,291.3727722167969,18.222772216796898,SMAP_L4_SM_gph_20200127T073000_Vv8010_001.h5
2020-01-27,2020-01-27 10:28:55+00:00,7.119,-73.122,0.191068559885025,0.1378643214702606,0.4456529319286346,0.3215742111206054,291.1721496582031,18.022149658203148,SMAP_L4_SM_gph_20200127T103000_Vv8010_001.h5
2020-01-27,2020-01-27 13:28:55+00:00,7.119,-73.122,0.1948269456624984,0.1380042135715484,0.4544326066970825,0.3217909038066864,291.4960327148437,18.346032714843773,SMAP_L4_SM_gph_20200127T133000_Vv8010_001.h5
2020-01-27,2020-01-27 16:28:55+00:00,7.119,-73.122,0.1927519887685775,0.1376865655183792,0.4496248662471771,0.3211479485034942,292.9568786621094,19.8068786621094,SMAP_L4_SM_gph_20200127T163000_Vv8010_001.h5
2020-01-27,2020-01-27 19:28:55+00:00,7.119,-73.122,0.1878442019224167,0.1370308697223663,0.4381306767463684,0.3196386694908142,294.4365234375,21.286523437500023,SMAP_L4_SM_gph_20200127T193000_Vv8010_001.h5
2020-01-27,2020-01-27 22:28:55+00:00,7.119,-73.122,0.1848929971456527,0.136625200510025,0.431287556886673,0.3187182247638702,294.3082580566406,21.158258056640648,SMAP_L4_SM_gph_20200127T223000_Vv8010_001.h5
2020-01-28,2020-01-28 01:28:55+00:00,7.119,-73.122,0.1832814365625381,0.1364082992076873,0.4275251030921936,0.3181790113449096,293.0465087890625,19.896508789062523,SMAP_L4_SM_gph_20200128T013000_Vv8010_001.h5
2020-01-28,2020-01-28 04:28:55+00:00,7.119,-73.122,0.1830562651157379,0.1363384425640106,0.4269201159477234,0.3179488778114319,292.10943603515625,18.959436035156276,SMAP_L4_SM_gph_20200128T043000_Vv8010_001.h5
2020-01-28,2020-01-28 07:28:55+00:00,7.119,-73.122,0.1849497705698013,0.1364113241434097,0.4314107298851013,0.318102091550827,291.6210632324219,18.471063232421898,SMAP_L4_SM_gph_20200128T073000_Vv8010_001.h5
2020-01-28,2020-01-28 10:28:55+00:00,7.119,-73.122,0.1880651265382766,0.1366019695997238,0.4387560486793518,0.3186579048633575,291.3095397949219,18.159539794921898,SMAP_L4_SM_gph_20200128T103000_Vv8010_001.h5
2020-01-28,2020-01-28 13:28:55+00:00,7.119,-73.122,0.1893822699785232,0.1366814225912094,0.4416765570640564,0.3188762962818146,291.4419860839844,18.2919860839844,SMAP_L4_SM_gph_20200128T133000_Vv8010_001.h5
2020-01-28,2020-01-28 16:28:55+00:00,7.119,-73.122,0.1888587772846222,0.1365336924791336,0.4404652416706085,0.3185654282569885,292.6646728515625,19.514672851562523,SMAP_L4_SM_gph_20200128T163000_Vv8010_001.h5
2020-01-28,2020-01-28 19:28:55+00:00,7.119,-73.122,0.1853922605514526,0.1360703706741333,0.4325716197490692,0.3174095749855041,293.8080444335937,20.658044433593773,SMAP_L4_SM_gph_20200128T193000_Vv8010_001.h5
2020-01-28,2020-01-28 22:28:55+00:00,7.119,-73.122,0.1833188235759735,0.1358004361391067,0.4277272224426269,0.3167689144611358,293.5824890136719,20.432489013671898,SMAP_L4_SM_gph_20200128T223000_Vv8010_001.h5
2020-01-29,2020-01-29 01:28:55+00:00,7.119,-73.122,0.1854911893606186,0.1361543387174606,0.4327252209186554,0.3175062239170074,292.4598693847656,19.309869384765648,SMAP_L4_SM_gph_20200129T013000_Vv8010_001.h5
2020-01-29,2020-01-29 04:28:55+00:00,7.119,-73.122,0.1832507252693176,0.1359842717647552,0.4274022877216339,0.3172109723091125,291.5845642089844,18.4345642089844,SMAP_L4_SM_gph_20200129T043000_Vv8010_001.h5
2020-01-29,2020-01-29 07:28:55+00:00,7.119,-73.122,0.1819479018449783,0.1358753591775894,0.4243842959403991,0.317001074552536,291.09197998046875,17.941979980468773,SMAP_L4_SM_gph_20200129T073000_Vv8010_001.h5
2020-01-29,2020-01-29 10:28:55+00:00,7.119,-73.122,0.1815880239009857,0.1358032971620559,0.4234893321990967,0.3167764842510223,290.64044189453125,17.490441894531273,SMAP_L4_SM_gph_20200129T103000_Vv8010_001.h5
2020-01-29,2020-01-29 13:28:55+00:00,7.119,-73.122,0.1845641732215881,0.1361879855394363,0.4304775297641754,0.3176054358482361,291.21337890625,18.063378906250023,SMAP_L4_SM_gph_20200129T133000_Vv8010_001.h5
2020-01-29,2020-01-29 16:28:55+00:00,7.119,-73.122,0.1809576451778412,0.1356844455003738,0.422057956457138,0.3164671063423157,292.67645263671875,19.526452636718773,SMAP_L4_SM_gph_20200129T163000_Vv8010_001.h5
2020-01-29,2020-01-29 19:28:55+00:00,7.119,-73.122,0.1822107136249542,0.1354178935289383,0.4250117838382721,0.3158351480960846,293.62908935546875,20.479089355468773,SMAP_L4_SM_gph_20200129T193000_Vv8010_001.h5
2020-01-29,2020-01-29 22:28:55+00:00,7.119,-73.122,0.1883002817630767,0.1357062608003616,0.4392020106315613,0.3165605664253235,293.4621887207031,20.312188720703148,SMAP_L4_SM_gph_20200129T223000_Vv8010_001.h5
2020-01-30,2020-01-30 01:28:55+00:00,7.119,-73.122,0.198827251791954,0.1365011483430862,0.4637987911701202,0.3184321820735931,292.64813232421875,19.498132324218773,SMAP_L4_SM_gph_20200130T013000_Vv8010_001.h5
2020-01-30,2020-01-30 04:28:55+00:00,7.119,-73.122,0.1965943723917007,0.1367876380681991,0.4585420787334442,0.3190308809280395,291.9850769042969,18.835076904296898,SMAP_L4_SM_gph_20200130T043000_Vv8010_001.h5
2020-01-30,2020-01-30 07:28:55+00:00,7.119,-73.122,0.1925312578678131,0.136613443493843,0.4491250514984131,0.3186878263950348,291.4383544921875,18.288354492187523,SMAP_L4_SM_gph_20200130T073000_Vv8010_001.h5
2020-01-30,2020-01-30 10:28:55+00:00,7.119,-73.122,0.1897343844175338,0.1364669203758239,0.4425539672374725,0.3183430433273315,290.9894104003906,17.839410400390648,SMAP_L4_SM_gph_20200130T103000_Vv8010_001.h5
2020-01-30,2020-01-30 13:28:55+00:00,7.119,-73.122,0.1869574785232544,0.1362069100141525,0.4361065924167633,0.3176546096801758,291.4931335449219,18.343133544921898,SMAP_L4_SM_gph_20200130T133000_Vv8010_001.h5
2020-01-30,2020-01-30 16:28:55+00:00,7.119,-73.122,0.1826935410499572,0.1355177909135818,0.4261533319950104,0.3161436021327972,293.4543762207031,20.304376220703148,SMAP_L4_SM_gph_20200130T163000_Vv8010_001.h5
2020-01-30,2020-01-30 19:28:55+00:00,7.119,-73.122,0.1786523461341858,0.1347356736660003,0.4167479872703552,0.3143306374549866,294.62774658203125,21.477746582031276,SMAP_L4_SM_gph_20200130T193000_Vv8010_001.h5
2020-01-30,2020-01-30 22:28:55+00:00,7.119,-73.122,0.1800162196159362,0.1345213502645492,0.419963926076889,0.3137979507446289,294.30889892578125,21.158898925781276,SMAP_L4_SM_gph_20200130T223000_Vv8010_001.h5
2020-01-31,2020-01-31 01:28:55+00:00,7.119,-73.122,0.188528761267662,0.1349880099296569,0.4397717416286468,0.314877301454544,293.0671081542969,19.917108154296898,SMAP_L4_SM_gph_20200131T013000_Vv8010_001.h5
2020-01-31,2020-01-31 04:28:55+00:00,7.119,-73.122,0.1867056339979171,0.1349287629127502,0.4354330003261566,0.3147971332073211,291.885009765625,18.735009765625023,SMAP_L4_SM_gph_20200131T043000_Vv8010_001.h5
2020-01-31,2020-01-31 07:28:55+00:00,7.119,-73.122,0.1838532537221908,0.1348453760147094,0.4288495182991028,0.3146539330482483,290.871337890625,17.721337890625023,SMAP_L4_SM_gph_20200131T073000_Vv8010_001.h5
2020-01-31,2020-01-31 10:28:55+00:00,7.119,-73.122,0.1809899657964706,0.1347842514514923,0.4221506118774414,0.3143350481986999,290.1348571777344,16.984857177734398,SMAP_L4_SM_gph_20200131T103000_Vv8010_001.h5
2020-01-31,2020-01-31 13:28:55+00:00,7.119,-73.122,0.1774712353944778,0.1345370709896087,0.4140512645244598,0.3137649595737457,290.73895263671875,17.588952636718773,SMAP_L4_SM_gph_20200131T133000_Vv8010_001.h5
2020-01-31,2020-01-31 16:28:55+00:00,7.119,-73.122,0.1734466552734375,0.1337756365537643,0.404674232006073,0.3121025562286377,292.9768371582031,19.826837158203148,SMAP_L4_SM_gph_20200131T163000_Vv8010_001.h5
2020-01-31,2020-01-31 19:28:55+00:00,7.119,-73.122,0.1744366884231567,0.1333926022052765,0.4068278670310974,0.3111190497875213,294.0643310546875,20.914331054687523,SMAP_L4_SM_gph_20200131T193000_Vv8010_001.h5
2020-01-31,2020-01-31 22:28:55+00:00,7.119,-73.122,0.1811646372079849,0.1336247026920318,0.4225992560386657,0.3116129338741302,293.753662109375,20.603662109375023,SMAP_L4_SM_gph_20200131T223000_Vv8010_001.h5
