mes,nombre_mes,temperatura_media,temperatura_maxima,temperatura_minima,precipitacion_total,precipitacion_media,humedad_relativa_media,viento_medio,radiacion_media,humedad_superficial_media,humedad_superficial_min,humedad_superficial_max,humedad_raiz_media,humedad_raiz_min,humedad_raiz_max,temperatura_suelo_media,dias_lluviosos,dias_secos
1,Enero,15.510967741935485,23.41,7.28,93.695,3.0224193548387093,85.8771505376344,1.3686559139784946,17.49252688172043,0.3396534874875058,0.2749413549900055,0.3893880248069763,0.35556304647076514,0.3003990352153778,0.4097782075405121,14.243658053490448,15.833333333333334,15.166666666666666
2,Febrero,15.826705882352941,23.89,8.49,136.03,4.801058823529412,86.98335294117648,1.3216470588235294,16.024941176470588,0.33532841924358814,0.2855682373046875,0.3828680515289306,0.3464167729896657,0.3006129860877991,0.3993569314479828,14.64941298540903,19.5,8.833333333333334
3,Marzo,15.770591397849461,23.68,8.77,174.84833333333333,5.6402688172043005,87.57704301075269,1.2649462365591397,14.937795698924731,0.3508493206513825,0.2653695344924927,0.4008581042289734,0.3644045913411725,0.2922796905040741,0.4125384092330932,14.893002384965161,24.166666666666668,6.833333333333333
4,Abril,15.753666666666666,23.55,8.5,233.50666666666666,7.783555555555555,87.62972222222223,1.4323333333333332,15.614,0.35513412935866245,0.2750146687030792,0.3963476121425628,0.3683278939790196,0.3016354441642761,0.4056693911552429,15.089145406087262,24.166666666666668,5.833333333333333
5,Mayo,15.640376344086022,22.35,9.53,180.28333333333333,5.815591397849462,87.69962365591397,1.6960215053763439,16.08435483870968,0.3623485158207596,0.3245161175727844,0.3993518948554992,0.37793659795356055,0.3395450115203857,0.4098832011222839,15.21741851478497,22.833333333333332,8.166666666666666
6,Junio,14.941888888888888,21.62,8.18,176.6916666666667,5.889722222222223,87.35477777777778,1.7915,16.018722222222223,0.35674350526597765,0.3152796030044555,0.3884772956371307,0.37211668027771844,0.3338257074356079,0.4162995517253876,14.639136081271724,23.666666666666668,6.333333333333333
7,Julio,14.891827956989248,21.33,8.28,96.99666666666667,3.1289247311827957,85.59586021505376,2.10494623655914,16.62284946236559,0.3366370484713585,0.294715940952301,0.3824163675308227,0.35100677240920325,0.312859833240509,0.4068379998207092,14.34059730447751,16.666666666666668,14.333333333333334
8,Agosto,15.146236559139783,22.08,8.3,94.74166666666666,3.056182795698925,84.6910752688172,1.9089784946236559,17.245698924731183,0.3260268059469038,0.2840922772884369,0.3651714026927948,0.3381037186550837,0.3044571280479431,0.3797308206558227,14.407772072412659,16.666666666666668,14.333333333333334
9,Septiembre,15.467833333333333,23.18,8.78,94.415,3.1471666666666667,83.51522222222222,1.7230555555555553,17.72922222222222,0.31966453873448897,0.2512308359146118,0.3624637126922607,0.3315971983803643,0.2913081347942352,0.3732112050056457,14.720286899142819,17.0,13.0
10,Octubre,15.471666666666668,22.91,8.55,159.955,5.15983870967742,86.77198924731182,1.4188172043010752,16.434354838709677,0.3384825524783903,0.2882304191589355,0.3985520899295807,0.3464151157807278,0.3036514222621918,0.3971261978149414,14.868751082881829,21.333333333333332,9.666666666666666
11,Noviembre,15.415611111111112,22.51,10.51,154.28,5.142666666666666,88.97366666666667,1.186,15.129833333333332,0.35980516523122785,0.3168935179710388,0.4088619351387024,0.37285737809207703,0.3308357298374176,0.4228052198886871,14.847649129231794,20.833333333333332,9.166666666666666
12,Diciembre,15.576559139784946,22.02,9.31,118.40166666666666,3.8194086021505376,88.85978494623654,1.1536021505376344,15.341129032258063,0.35459068786072473,0.3034774959087372,0.402273416519165,0.36853245157067493,0.319844126701355,0.4211205244064331,14.726308974399386,19.5,11.5
