fecha_inicio_escenario,escenarios_validos,cobertura_precipitacion_media_pct,balance_medio_mm,demanda_no_cubierta_media_mm,humedad_smap_media,percentil_humedad_medio
2020-01-01,392,138.94477281313002,604.0140728220107,763.829962141772,0.353676640260894,44.67121132207686
2020-01-15,392,142.40205134094734,652.7609220578846,750.7611832658304,0.3541429053518688,45.194165980237166
2020-02-01,392,144.73373943542916,686.652204111086,749.099004483482,0.3552296039883041,46.37984232952507
2020-02-15,392,146.8184971716697,714.2902249008141,737.7917340340368,0.3564419575600448,47.605587748560254
2020-03-01,392,142.23903512057592,647.5781821279074,734.1919266587176,0.35768272694892306,48.80780410283991
2020-03-15,392,141.488413622088,636.4663662472144,738.6333695986559,0.3584556307472833,49.666484477982884
2020-04-01,392,143.74014817736463,668.3362457171237,739.1239188029793,0.3593255623596943,50.643168555913505
2020-04-15,392,143.75796030025305,670.6392585790902,738.6232994986158,0.360148731113825,51.56008457055369
2020-05-01,392,141.18797069362773,636.3252020994472,744.787473413516,0.360901720099709,52.395241511641714
2020-05-15,392,141.75686543605426,646.2036658295756,749.7190005622837,0.36142913637276236,52.97004282412012
2020-06-01,392,143.22799168167313,672.3121391278902,752.8863025936002,0.3623342771392851,53.98005205574757
2020-06-15,392,141.7249920278207,655.6600581703279,757.5643687156089,0.36273591499234586,54.4177075626576
2020-07-01,392,144.1265923145055,696.0613630374249,754.914197704865,0.36346375003116577,55.21203913658376
2020-07-15,392,143.73077396607923,692.2026162174734,755.2350585123045,0.3639076030279568,55.69751700672605
2020-08-01,392,146.11701641590548,729.1836908839202,749.8184179082152,0.3645753308098644,56.42699572796385
2020-08-15,392,149.88929933309686,785.215201874491,738.1269254356479,0.3656760033518782,57.605273906305044
2020-09-01,392,148.6723498014345,770.096048195279,734.0451776763696,0.3664644748023472,58.45798014742122
2020-09-15,392,152.0776137971194,821.0024661830176,720.6189012518211,0.3668931747805132,58.922958213986405
2020-10-01,392,156.03535650169562,880.9264737214011,703.953692283998,0.3676932431015741,59.800193723203144
2020-10-15,392,160.95486731272808,952.7197963985548,688.7306608058356,0.36877481402451506,60.9822499536667
2020-11-01,392,161.19787494470228,956.6724637644986,673.4775904471695,0.37008178216165666,62.416405861352864
2020-11-15,392,163.82935029133628,995.836217093066,655.052316605336,0.3710015744869683,63.431415703253904
2020-12-01,392,165.5816296474824,1024.096291578444,639.5044551865814,0.37175387771262547,64.25027861308558
2020-12-15,392,170.58394926673475,1096.9948907963726,623.7604757048207,0.3723706746456095,64.90525858343891
2021-01-01,392,168.38233839767153,1068.9980708442538,616.0060361262169,0.3728721422697598,65.44409339142548
2021-01-15,392,169.78939646869642,1090.4258166809575,612.5626998835422,0.37304467561709953,65.62095685023213
2021-02-01,392,174.15696363289652,1151.9003532345175,596.8273261964149,0.37382275770166495,66.4517965201616
2021-02-15,392,176.72551772416224,1188.849768562314,589.7711755382302,0.3747668254437912,67.48412320459526
2021-03-01,392,178.65523669696498,1216.9373204839055,580.7626322060933,0.37537190589821784,68.1423243948612
2021-03-15,392,180.33644080054495,1241.5968825986033,573.3493646461301,0.3754052211634801,68.15407554091627
2021-04-01,392,182.59731805978592,1270.5274818423068,566.6448254187625,0.375112698083112,67.76790998188625
2021-04-15,392,181.55601401342057,1252.942304279394,557.4801006331925,0.3748898231591013,67.49664569770745
2021-05-01,392,180.8492751730446,1242.1241156230105,558.147482562785,0.37484790333667967,67.43080812628378
2021-05-15,392,186.77648196815684,1324.4731274605235,547.6575869101579,0.37456486640729286,67.07623322248116
2021-06-01,392,187.76227884121755,1336.7619609495962,540.1211268247331,0.37445817806713577,66.91586245179562
2021-06-15,392,187.78067792645382,1336.3510640411025,532.9375228680655,0.3743873171482,66.81748170961026
2021-07-01,392,186.06030646451808,1307.9700318108812,525.5722792811727,0.37412122297442135,66.51481223136874
2021-07-15,392,191.60063653643388,1382.8073032958116,509.8947678886049,0.3745664682804546,66.98717940897495
2021-08-01,392,194.82168629754702,1425.278251557606,499.8495907577735,0.37535153631599394,67.85156474334768
2021-08-15,392,197.9891683372145,1465.628334150629,488.40091603900044,0.3761299489146014,68.72061542765523
2021-09-01,392,203.07107495527904,1530.2319437369226,478.6903009834568,0.37617138056568045,68.76633300978705
2021-09-15,392,205.2263040326247,1553.0882766937655,466.84817927972034,0.3762784575696384,68.88734804176842
2021-10-01,392,207.58388852914362,1577.5018748628545,456.43437275789574,0.37665707312343333,69.34477678829872
2021-10-15,392,211.5849280431815,1626.1227181352135,445.7366363524401,0.37671073986407233,69.44618124851536
2021-11-01,392,215.1277936764965,1670.0917136426585,442.17113069517734,0.3761423286591901,68.8589977494258
2021-11-15,392,218.29665205347783,1712.4221644460486,435.198024849044,0.37524997092001483,67.9488332768277
2021-12-01,392,217.21261997214128,1698.67485915693,438.11355660094796,0.37418711582797715,66.81350031295453
2021-12-15,392,218.30614420002826,1714.569238159424,443.71808672672495,0.3734262959554326,66.03430400482777
2022-01-01,392,218.20162463910933,1719.2708498999834,449.629730234194,0.3726567436545272,65.25163242172185
2022-01-15,392,217.552608155059,1715.4347000080536,460.9631253223966,0.37198600324863734,64.573581757981
2022-02-01,392,219.666483824822,1745.614693248439,465.05180012683246,0.3714170966457151,64.05710356276194
2022-02-15,392,217.3104592196345,1710.5288007399397,471.885705501868,0.3709122404462692,63.6039760950931
2022-03-01,392,214.74601382618675,1671.8955676966655,480.90081589918304,0.36988288585628615,62.57010956426554
2022-03-15,392,211.33236679977742,1623.0789044006817,490.2598483053552,0.36828314692354835,61.09053188242409
2022-04-01,392,206.0798263796148,1550.9774219407673,506.6523566929396,0.3665321277501032,59.32466171875843
2022-04-15,392,200.48118149836947,1472.065042647313,516.5100723865914,0.3651058693916973,57.8783308742635
2022-05-01,392,195.09197078726928,1400.0384406598419,531.5892105827845,0.36322152475305625,56.138855127147686
2022-05-15,392,190.7836113186746,1344.8584937916914,545.5991981006683,0.36173479084804794,54.64768464734835
2022-06-01,392,189.42167297667473,1333.2390470234325,565.3427769766085,0.35983024478974324,52.73814344859935
2022-06-15,392,187.00524445753643,1306.7102519454772,575.7440845317724,0.358048067677485,51.08561753079449
2022-07-01,392,185.7846098769031,1296.3599954098986,582.9121218109582,0.35634721640021383,49.34495841190689
2022-07-15,392,186.5692355601592,1312.257278524232,584.9480205198332,0.35534011256153875,48.407659338376114
2022-08-01,392,183.571179415391,1271.7801283221988,589.8837105621524,0.35434880506531297,47.52409192440091
2022-08-15,392,181.1059782098514,1239.1027430717386,593.493683624616,0.3533626913664217,46.621177667805085
2022-09-01,392,185.47139412495238,1305.334299743277,590.0699302213935,0.3524891348673683,45.89293889299336
2022-09-15,392,187.88307463310824,1343.0715537898996,593.4210811162447,0.3522940456520869,45.89001781784486
2022-10-01,392,186.95402876818676,1331.350932649259,601.0651790670348,0.35199437441144094,45.78853333620086
2022-10-15,392,184.80531293598813,1303.2445147692695,608.616910557856,0.35142887438659404,45.358791343931344
2022-11-01,392,178.05109916566073,1211.3322958433587,621.968289808818,0.3498261408574107,43.80487910412526
2022-11-15,392,172.5804019161156,1133.6575452682982,629.9040878990102,0.34840139616964083,42.44815082959042
2022-12-01,392,171.33731692879576,1120.7930194209753,635.6762585979126,0.3466435645662317,40.726422767697066
2022-12-15,392,172.8821142174225,1149.192445199164,644.949802012846,0.34503097457130544,39.24606790924771
2023-01-01,392,173.96542423933974,1168.8148153432262,649.5576442791522,0.34375561755618894,38.03014705219509
2023-01-15,392,169.6181968531972,1109.7960601376737,653.5844607660792,0.3425476868521071,36.861975562847306
2023-02-01,392,169.7536747870619,1114.9429013435308,650.0231904474841,0.3407400719273635,35.29262547955754
2023-02-15,392,173.23941397707358,1167.3640085055088,648.3376369426231,0.34022700439206593,34.87831424629936
2023-03-01,392,173.19019781444345,1169.5378650991643,651.9137996608526,0.33965914373364375,34.409504228727876
2023-03-15,392,168.03165791683165,1095.8067988570099,664.1581496590726,0.3389245030933911,33.75469287724581
2023-04-01,392,167.52993936554603,1087.1301571107888,666.5508490812133,0.33752013985949514,32.341928426559946
2023-04-15,392,166.39377227514512,1068.9540186979204,670.6813330940872,0.3364358192515368,31.27418704257041
2023-05-01,392,164.15633587929722,1038.3238166355252,678.9775864365638,0.3353932790470812,30.270772585552574
2023-05-15,392,167.0763200803932,1083.0305367018216,673.2278537678314,0.3349884813249253,29.938678923211658
2023-06-01,392,166.25024252070173,1071.7602868671734,673.0677261278805,0.3344777997476288,29.470515636647878
2023-06-15,392,168.75047673199674,1111.043562145594,665.0097831889079,0.3341049240234404,29.127671151586245
2023-07-01,392,172.51289262081653,1168.7582279598842,650.3041682941463,0.3345091717875517,29.661284327582976
2023-07-15,392,173.65912552757925,1186.7052921812815,643.6685257803255,0.33514411453162085,30.391382926430712
2023-08-01,392,177.39988778234414,1240.4796098427232,635.1614715094274,0.3360537146869653,31.37019235012675
2023-08-15,392,181.70632730255528,1300.5854807355595,623.0579571683378,0.3372375325069243,32.373802163338745
2023-09-01,392,183.25818339297658,1317.707086577891,614.6544403547333,0.33850984992923894,33.55722242316699
2023-09-15,392,186.0048725828595,1351.7355201316534,610.463665485934,0.3395658637264659,34.563919923046214
2023-10-01,386,189.32427603478897,1386.0449075038582,600.6848921632068,0.3410163117703525,35.70942295333998
2023-10-15,386,187.7922584701801,1360.3498700207442,602.2452534454493,0.3422439314829938,36.8673590338986
2023-11-01,386,188.68957595784437,1369.0053880184873,599.6162194252429,0.3435563378563338,38.18339863270743
2023-11-15,386,186.13996772390294,1328.3865924528166,596.3297497396525,0.34424197422357217,38.94303894375293
2023-12-01,374,187.66633533959228,1334.593209188177,584.6606495256892,0.3445306644426377,39.356801786832264
2023-12-15,368,192.1896016940719,1391.403904445785,572.7265598694645,0.3453594735845958,40.23983407477637
2024-01-01,368,190.6320144838629,1369.0273260004446,571.926723196673,0.3462770288401513,41.23563023666321
2024-01-15,356,194.05479231332671,1399.4049359686842,551.3282418943096,0.3469799332876594,42.0137680513967
2024-02-01,350,200.3574754661861,1470.9959973197117,520.9877646236752,0.3485635306581867,43.316893732281684
2024-02-15,338,200.52218013823395,1452.8590690583383,503.10554838908166,0.34956902555557495,44.264256080688774
2024-03-01,320,203.54487878392914,1466.344037509995,485.44253860152673,0.35086873200533414,45.341755080818835
2024-03-15,296,207.81646326543913,1488.6040756143761,469.10337113259067,0.3521073857099104,46.25039797458943
2024-04-01,278,211.4686529401809,1505.3897778531218,463.5578314782867,0.3540584447863529,47.541546434664355
2024-04-15,266,211.9549800744555,1488.7594169231952,457.60940203681105,0.3554112714009943,48.69814740038694
2024-05-01,242,203.26321152550938,1346.2954216011299,466.85072431217196,0.3562766012515072,49.568417174793524
2024-05-15,230,189.91092094118537,1165.1951270611062,478.3754066714607,0.35579646114445146,49.04692762241605
2024-06-01,224,186.7232312836952,1119.2860513346006,489.0404297143168,0.35520891876717764,48.31371628601645
2024-06-15,212,184.45518219453555,1077.5584180861122,488.2777029124871,0.35510558991087876,48.18689908030836
2024-07-01,178,174.08158703703407,918.3330098000529,476.7614504948056,0.353824994753087,46.87177411991886
2024-07-15,158,172.50759469273095,876.0188838446427,459.51389261379654,0.3527855420129347,45.777266105013915
2024-08-01,134,179.01382052967918,912.6710582772012,420.40462521563967,0.3527721905786605,45.850004674550064
2024-08-15,104,182.32957284074925,895.9548909088232,388.968163647597,0.35287251279597076,46.18907876241638
2024-09-01,96,189.92509873179606,948.8459573563752,365.279879242428,0.3543335962627315,47.616802775816666
2024-09-15,86,197.04596004759566,992.4017243719755,348.42281065022814,0.35625330476006306,48.99283712301461
2024-10-01,80,198.11100507371611,981.4111434534746,344.226190621568,0.3591863233142157,51.10088308057195
2024-10-15,66,198.05177257210337,942.1282770315964,336.3174793586917,0.36094887541230053,52.71388053872198
2024-11-01,62,196.94684551939955,921.3424881526973,334.54286565242546,0.36370661081496125,55.134723571461244
2024-11-15,52,194.97194958060706,877.8777235420706,328.17215374281847,0.36419493784991097,55.61466983218797
2024-12-01,38,191.10676546110102,805.9086097876803,317.7207740775992,0.36381107467078566,55.145669998725396
2024-12-15,30,192.46529520906034,790.1676158710992,309.9540672299441,0.36363836050871773,55.07326142014981
2025-01-01,24,182.69860075305425,685.7069382523056,303.06008116345987,0.3635711936194818,55.01420172200354
2025-01-15,18,186.21545608459851,672.1159119295814,274.9934385413106,0.36204187136204846,53.53424102190238
2025-02-01,14,196.31837728822757,713.4333478875194,249.52938997464187,0.3620128285668014,53.85768386481685
2025-02-15,12,191.66076428627647,665.0897530923572,244.10792318243844,0.36250671382810035,54.39935093171217
2025-03-01,12,187.66186198762296,633.8985743992973,247.9193267304544,0.36333756458288224,54.95370820833745
2025-03-15,12,174.51163429391985,538.5098776212699,256.8114660387249,0.36355296790294706,54.9829900007804
2025-04-01,8,168.77228646361874,478.4468174310156,259.22877254081374,0.36273925662606593,53.91630859669005
2025-04-15,6,153.88127904156622,370.2420741976282,265.6532889013261,0.36260639010975065,53.264176201344604
2025-05-01,4,137.17531357477895,247.00868194549088,268.56815254463874,0.3624092097070517,52.92056916280961
